"MTU (CET/CEST)","Generation - Solar [MW] Day Ahead/ BZN|FR","Generation - Solar [MW] Intraday / BZN|FR","Generation - Solar [MW] Current / BZN|FR","Generation - Wind Offshore [MW] Day Ahead/ BZN|FR","Generation - Wind Offshore [MW] Intraday / BZN|FR","Generation - Wind Offshore [MW] Current / BZN|FR","Generation - Wind Onshore [MW] Day Ahead/ BZN|FR","Generation - Wind Onshore [MW] Intraday / BZN|FR","Generation - Wind Onshore [MW] Current / BZN|FR"
"01.01.2025 00:00 - 01.01.2025 01:00","0","0","0","1300","1300","1300","9873","10063","11363"
"01.01.2025 01:00 - 01.01.2025 02:00","0","0","0","1320","1320","1320","9974","10226","11545"
"01.01.2025 02:00 - 01.01.2025 03:00","0","0","0","1349","1349","1349","10167","10523","11873"
"01.01.2025 03:00 - 01.01.2025 04:00","0","0","0","1374","1374","1374","10356","10823","12197"
"01.01.2025 04:00 - 01.01.2025 05:00","0","0","0","1390","1390","1390","10551","11131","12521"
"01.01.2025 05:00 - 01.01.2025 06:00","0","0","0","1395","1395","1395","10887","11498","12893"
"01.01.2025 06:00 - 01.01.2025 07:00","0","0","0","1396","1396","1396","11228","11868","13264"
"01.01.2025 07:00 - 01.01.2025 08:00","0","0","0","1393","1398","1398","11572","11993","12237"
"01.01.2025 08:00 - 01.01.2025 09:00","0","0","0","1385","1389","1389","12370","12859","12862"
"01.01.2025 09:00 - 01.01.2025 10:00","451","418","418","1378","1384","1384","13166","13644","13482"
"01.01.2025 10:00 - 01.01.2025 11:00","2766","2705","2813","1371","1378","1378","13961","14372","13962"
"01.01.2025 11:00 - 01.01.2025 12:00","5484","5361","5610","1370","1373","1373","14304","14796","14536"
"01.01.2025 12:00 - 01.01.2025 13:00","7123","7056","7253","1365","1372","1372","14650","15198","15031"
"01.01.2025 13:00 - 01.01.2025 14:00","7484","7288","7594","1357","1366","1366","14998","15592","15468"
"01.01.2025 14:00 - 01.01.2025 15:00","6649","6397","6553","1351","1359","1359","15274","15722","15635"
"01.01.2025 15:00 - 01.01.2025 16:00","4654","4401","4404","1345","1356","1356","15550","15846","15781"
"01.01.2025 16:00 - 01.01.2025 17:00","1801","1688","1689","1344","1355","1355","15821","15960","15910"
"01.01.2025 17:00 - 01.01.2025 18:00","97","87","87","1342","1356","1356","16036","16191","16156"
"01.01.2025 18:00 - 01.01.2025 19:00","0","0","0","1323","1345","1345","16272","16432","16418"
"01.01.2025 19:00 - 01.01.2025 20:00","0","0","0","1279","1278","1278","16535","16731","16699"
"01.01.2025 20:00 - 01.01.2025 21:00","0","0","0","1182","1119","1119","16007","16433","16340"
"01.01.2025 21:00 - 01.01.2025 22:00","0","0","0","1103","1069","1069","15459","16024","15962"
"01.01.2025 22:00 - 01.01.2025 23:00","0","0","0","956","969","969","14981","15663","15654"
"01.01.2025 23:00 - 02.01.2025 00:00","0","0","0","807","785","785","14099","14587","14547"
"02.01.2025 00:00 - 02.01.2025 01:00","0","0","0","705","705","705","12769","13102","13807"
"02.01.2025 01:00 - 02.01.2025 02:00","0","0","0","660","660","660","11669","12044","12704"
"02.01.2025 02:00 - 02.01.2025 03:00","0","0","0","583","583","583","11367","11655","12238"
"02.01.2025 03:00 - 02.01.2025 04:00","0","0","0","556","556","556","11011","11215","11771"
"02.01.2025 04:00 - 02.01.2025 05:00","0","0","0","579","579","579","10607","10728","11307"
"02.01.2025 05:00 - 02.01.2025 06:00","0","0","0","610","610","610","9813","9843","10453"
"02.01.2025 06:00 - 02.01.2025 07:00","0","0","0","580","580","580","9082","9015","9594"
"02.01.2025 07:00 - 02.01.2025 08:00","0","0","0","493","508","508","8409","7915","8229"
"02.01.2025 08:00 - 02.01.2025 09:00","0","0","0","361","366","366","7626","7300","7428"
"02.01.2025 09:00 - 02.01.2025 10:00","333","268","268","276","296","296","6797","6584","6559"
"02.01.2025 10:00 - 02.01.2025 11:00","1689","1551","1802","223","272","272","5940","5799","5535"
"02.01.2025 11:00 - 02.01.2025 12:00","3132","2810","3486","217","232","232","5300","5281","5057"
"02.01.2025 12:00 - 02.01.2025 13:00","3976","3614","4150","220","225","225","4653","4727","4551"
"02.01.2025 13:00 - 02.01.2025 14:00","4215","3825","4167","232","232","232","3998","4156","4030"
"02.01.2025 14:00 - 02.01.2025 15:00","3746","3476","3650","245","289","289","3617","3715","3650"
"02.01.2025 15:00 - 02.01.2025 16:00","2667","2471","2474","283","312","312","3214","3310","3243"
"02.01.2025 16:00 - 02.01.2025 17:00","1052","975","976","318","345","345","2814","2894","2841"
"02.01.2025 17:00 - 02.01.2025 18:00","51","45","45","341","350","350","2922","3120","3053"
"02.01.2025 18:00 - 02.01.2025 19:00","0","0","0","387","371","371","3012","3331","3249"
"02.01.2025 19:00 - 02.01.2025 20:00","0","0","0","407","364","364","3132","3572","3467"
"02.01.2025 20:00 - 02.01.2025 21:00","0","0","0","420","344","344","3062","3630","3492"
"02.01.2025 21:00 - 02.01.2025 22:00","0","0","0","413","330","330","3015","3680","3537"
"02.01.2025 22:00 - 02.01.2025 23:00","0","0","0","394","317","317","2980","3730","3600"
"02.01.2025 23:00 - 03.01.2025 00:00","0","0","0","362","305","305","3029","3508","3403"
"03.01.2025 00:00 - 03.01.2025 01:00","0","0","0","195","195","195","3152","2986","3181"
"03.01.2025 01:00 - 03.01.2025 02:00","0","0","0","202","202","202","2914","2808","3009"
"03.01.2025 02:00 - 03.01.2025 03:00","0","0","0","193","193","193","2740","2755","2948"
"03.01.2025 03:00 - 03.01.2025 04:00","0","0","0","209","209","209","2537","2679","2887"
"03.01.2025 04:00 - 03.01.2025 05:00","0","0","0","233","233","233","2328","2598","2831"
"03.01.2025 05:00 - 03.01.2025 06:00","0","0","0","270","270","270","2292","2501","2771"
"03.01.2025 06:00 - 03.01.2025 07:00","0","0","0","311","311","311","2253","2399","2710"
"03.01.2025 07:00 - 03.01.2025 08:00","0","0","0","343","350","350","2224","2092","2300"
"03.01.2025 08:00 - 03.01.2025 09:00","0","0","0","368","373","373","2222","2278","2357"
"03.01.2025 09:00 - 03.01.2025 10:00","255","285","285","378","378","378","2236","2472","2433"
"03.01.2025 10:00 - 03.01.2025 11:00","1621","1733","2071","378","381","381","2260","2662","2657"
"03.01.2025 11:00 - 03.01.2025 12:00","3260","3544","4014","364","384","384","2193","2526","2543"
"03.01.2025 12:00 - 03.01.2025 13:00","4522","4712","5199","352","375","375","2126","2401","2418"
"03.01.2025 13:00 - 03.01.2025 14:00","4625","4979","5521","338","366","366","2062","2275","2291"
"03.01.2025 14:00 - 03.01.2025 15:00","4578","4654","4841","329","354","354","2222","2455","2471"
"03.01.2025 15:00 - 03.01.2025 16:00","3327","3230","3232","333","347","347","2371","2632","2638"
"03.01.2025 16:00 - 03.01.2025 17:00","1327","1195","1195","362","361","361","2494","2786","2779"
"03.01.2025 17:00 - 03.01.2025 18:00","52","49","49","420","392","392","2531","2960","2925"
"03.01.2025 18:00 - 03.01.2025 19:00","0","0","0","475","440","440","2573","3116","3076"
"03.01.2025 19:00 - 03.01.2025 20:00","0","0","0","520","484","484","2626","3276","3235"
"03.01.2025 20:00 - 03.01.2025 21:00","0","0","0","551","502","502","2879","3383","3328"
"03.01.2025 21:00 - 03.01.2025 22:00","0","0","0","575","520","520","3140","3491","3428"
"03.01.2025 22:00 - 03.01.2025 23:00","0","0","0","613","550","550","3388","3585","3515"
"03.01.2025 23:00 - 04.01.2025 00:00","0","0","0","632","581","581","3076","3343","3286"
"04.01.2025 00:00 - 04.01.2025 01:00","0","0","0","519","519","519","3144","3078","3597"
"04.01.2025 01:00 - 04.01.2025 02:00","0","0","0","526","526","526","3035","3002","3528"
"04.01.2025 02:00 - 04.01.2025 03:00","0","0","0","500","500","500","3033","2920","3420"
"04.01.2025 03:00 - 04.01.2025 04:00","0","0","0","470","470","470","3036","2842","3312"
"04.01.2025 04:00 - 04.01.2025 05:00","0","0","0","472","472","472","3013","2742","3214"
"04.01.2025 05:00 - 04.01.2025 06:00","0","0","0","472","472","472","3107","2945","3416"
"04.01.2025 06:00 - 04.01.2025 07:00","0","0","0","489","489","489","3187","3138","3627"
"04.01.2025 07:00 - 04.01.2025 08:00","0","0","0","525","582","582","3250","2943","3257"
"04.01.2025 08:00 - 04.01.2025 09:00","0","0","0","536","615","615","3304","3001","3218"
"04.01.2025 09:00 - 04.01.2025 10:00","315","372","372","547","673","673","3357","3053","3156"
"04.01.2025 10:00 - 04.01.2025 11:00","1498","1831","2165","614","671","671","3355","3180","3459"
"04.01.2025 11:00 - 04.01.2025 12:00","2721","3117","3719","625","618","618","3395","3448","3594"
"04.01.2025 12:00 - 04.01.2025 13:00","3324","3255","4117","626","651","651","3445","3638","3773"
"04.01.2025 13:00 - 04.01.2025 14:00","3105","3192","3762","669","720","720","3454","3794","3936"
"04.01.2025 14:00 - 04.01.2025 15:00","2853","2906","3142","641","788","788","3873","4634","4852"
"04.01.2025 15:00 - 04.01.2025 16:00","2026","2051","2051","697","839","839","4209","5491","5694"
"04.01.2025 16:00 - 04.01.2025 17:00","811","773","773","831","957","957","4467","6283","6462"
"04.01.2025 17:00 - 04.01.2025 18:00","50","45","45","1020","1112","1112","5104","6689","6828"
"04.01.2025 18:00 - 04.01.2025 19:00","0","0","0","1128","1082","1082","5823","7281","7274"
"04.01.2025 19:00 - 04.01.2025 20:00","0","0","0","1083","1173","1173","6695","7752","7875"
"04.01.2025 20:00 - 04.01.2025 21:00","0","0","0","1207","1268","1268","7485","8401","8494"
"04.01.2025 21:00 - 04.01.2025 22:00","0","0","0","1319","1358","1358","8288","9055","9126"
"04.01.2025 22:00 - 04.01.2025 23:00","0","0","0","1351","1384","1384","9172","9774","9838"
"04.01.2025 23:00 - 05.01.2025 00:00","0","0","0","1365","1388","1388","10104","10673","10725"
"05.01.2025 00:00 - 05.01.2025 01:00","0","0","0","1375","1375","1375","11419","12580","13955"
"05.01.2025 01:00 - 05.01.2025 02:00","0","0","0","1362","1362","1362","12354","13248","14610"
"05.01.2025 02:00 - 05.01.2025 03:00","0","0","0","1376","1376","1376","13105","13852","15228"
"05.01.2025 03:00 - 05.01.2025 04:00","0","0","0","1405","1405","1405","13834","14439","15844"
"05.01.2025 04:00 - 05.01.2025 05:00","0","0","0","1420","1420","1420","14576","15039","16459"
"05.01.2025 05:00 - 05.01.2025 06:00","0","0","0","1422","1422","1422","15273","15923","17345"
"05.01.2025 06:00 - 05.01.2025 07:00","0","0","0","1422","1422","1422","15972","16805","18227"
"05.01.2025 07:00 - 05.01.2025 08:00","0","0","0","1421","1421","1421","16671","15775","17687"
"05.01.2025 08:00 - 05.01.2025 09:00","0","0","0","1418","1418","1418","16972","16454","17858"
"05.01.2025 09:00 - 05.01.2025 10:00","221","244","244","1414","1414","1414","17273","16915","18033"
"05.01.2025 10:00 - 05.01.2025 11:00","1142","1285","1744","1405","1406","1406","17579","17198","16927"
"05.01.2025 11:00 - 05.01.2025 12:00","2443","2512","3212","1399","1399","1399","17699","17649","17545"
"05.01.2025 12:00 - 05.01.2025 13:00","3357","3092","3976","1399","1397","1397","17813","18035","18021"
"05.01.2025 13:00 - 05.01.2025 14:00","3587","3276","3906","1402","1399","1399","17924","18382","18392"
"05.01.2025 14:00 - 05.01.2025 15:00","3497","3238","3474","1406","1404","1404","17708","18098","18157"
"05.01.2025 15:00 - 05.01.2025 16:00","2624","2468","2467","1410","1409","1409","17492","17820","17889"
"05.01.2025 16:00 - 05.01.2025 17:00","1120","1075","1075","1415","1413","1413","17274","17526","17594"
"05.01.2025 17:00 - 05.01.2025 18:00","67","63","63","1419","1418","1418","17212","17346","17421"
"05.01.2025 18:00 - 05.01.2025 19:00","0","0","0","1423","1424","1424","17151","17158","17253"
"05.01.2025 19:00 - 05.01.2025 20:00","0","0","0","1430","1429","1429","17088","16971","17073"
"05.01.2025 20:00 - 05.01.2025 21:00","0","0","0","1434","1431","1431","17171","16976","17068"
"05.01.2025 21:00 - 05.01.2025 22:00","0","0","0","1433","1429","1429","17259","16979","17065"
"05.01.2025 22:00 - 05.01.2025 23:00","0","0","0","1431","1429","1429","17348","16972","17062"
"05.01.2025 23:00 - 06.01.2025 00:00","0","0","0","1430","1430","1430","17333","17102","17201"
"06.01.2025 00:00 - 06.01.2025 01:00","0","0","0","1436","1436","1436","17425","17973","19409"
"06.01.2025 01:00 - 06.01.2025 02:00","0","0","0","1436","1436","1436","17538","18307","19742"
"06.01.2025 02:00 - 06.01.2025 03:00","0","0","0","1435","1435","1435","17840","18399","19834"
"06.01.2025 03:00 - 06.01.2025 04:00","0","0","0","1433","1433","1433","18130","18487","19920"
"06.01.2025 04:00 - 06.01.2025 05:00","0","0","0","1430","1430","1430","18419","18578","20008"
"06.01.2025 05:00 - 06.01.2025 06:00","0","0","0","1425","1425","1425","18502","18706","20131"
"06.01.2025 06:00 - 06.01.2025 07:00","0","0","0","1414","1414","1414","18594","18830","20244"
"06.01.2025 07:00 - 06.01.2025 08:00","0","0","0","1400","1394","1394","18686","18027","18957"
"06.01.2025 08:00 - 06.01.2025 09:00","0","0","0","1377","1377","1377","18781","18411","19008"
"06.01.2025 09:00 - 06.01.2025 10:00","218","230","230","1372","1378","1378","18856","18630","19041"
"06.01.2025 10:00 - 06.01.2025 11:00","1121","1334","1677","1377","1391","1391","18921","18725","17999"
"06.01.2025 11:00 - 06.01.2025 12:00","2070","2564","2969","1380","1389","1389","18820","18671","18206"
"06.01.2025 12:00 - 06.01.2025 13:00","2604","2730","3558","1386","1383","1383","18716","18588","18264"
"06.01.2025 13:00 - 06.01.2025 14:00","2678","2681","3526","1381","1385","1385","18624","18467","18225"
"06.01.2025 14:00 - 06.01.2025 15:00","2609","2578","2879","1378","1388","1388","18130","18042","17876"
"06.01.2025 15:00 - 06.01.2025 16:00","2093","1943","1943","1375","1380","1380","17636","17623","17491"
"06.01.2025 16:00 - 06.01.2025 17:00","840","757","756","1367","1370","1370","17145","17195","17084"
"06.01.2025 17:00 - 06.01.2025 18:00","69","60","60","1358","1358","1358","16235","16225","16131"
"06.01.2025 18:00 - 06.01.2025 19:00","0","0","0","1336","1352","1352","15341","15244","15193"
"06.01.2025 19:00 - 06.01.2025 20:00","0","0","0","1332","1364","1364","14433","14247","14228"
"06.01.2025 20:00 - 06.01.2025 21:00","0","0","0","1356","1373","1373","14548","14567","14535"
"06.01.2025 21:00 - 06.01.2025 22:00","0","0","0","1364","1373","1373","14679","14890","14852"
"06.01.2025 22:00 - 06.01.2025 23:00","0","0","0","1361","1380","1380","14822","15203","15183"
"06.01.2025 23:00 - 07.01.2025 00:00","0","0","0","1362","1383","1383","14828","15196","15187"
"07.01.2025 00:00 - 07.01.2025 01:00","0","0","0","1368","1368","1368","15275","15501","16869"
"07.01.2025 01:00 - 07.01.2025 02:00","0","0","0","1372","1372","1372","15257","15509","16880"
"07.01.2025 02:00 - 07.01.2025 03:00","0","0","0","1354","1354","1354","15105","15244","16598"
"07.01.2025 03:00 - 07.01.2025 04:00","0","0","0","1349","1349","1349","14932","14967","16316"
"07.01.2025 04:00 - 07.01.2025 05:00","0","0","0","1369","1369","1369","14731","14665","16034"
"07.01.2025 05:00 - 07.01.2025 06:00","0","0","0","1354","1354","1354","14221","14140","15493"
"07.01.2025 06:00 - 07.01.2025 07:00","0","0","0","1318","1318","1318","13734","13634","14951"
"07.01.2025 07:00 - 07.01.2025 08:00","0","0","0","1294","1272","1272","13231","12464","13137"
"07.01.2025 08:00 - 07.01.2025 09:00","0","0","0","1241","1247","1247","13370","12477","13142"
"07.01.2025 09:00 - 07.01.2025 10:00","474","519","519","1186","1187","1187","13509","12466","13186"
"07.01.2025 10:00 - 07.01.2025 11:00","2487","2813","2954","1046","1145","1145","13734","12389","12083"
"07.01.2025 11:00 - 07.01.2025 12:00","4529","4876","5198","988","1085","1085","13875","12928","12759"
"07.01.2025 12:00 - 07.01.2025 13:00","5343","5561","6107","924","958","958","14019","13516","13362"
"07.01.2025 13:00 - 07.01.2025 14:00","4957","4947","5694","901","876","876","14124","14060","13884"
"07.01.2025 14:00 - 07.01.2025 15:00","4386","4249","4437","828","802","802","13260","13372","13239"
"07.01.2025 15:00 - 07.01.2025 16:00","2995","2983","2984","713","757","757","12440","12668","12631"
"07.01.2025 16:00 - 07.01.2025 17:00","1163","1120","1120","606","675","675","11614","11999","12005"
"07.01.2025 17:00 - 07.01.2025 18:00","61","60","60","543","589","589","10643","11158","11148"
"07.01.2025 18:00 - 07.01.2025 19:00","0","0","0","464","506","506","9694","10313","10308"
"07.01.2025 19:00 - 07.01.2025 20:00","0","0","0","446","456","456","8690","9438","9409"
"07.01.2025 20:00 - 07.01.2025 21:00","0","0","0","434","401","401","8494","9079","9009"
"07.01.2025 21:00 - 07.01.2025 22:00","0","0","0","411","363","363","8315","8704","8620"
"07.01.2025 22:00 - 07.01.2025 23:00","0","0","0","384","338","338","8141","8317","8239"
"07.01.2025 23:00 - 08.01.2025 00:00","0","0","0","335","303","303","7661","7737","7679"
"08.01.2025 00:00 - 08.01.2025 01:00","0","0","0","260","260","260","6945","6816","7076"
"08.01.2025 01:00 - 08.01.2025 02:00","0","0","0","230","230","230","6452","6181","6410"
"08.01.2025 02:00 - 08.01.2025 03:00","0","0","0","218","218","218","5948","5723","5940"
"08.01.2025 03:00 - 08.01.2025 04:00","0","0","0","222","222","222","5424","5248","5470"
"08.01.2025 04:00 - 08.01.2025 05:00","0","0","0","238","238","238","4894","4765","5003"
"08.01.2025 05:00 - 08.01.2025 06:00","0","0","0","259","259","259","4564","4425","4684"
"08.01.2025 06:00 - 08.01.2025 07:00","0","0","0","282","282","282","4238","4085","4367"
"08.01.2025 07:00 - 08.01.2025 08:00","0","0","0","372","577","577","3858","3403","3486"
"08.01.2025 08:00 - 08.01.2025 09:00","0","0","0","636","772","772","4174","4320","4083"
"08.01.2025 09:00 - 08.01.2025 10:00","370","397","397","880","889","889","4520","5326","4770"
"08.01.2025 10:00 - 08.01.2025 11:00","2019","2119","2297","948","947","947","5049","6381","5764"
"08.01.2025 11:00 - 08.01.2025 12:00","3565","3827","4110","986","929","929","5656","7478","7013"
"08.01.2025 12:00 - 08.01.2025 13:00","4459","4693","4954","1037","741","741","6268","8750","8143"
"08.01.2025 13:00 - 08.01.2025 14:00","4453","4803","5014","1097","668","668","6875","9902","9210"
"08.01.2025 14:00 - 08.01.2025 15:00","4100","4118","4073","1145","747","747","7296","11125","10515"
"08.01.2025 15:00 - 08.01.2025 16:00","2751","2714","2714","901","1161","1161","8013","12009","12095"
"08.01.2025 16:00 - 08.01.2025 17:00","1046","987","987","872","1330","1330","8515","13136","13444"
"08.01.2025 17:00 - 08.01.2025 18:00","62","58","58","956","1342","1342","9084","13126","13380"
"08.01.2025 18:00 - 08.01.2025 19:00","0","0","0","984","1316","1316","9712","13154","13369"
"08.01.2025 19:00 - 08.01.2025 20:00","0","0","0","1110","1291","1291","10246","13180","13255"
"08.01.2025 20:00 - 08.01.2025 21:00","0","0","0","1196","1258","1258","9908","13100","13060"
"08.01.2025 21:00 - 08.01.2025 22:00","0","0","0","1175","1159","1159","9680","13087","12973"
"08.01.2025 22:00 - 08.01.2025 23:00","0","0","0","1147","957","957","9459","13176","12893"
"08.01.2025 23:00 - 09.01.2025 00:00","0","0","0","1083","801","801","8591","13101","12734"
"09.01.2025 00:00 - 09.01.2025 01:00","0","0","0","669","669","669","12631","12687","13356"
"09.01.2025 01:00 - 09.01.2025 02:00","0","0","0","724","724","724","12598","12643","13367"
"09.01.2025 02:00 - 09.01.2025 03:00","0","0","0","773","773","773","12527","12623","13395"
"09.01.2025 03:00 - 09.01.2025 04:00","0","0","0","1142","1142","1142","12131","12287","13429"
"09.01.2025 04:00 - 09.01.2025 05:00","0","0","0","1265","1265","1265","11985","12203","13468"
"09.01.2025 05:00 - 09.01.2025 06:00","0","0","0","1293","1293","1293","12191","12555","13848"
"09.01.2025 06:00 - 09.01.2025 07:00","0","0","0","1304","1304","1304","12420","12920","14224"
"09.01.2025 07:00 - 09.01.2025 08:00","0","0","0","1322","1338","1338","12640","12762","13262"
"09.01.2025 08:00 - 09.01.2025 09:00","0","0","0","1301","1328","1328","13166","13708","13743"
"09.01.2025 09:00 - 09.01.2025 10:00","337","385","385","1203","1247","1247","13770","14547","14297"
"09.01.2025 10:00 - 09.01.2025 11:00","1728","1899","2381","1130","1126","1126","14347","15310","14803"
"09.01.2025 11:00 - 09.01.2025 12:00","3049","3017","4176","996","988","988","13946","14262","14015"
"09.01.2025 12:00 - 09.01.2025 13:00","3963","3356","4655","921","888","888","13484","13148","12990"
"09.01.2025 13:00 - 09.01.2025 14:00","3799","3340","4347","810","775","775","13058","12021","11911"
"09.01.2025 14:00 - 09.01.2025 15:00","3564","3212","3599","732","743","743","11828","11029","11009"
"09.01.2025 15:00 - 09.01.2025 16:00","2503","2471","2472","686","682","682","10564","10070","10055"
"09.01.2025 16:00 - 09.01.2025 17:00","1074","1032","1033","630","686","686","9310","9036","9098"
"09.01.2025 17:00 - 09.01.2025 18:00","86","90","90","575","657","657","8434","8212","8309"
"09.01.2025 18:00 - 09.01.2025 19:00","0","0","0","511","601","601","7571","7412","7536"
"09.01.2025 19:00 - 09.01.2025 20:00","0","0","0","436","549","549","6726","6618","6773"
"09.01.2025 20:00 - 09.01.2025 21:00","0","0","0","344","491","491","6660","6517","6702"
"09.01.2025 21:00 - 09.01.2025 22:00","0","0","0","304","372","372","6543","6475","6578"
"09.01.2025 22:00 - 09.01.2025 23:00","0","0","0","260","244","244","6433","6438","6462"
"09.01.2025 23:00 - 10.01.2025 00:00","0","0","0","245","169","169","5991","5977","5946"
"10.01.2025 00:00 - 10.01.2025 01:00","0","0","0","175","175","175","5339","5066","5241"
"10.01.2025 01:00 - 10.01.2025 02:00","0","0","0","195","195","195","4774","4563","4758"
"10.01.2025 02:00 - 10.01.2025 03:00","0","0","0","295","295","295","4350","4142","4436"
"10.01.2025 03:00 - 10.01.2025 04:00","0","0","0","465","465","465","3848","3646","4110"
"10.01.2025 04:00 - 10.01.2025 05:00","0","0","0","662","662","662","3325","3124","3786"
"10.01.2025 05:00 - 10.01.2025 06:00","0","0","0","806","806","806","3099","3023","3829"
"10.01.2025 06:00 - 10.01.2025 07:00","0","0","0","875","875","875","2958","2998","3873"
"10.01.2025 07:00 - 10.01.2025 08:00","0","0","0","852","784","784","2914","3289","3138"
"10.01.2025 08:00 - 10.01.2025 09:00","0","0","0","796","675","675","3396","3667","3877"
"10.01.2025 09:00 - 10.01.2025 10:00","398","461","461","748","617","617","3873","3941","4569"
"10.01.2025 10:00 - 10.01.2025 11:00","1813","2165","2310","717","615","615","4336","4119","4003"
"10.01.2025 11:00 - 10.01.2025 12:00","3134","3365","3745","699","603","603","4369","4163","4094"
"10.01.2025 12:00 - 10.01.2025 13:00","3683","3866","4129","673","538","538","4414","4248","4149"
"10.01.2025 13:00 - 10.01.2025 14:00","3697","3385","3852","599","487","487","4518","4321","4257"
"10.01.2025 14:00 - 10.01.2025 15:00","3308","3066","3209","430","430","430","4200","3799","3845"
"10.01.2025 15:00 - 10.01.2025 16:00","2236","2134","2136","310","333","333","3837","3323","3390"
"10.01.2025 16:00 - 10.01.2025 17:00","907","831","832","307","296","296","3371","2787","2822"
"10.01.2025 17:00 - 10.01.2025 18:00","61","56","56","419","373","373","2963","2627","2627"
"10.01.2025 18:00 - 10.01.2025 19:00","0","0","0","413","426","426","2688","2493","2553"
"10.01.2025 19:00 - 10.01.2025 20:00","0","0","0","355","374","374","2471","2468","2534"
"10.01.2025 20:00 - 10.01.2025 21:00","0","0","0","270","322","322","2742","2560","2652"
"10.01.2025 21:00 - 10.01.2025 22:00","0","0","0","224","274","274","2977","2651","2736"
"10.01.2025 22:00 - 10.01.2025 23:00","0","0","0","208","217","217","3184","2748","2795"
"10.01.2025 23:00 - 11.01.2025 00:00","0","0","0","204","189","189","3189","2562","2584"
"11.01.2025 00:00 - 11.01.2025 01:00","0","0","0","85","85","85","2627","2489","2573"
"11.01.2025 01:00 - 11.01.2025 02:00","0","0","0","74","74","74","2418","2262","2336"
"11.01.2025 02:00 - 11.01.2025 03:00","0","0","0","76","76","76","2452","2247","2323"
"11.01.2025 03:00 - 11.01.2025 04:00","0","0","0","73","73","73","2491","2239","2312"
"11.01.2025 04:00 - 11.01.2025 05:00","0","0","0","77","77","77","2523","2225","2302"
"11.01.2025 05:00 - 11.01.2025 06:00","0","0","0","112","112","112","2648","2422","2533"
"11.01.2025 06:00 - 11.01.2025 07:00","0","0","0","120","120","120","2799","2646","2766"
"11.01.2025 07:00 - 11.01.2025 08:00","0","0","0","134","94","94","2943","2204","2905"
"11.01.2025 08:00 - 11.01.2025 09:00","0","0","0","104","145","145","3075","2306","2924"
"11.01.2025 09:00 - 11.01.2025 10:00","375","362","362","117","132","132","3163","2463","3006"
"11.01.2025 10:00 - 11.01.2025 11:00","1860","1978","2192","148","163","163","3233","2570","2394"
"11.01.2025 11:00 - 11.01.2025 12:00","3767","3915","4313","161","125","125","3271","2714","2548"
"11.01.2025 12:00 - 11.01.2025 13:00","4980","5316","5745","119","86","86","3363","2860","2728"
"11.01.2025 13:00 - 11.01.2025 14:00","5467","5685","6059","81","68","68","3452","2984","2890"
"11.01.2025 14:00 - 11.01.2025 15:00","5325","5753","5822","61","78","78","3645","3154","3106"
"11.01.2025 15:00 - 11.01.2025 16:00","4078","4226","4224","65","53","53","3815","3360","3295"
"11.01.2025 16:00 - 11.01.2025 17:00","1744","1760","1759","91","37","37","3963","3555","3455"
"11.01.2025 17:00 - 11.01.2025 18:00","147","133","133","77","63","63","3929","3550","3496"
"11.01.2025 18:00 - 11.01.2025 19:00","0","0","0","77","46","46","3881","3589","3524"
"11.01.2025 19:00 - 11.01.2025 20:00","0","0","0","92","37","37","3818","3620","3535"
"11.01.2025 20:00 - 11.01.2025 21:00","0","0","0","105","48","48","3890","3726","3640"
"11.01.2025 21:00 - 11.01.2025 22:00","0","0","0","118","54","54","3964","3837","3746"
"11.01.2025 22:00 - 11.01.2025 23:00","0","0","0","162","57","57","4006","3950","3821"
"11.01.2025 23:00 - 12.01.2025 00:00","0","0","0","195","69","69","4093","4001","3855"
"12.01.2025 00:00 - 12.01.2025 01:00","0","0","0","86","86","86","3724","3427","3513"
"12.01.2025 01:00 - 12.01.2025 02:00","0","0","0","106","106","106","3782","3465","3571"
"12.01.2025 02:00 - 12.01.2025 03:00","0","0","0","145","145","145","3713","3486","3631"
"12.01.2025 03:00 - 12.01.2025 04:00","0","0","0","184","184","184","3640","3504","3688"
"12.01.2025 04:00 - 12.01.2025 05:00","0","0","0","173","173","173","3614","3571","3744"
"12.01.2025 05:00 - 12.01.2025 06:00","0","0","0","159","159","159","3543","3512","3671"
"12.01.2025 06:00 - 12.01.2025 07:00","0","0","0","139","139","139","3478","3456","3595"
"12.01.2025 07:00 - 12.01.2025 08:00","0","0","0","108","116","116","3423","3376","3402"
"12.01.2025 08:00 - 12.01.2025 09:00","0","0","0","105","110","110","3591","3463","3435"
"12.01.2025 09:00 - 12.01.2025 10:00","709","707","707","126","139","139","3733","3462","3434"
"12.01.2025 10:00 - 12.01.2025 11:00","3719","3732","3609","147","184","184","3876","3419","3295"
"12.01.2025 11:00 - 12.01.2025 12:00","6913","7053","6923","155","200","200","3721","3300","3243"
"12.01.2025 12:00 - 12.01.2025 13:00","8830","9174","8929","141","174","174","3588","3215","3176"
"12.01.2025 13:00 - 12.01.2025 14:00","9148","9601","9585","120","150","150","3462","3122","3095"
"12.01.2025 14:00 - 12.01.2025 15:00","8434","8814","8805","92","113","113","3762","3441","3420"
"12.01.2025 15:00 - 12.01.2025 16:00","6190","6345","6348","71","78","78","4056","3766","3736"
"12.01.2025 16:00 - 12.01.2025 17:00","2648","2718","2719","78","66","66","4322","4063","4019"
"12.01.2025 17:00 - 12.01.2025 18:00","219","225","226","87","77","77","4870","4284","4249"
"12.01.2025 18:00 - 12.01.2025 19:00","0","0","0","79","96","96","5438","4498","4500"
"12.01.2025 19:00 - 12.01.2025 20:00","0","0","0","96","116","116","5981","4712","4724"
"12.01.2025 20:00 - 12.01.2025 21:00","0","0","0","149","150","150","6154","5137","5134"
"12.01.2025 21:00 - 12.01.2025 22:00","0","0","0","216","227","227","6314","5524","5533"
"12.01.2025 22:00 - 12.01.2025 23:00","0","0","0","237","272","272","6519","5941","5977"
"12.01.2025 23:00 - 13.01.2025 00:00","0","0","0","225","253","253","6451","5938","5972"
"13.01.2025 00:00 - 13.01.2025 01:00","0","0","0","267","267","267","5954","5727","5994"
"13.01.2025 01:00 - 13.01.2025 02:00","0","0","0","235","235","235","5951","5710","5945"
"13.01.2025 02:00 - 13.01.2025 03:00","0","0","0","226","226","226","5862","5535","5760"
"13.01.2025 03:00 - 13.01.2025 04:00","0","0","0","184","184","184","5805","5391","5575"
"13.01.2025 04:00 - 13.01.2025 05:00","0","0","0","174","174","174","5717","5215","5389"
"13.01.2025 05:00 - 13.01.2025 06:00","0","0","0","183","183","183","5594","4985","5169"
"13.01.2025 06:00 - 13.01.2025 07:00","0","0","0","185","185","185","5478","4765","4950"
"13.01.2025 07:00 - 13.01.2025 08:00","0","0","0","186","194","194","5362","4767","4537"
"13.01.2025 08:00 - 13.01.2025 09:00","0","0","0","180","210","210","5290","4793","4502"
"13.01.2025 09:00 - 13.01.2025 10:00","810","829","829","172","250","250","5219","4784","4441"
"13.01.2025 10:00 - 13.01.2025 11:00","4192","4357","4387","179","247","247","5134","4811","4903"
"13.01.2025 11:00 - 13.01.2025 12:00","7925","8191","8255","162","212","212","4715","4533","4600"
"13.01.2025 12:00 - 13.01.2025 13:00","10156","10488","10553","148","187","187","4294","4243","4292"
"13.01.2025 13:00 - 13.01.2025 14:00","10640","10960","11024","126","138","138","3880","3976","3996"
"13.01.2025 14:00 - 13.01.2025 15:00","9572","9722","9749","104","105","105","3859","3899","3902"
"13.01.2025 15:00 - 13.01.2025 16:00","6666","6806","6811","96","71","71","3824","3823","3800"
"13.01.2025 16:00 - 13.01.2025 17:00","2838","2877","2878","77","73","73","3800","3711","3714"
"13.01.2025 17:00 - 13.01.2025 18:00","241","245","245","63","103","103","4115","3856","3902"
"13.01.2025 18:00 - 13.01.2025 19:00","0","0","0","78","98","98","4401","4037","4063"
"13.01.2025 19:00 - 13.01.2025 20:00","0","0","0","102","115","115","4679","4196","4215"
"13.01.2025 20:00 - 13.01.2025 21:00","0","0","0","131","135","135","4469","4092","4100"
"13.01.2025 21:00 - 13.01.2025 22:00","0","0","0","116","154","154","4303","3990","4031"
"13.01.2025 22:00 - 13.01.2025 23:00","0","0","0","107","150","150","4131","3916","3962"
"13.01.2025 23:00 - 14.01.2025 00:00","0","0","0","98","132","132","3712","3469","3506"
"14.01.2025 00:00 - 14.01.2025 01:00","0","0","0","122","122","122","3126","3410","3531"
"14.01.2025 01:00 - 14.01.2025 02:00","0","0","0","136","136","136","2906","3333","3469"
"14.01.2025 02:00 - 14.01.2025 03:00","0","0","0","141","141","141","2721","3062","3202"
"14.01.2025 03:00 - 14.01.2025 04:00","0","0","0","133","133","133","2550","2807","2940"
"14.01.2025 04:00 - 14.01.2025 05:00","0","0","0","119","119","119","2388","2559","2678"
"14.01.2025 05:00 - 14.01.2025 06:00","0","0","0","114","114","114","2295","2342","2456"
"14.01.2025 06:00 - 14.01.2025 07:00","0","0","0","99","99","99","2216","2141","2240"
"14.01.2025 07:00 - 14.01.2025 08:00","0","0","0","81","97","97","2139","2199","1927"
"14.01.2025 08:00 - 14.01.2025 09:00","0","0","0","72","83","83","1962","2139","1901"
"14.01.2025 09:00 - 14.01.2025 10:00","850","872","872","75","95","95","1772","2047","1849"
"14.01.2025 10:00 - 14.01.2025 11:00","4366","4410","4450","89","110","110","1572","1947","2083"
"14.01.2025 11:00 - 14.01.2025 12:00","8034","8175","8237","99","100","100","1455","1735","1830"
"14.01.2025 12:00 - 14.01.2025 13:00","10140","10318","10372","94","83","83","1353","1533","1599"
"14.01.2025 13:00 - 14.01.2025 14:00","10482","10810","10830","79","64","64","1263","1336","1398"
"14.01.2025 14:00 - 14.01.2025 15:00","9327","9532","9536","63","54","54","1367","1452","1505"
"14.01.2025 15:00 - 14.01.2025 16:00","6570","6739","6737","53","51","51","1466","1566","1617"
"14.01.2025 16:00 - 14.01.2025 17:00","2790","2863","2863","53","50","50","1556","1679","1724"
"14.01.2025 17:00 - 14.01.2025 18:00","254","259","259","63","51","51","1936","2118","2147"
"14.01.2025 18:00 - 14.01.2025 19:00","0","0","0","77","58","58","2318","2551","2569"
"14.01.2025 19:00 - 14.01.2025 20:00","0","0","0","91","69","69","2700","2981","2992"
"14.01.2025 20:00 - 14.01.2025 21:00","0","0","0","103","80","80","3035","3169","3176"
"14.01.2025 21:00 - 14.01.2025 22:00","0","0","0","97","86","86","3388","3361","3378"
"14.01.2025 22:00 - 14.01.2025 23:00","0","0","0","91","96","96","3740","3549","3581"
"14.01.2025 23:00 - 15.01.2025 00:00","0","0","0","88","109","109","3927","3590","3636"
"15.01.2025 00:00 - 15.01.2025 01:00","0","0","0","72","72","72","3081","3174","3246"
"15.01.2025 01:00 - 15.01.2025 02:00","0","0","0","66","66","66","3041","3240","3306"
"15.01.2025 02:00 - 15.01.2025 03:00","0","0","0","65","65","65","3172","3259","3323"
"15.01.2025 03:00 - 15.01.2025 04:00","0","0","0","55","55","55","3310","3286","3341"
"15.01.2025 04:00 - 15.01.2025 05:00","0","0","0","46","46","46","3446","3313","3359"
"15.01.2025 05:00 - 15.01.2025 06:00","0","0","0","47","47","47","3530","3436","3483"
"15.01.2025 06:00 - 15.01.2025 07:00","0","0","0","49","49","49","3612","3558","3607"
"15.01.2025 07:00 - 15.01.2025 08:00","0","0","0","52","43","43","3694","3095","3688"
"15.01.2025 08:00 - 15.01.2025 09:00","0","0","0","50","43","43","3620","3104","3607"
"15.01.2025 09:00 - 15.01.2025 10:00","772","800","800","45","42","42","3551","3092","3528"
"15.01.2025 10:00 - 15.01.2025 11:00","3721","3817","4128","40","41","41","3480","3067","3004"
"15.01.2025 11:00 - 15.01.2025 12:00","6588","6773","7181","38","39","39","3336","2931","2897"
"15.01.2025 12:00 - 15.01.2025 13:00","7995","7950","8655","37","35","35","3192","2797","2774"
"15.01.2025 13:00 - 15.01.2025 14:00","7988","7622","8656","31","32","32","3052","2661","2650"
"15.01.2025 14:00 - 15.01.2025 15:00","7188","6976","7185","29","28","28","3124","2794","2787"
"15.01.2025 15:00 - 15.01.2025 16:00","5135","5149","5148","27","27","27","3195","2927","2922"
"15.01.2025 16:00 - 15.01.2025 17:00","2245","2145","2145","27","25","25","3264","3062","3058"
"15.01.2025 17:00 - 15.01.2025 18:00","224","219","219","34","25","25","3605","3354","3344"
"15.01.2025 18:00 - 15.01.2025 19:00","0","0","0","47","36","36","3940","3638","3628"
"15.01.2025 19:00 - 15.01.2025 20:00","0","0","0","59","51","51","4276","3918","3913"
"15.01.2025 20:00 - 15.01.2025 21:00","0","0","0","68","63","63","4459","4057","4054"
"15.01.2025 21:00 - 15.01.2025 22:00","0","0","0","73","71","71","4646","4200","4199"
"15.01.2025 22:00 - 15.01.2025 23:00","0","0","0","75","76","76","4834","4345","4346"
"15.01.2025 23:00 - 16.01.2025 00:00","0","0","0","79","83","83","4724","4115","4121"
"16.01.2025 00:00 - 16.01.2025 01:00","0","0","0","61","61","61","3558","3577","3638"
"16.01.2025 01:00 - 16.01.2025 02:00","0","0","0","65","65","65","3285","3303","3368"
"16.01.2025 02:00 - 16.01.2025 03:00","0","0","0","80","80","80","3394","3346","3426"
"16.01.2025 03:00 - 16.01.2025 04:00","0","0","0","93","93","93","3505","3389","3482"
"16.01.2025 04:00 - 16.01.2025 05:00","0","0","0","91","91","91","3632","3449","3540"
"16.01.2025 05:00 - 16.01.2025 06:00","0","0","0","86","86","86","3876","3611","3697"
"16.01.2025 06:00 - 16.01.2025 07:00","0","0","0","93","93","93","4111","3761","3854"
"16.01.2025 07:00 - 16.01.2025 08:00","0","0","0","103","111","111","4349","4415","3905"
"16.01.2025 08:00 - 16.01.2025 09:00","0","0","0","119","120","120","4398","4426","4004"
"16.01.2025 09:00 - 16.01.2025 10:00","683","666","666","156","135","135","4429","4452","4102"
"16.01.2025 10:00 - 16.01.2025 11:00","3045","3211","3180","189","157","157","4465","4495","4813"
"16.01.2025 11:00 - 16.01.2025 12:00","5702","5950","6186","242","205","205","4029","4138","4344"
"16.01.2025 12:00 - 16.01.2025 13:00","7293","7835","7846","263","221","221","3627","3822","3956"
"16.01.2025 13:00 - 16.01.2025 14:00","7622","8340","8375","217","220","220","3294","3530","3677"
"16.01.2025 14:00 - 16.01.2025 15:00","7197","7611","7672","210","223","223","3141","3232","3357"
"16.01.2025 15:00 - 16.01.2025 16:00","5186","5692","5690","198","195","195","2994","2966","3059"
"16.01.2025 16:00 - 16.01.2025 17:00","2308","2512","2511","138","150","150","2896","2721","2816"
"16.01.2025 17:00 - 16.01.2025 18:00","240","255","255","163","160","160","3000","2724","2795"
"16.01.2025 18:00 - 16.01.2025 19:00","0","0","0","271","297","297","3022","2604","2691"
"16.01.2025 19:00 - 16.01.2025 20:00","0","0","0","361","417","417","3062","2503","2612"
"16.01.2025 20:00 - 16.01.2025 21:00","0","0","0","377","425","425","2842","2393","2490"
"16.01.2025 21:00 - 16.01.2025 22:00","0","0","0","359","333","333","2656","2383","2406"
"16.01.2025 22:00 - 16.01.2025 23:00","0","0","0","351","290","290","2461","2326","2311"
"16.01.2025 23:00 - 17.01.2025 00:00","0","0","0","320","291","291","2521","2349","2361"
"17.01.2025 00:00 - 17.01.2025 01:00","0","0","0","281","281","281","2331","2489","2769"
"17.01.2025 01:00 - 17.01.2025 02:00","0","0","0","240","240","240","2363","2446","2686"
"17.01.2025 02:00 - 17.01.2025 03:00","0","0","0","222","222","222","2261","2317","2539"
"17.01.2025 03:00 - 17.01.2025 04:00","0","0","0","201","201","201","2161","2188","2389"
"17.01.2025 04:00 - 17.01.2025 05:00","0","0","0","170","170","170","2074","2068","2238"
"17.01.2025 05:00 - 17.01.2025 06:00","0","0","0","135","135","135","1873","1795","1930"
"17.01.2025 06:00 - 17.01.2025 07:00","0","0","0","110","110","110","1663","1511","1621"
"17.01.2025 07:00 - 17.01.2025 08:00","0","0","0","76","76","73","1464","1175","1241"
"17.01.2025 08:00 - 17.01.2025 09:00","0","0","0","44","44","43","1372","1075","1159"
"17.01.2025 09:00 - 17.01.2025 10:00","900","882","882","29","29","27","1263","948","1063"
"17.01.2025 10:00 - 17.01.2025 11:00","4204","4209","4110","23","23","23","1145","808","897"
"17.01.2025 11:00 - 17.01.2025 12:00","7610","7569","7537","27","27","28","1049","796","863"
"17.01.2025 12:00 - 17.01.2025 13:00","9498","9580","9559","33","33","36","951","785","843"
"17.01.2025 13:00 - 17.01.2025 14:00","9803","9921","10094","34","34","45","861","775","833"
"17.01.2025 14:00 - 17.01.2025 15:00","8876","9121","9160","32","32","32","833","788","834"
"17.01.2025 15:00 - 17.01.2025 16:00","6472","6652","6656","25","25","22","810","805","842"
"17.01.2025 16:00 - 17.01.2025 17:00","2895","2997","2998","22","22","20","785","814","848"
"17.01.2025 17:00 - 17.01.2025 18:00","300","317","317","22","22","22","957","1076","1112"
"17.01.2025 18:00 - 17.01.2025 19:00","0","0","0","22","22","24","1131","1340","1378"
"17.01.2025 19:00 - 17.01.2025 20:00","0","0","0","23","23","27","1305","1606","1642"
"17.01.2025 20:00 - 17.01.2025 21:00","0","0","0","25","25","33","1505","1815","1855"
"17.01.2025 21:00 - 17.01.2025 22:00","0","0","0","31","31","38","1701","2026","2064"
"17.01.2025 22:00 - 17.01.2025 23:00","0","0","0","33","33","39","1902","2240","2277"
"17.01.2025 23:00 - 18.01.2025 00:00","0","0","0","37","37","39","1841","2133","2165"
"18.01.2025 00:00 - 18.01.2025 01:00","0","0","0","60","60","60","1992","2031","2090"
"18.01.2025 01:00 - 18.01.2025 02:00","0","0","0","63","63","63","1959","1986","2049"
"18.01.2025 02:00 - 18.01.2025 03:00","0","0","0","65","65","65","1899","1948","2013"
"18.01.2025 03:00 - 18.01.2025 04:00","0","0","0","71","71","71","1836","1905","1976"
"18.01.2025 04:00 - 18.01.2025 05:00","0","0","0","76","76","76","1775","1863","1939"
"18.01.2025 05:00 - 18.01.2025 06:00","0","0","0","69","69","69","1705","1775","1844"
"18.01.2025 06:00 - 18.01.2025 07:00","0","0","0","58","58","58","1639","1690","1748"
"18.01.2025 07:00 - 18.01.2025 08:00","0","0","0","49","68","68","1571","1489","1586"
"18.01.2025 08:00 - 18.01.2025 09:00","0","0","0","42","60","60","1495","1451","1499"
"18.01.2025 09:00 - 18.01.2025 10:00","868","816","816","42","60","60","1411","1393","1406"
"18.01.2025 10:00 - 18.01.2025 11:00","3826","3593","3686","46","67","67","1323","1319","1445"
"18.01.2025 11:00 - 18.01.2025 12:00","6849","6432","6506","47","73","73","1244","1292","1401"
"18.01.2025 12:00 - 18.01.2025 13:00","8515","8188","8367","53","87","87","1160","1257","1358"
"18.01.2025 13:00 - 18.01.2025 14:00","8968","8684","8782","65","94","94","1069","1227","1314"
"18.01.2025 14:00 - 18.01.2025 15:00","8181","7878","8007","59","89","89","1085","1249","1328"
"18.01.2025 15:00 - 18.01.2025 16:00","5962","5883","5887","56","80","80","1096","1276","1343"
"18.01.2025 16:00 - 18.01.2025 17:00","2707","2620","2622","55","88","88","1107","1287","1360"
"18.01.2025 17:00 - 18.01.2025 18:00","296","295","295","64","72","72","1270","1477","1521"
"18.01.2025 18:00 - 18.01.2025 19:00","0","0","0","70","66","66","1436","1658","1686"
"18.01.2025 19:00 - 18.01.2025 20:00","0","0","0","74","87","87","1604","1812","1855"
"18.01.2025 20:00 - 18.01.2025 21:00","0","0","0","91","94","94","1669","1919","1950"
"18.01.2025 21:00 - 18.01.2025 22:00","0","0","0","107","121","121","1735","2005","2045"
"18.01.2025 22:00 - 18.01.2025 23:00","0","0","0","114","134","134","1811","2107","2152"
"18.01.2025 23:00 - 19.01.2025 00:00","0","0","0","105","150","150","1678","1887","1956"
"19.01.2025 00:00 - 19.01.2025 01:00","0","0","0","111","111","111","1988","2115","2226"
"19.01.2025 01:00 - 19.01.2025 02:00","0","0","0","107","107","107","1845","1988","2095"
"19.01.2025 02:00 - 19.01.2025 03:00","0","0","0","110","110","110","1556","1778","1888"
"19.01.2025 03:00 - 19.01.2025 04:00","0","0","0","139","139","139","1240","1539","1678"
"19.01.2025 04:00 - 19.01.2025 05:00","0","0","0","163","163","163","930","1309","1472"
"19.01.2025 05:00 - 19.01.2025 06:00","0","0","0","179","179","179","894","1282","1460"
"19.01.2025 06:00 - 19.01.2025 07:00","0","0","0","217","217","217","836","1233","1450"
"19.01.2025 07:00 - 19.01.2025 08:00","0","0","0","267","300","300","768","961","1144"
"19.01.2025 08:00 - 19.01.2025 09:00","0","0","0","284","324","324","769","945","1100"
"19.01.2025 09:00 - 19.01.2025 10:00","772","663","663","293","345","345","778","933","1060"
"19.01.2025 10:00 - 19.01.2025 11:00","3339","2813","2945","312","375","375","778","912","889"
"19.01.2025 11:00 - 19.01.2025 12:00","5978","5023","5261","309","487","487","720","768","884"
"19.01.2025 12:00 - 19.01.2025 13:00","7624","6467","6548","388","448","448","582","774","793"
"19.01.2025 13:00 - 19.01.2025 14:00","7891","6978","7071","399","422","422","513","770","767"
"19.01.2025 14:00 - 19.01.2025 15:00","7227","6378","6274","364","402","402","555","824","844"
"19.01.2025 15:00 - 19.01.2025 16:00","5315","4659","4662","318","333","333","609","929","930"
"19.01.2025 16:00 - 19.01.2025 17:00","2406","2112","2113","256","282","282","680","1018","1031"
"19.01.2025 17:00 - 19.01.2025 18:00","284","261","261","234","252","252","820","1133","1140"
"19.01.2025 18:00 - 19.01.2025 19:00","0","0","0","187","240","240","985","1231","1273"
"19.01.2025 19:00 - 19.01.2025 20:00","0","0","0","164","272","272","1126","1284","1383"
"19.01.2025 20:00 - 19.01.2025 21:00","0","0","0","158","285","285","1292","1404","1522"
"19.01.2025 21:00 - 19.01.2025 22:00","0","0","0","169","287","287","1442","1534","1645"
"19.01.2025 22:00 - 19.01.2025 23:00","0","0","0","170","266","266","1602","1688","1777"
"19.01.2025 23:00 - 20.01.2025 00:00","0","0","0","175","232","232","1716","1719","1771"
"20.01.2025 00:00 - 20.01.2025 01:00","0","0","0","282","282","282","1623","1729","2011"
"20.01.2025 01:00 - 20.01.2025 02:00","0","0","0","316","316","316","1631","1778","2095"
"20.01.2025 02:00 - 20.01.2025 03:00","0","0","0","307","307","307","1672","1832","2139"
"20.01.2025 03:00 - 20.01.2025 04:00","0","0","0","292","292","292","1719","1894","2186"
"20.01.2025 04:00 - 20.01.2025 05:00","0","0","0","282","282","282","1761","1951","2232"
"20.01.2025 05:00 - 20.01.2025 06:00","0","0","0","281","281","281","1827","2014","2295"
"20.01.2025 06:00 - 20.01.2025 07:00","0","0","0","295","295","295","1880","2064","2359"
"20.01.2025 07:00 - 20.01.2025 08:00","0","0","0","309","342","342","1932","1852","2081"
"20.01.2025 08:00 - 20.01.2025 09:00","0","0","0","320","350","350","1977","1872","2122"
"20.01.2025 09:00 - 20.01.2025 10:00","594","538","538","331","342","342","2022","1904","2180"
"20.01.2025 10:00 - 20.01.2025 11:00","2448","2111","2879","318","361","361","2091","1906","1959"
"20.01.2025 11:00 - 20.01.2025 12:00","4322","3490","4562","285","379","379","1947","1750","1857"
"20.01.2025 12:00 - 20.01.2025 13:00","5384","4058","5156","249","328","328","1805","1663","1757"
"20.01.2025 13:00 - 20.01.2025 14:00","5368","4212","5079","214","229","229","1662","1625","1657"
"20.01.2025 14:00 - 20.01.2025 15:00","5533","4103","4332","179","177","177","1568","1556","1568"
"20.01.2025 15:00 - 20.01.2025 16:00","4176","3379","3378","158","171","171","1461","1441","1468"
"20.01.2025 16:00 - 20.01.2025 17:00","2036","1690","1690","153","149","149","1336","1342","1354"
"20.01.2025 17:00 - 20.01.2025 18:00","282","259","259","165","154","154","1538","1458","1462"
"20.01.2025 18:00 - 20.01.2025 19:00","0","0","0","180","185","185","1737","1550","1568"
"20.01.2025 19:00 - 20.01.2025 20:00","0","0","0","198","191","191","1932","1667","1672"
"20.01.2025 20:00 - 20.01.2025 21:00","0","0","0","205","200","200","2062","1836","1843"
"20.01.2025 21:00 - 20.01.2025 22:00","0","0","0","226","205","205","2179","2011","2000"
"20.01.2025 22:00 - 20.01.2025 23:00","0","0","0","250","207","207","2292","2187","2155"
"20.01.2025 23:00 - 21.01.2025 00:00","0","0","0","225","221","221","2311","2139","2144"
"21.01.2025 00:00 - 21.01.2025 01:00","0","0","0","210","210","210","2076","2068","2278"
"21.01.2025 01:00 - 21.01.2025 02:00","0","0","0","224","224","224","2032","2028","2253"
"21.01.2025 02:00 - 21.01.2025 03:00","0","0","0","241","241","241","2075","2073","2314"
"21.01.2025 03:00 - 21.01.2025 04:00","0","0","0","211","211","211","2164","2163","2374"
"21.01.2025 04:00 - 21.01.2025 05:00","0","0","0","200","200","200","2234","2234","2433"
"21.01.2025 05:00 - 21.01.2025 06:00","0","0","0","209","209","209","2470","2470","2679"
"21.01.2025 06:00 - 21.01.2025 07:00","0","0","0","225","225","225","2700","2700","2925"
"21.01.2025 07:00 - 21.01.2025 08:00","0","0","0","282","263","263","2888","2455","2908"
"21.01.2025 08:00 - 21.01.2025 09:00","0","0","0","366","344","344","3033","2733","3057"
"21.01.2025 09:00 - 21.01.2025 10:00","769","792","792","352","388","388","3276","2998","3243"
"21.01.2025 10:00 - 21.01.2025 11:00","2919","3008","3234","332","355","355","3525","3306","3103"
"21.01.2025 11:00 - 21.01.2025 12:00","4760","4785","5281","358","376","376","3200","3021","2900"
"21.01.2025 12:00 - 21.01.2025 13:00","5646","5765","6293","387","406","406","2872","2717","2651"
"21.01.2025 13:00 - 21.01.2025 14:00","5511","5436","5854","344","376","376","2615","2465","2440"
"21.01.2025 14:00 - 21.01.2025 15:00","4751","4792","4864","304","335","335","2852","2716","2712"
"21.01.2025 15:00 - 21.01.2025 16:00","3193","3106","3107","290","330","330","3061","2930","2944"
"21.01.2025 16:00 - 21.01.2025 17:00","1385","1337","1338","308","339","339","3240","3125","3139"
"21.01.2025 17:00 - 21.01.2025 18:00","184","191","191","314","358","358","4231","4109","4141"
"21.01.2025 18:00 - 21.01.2025 19:00","0","0","0","330","351","351","5213","5118","5135"
"21.01.2025 19:00 - 21.01.2025 20:00","0","0","0","346","390","390","6195","6081","6124"
"21.01.2025 20:00 - 21.01.2025 21:00","0","0","0","337","409","409","6702","6565","6637"
"21.01.2025 21:00 - 21.01.2025 22:00","0","0","0","330","387","387","7207","7088","7145"
"21.01.2025 22:00 - 21.01.2025 23:00","0","0","0","308","315","315","7728","7660","7670"
"21.01.2025 23:00 - 22.01.2025 00:00","0","0","0","278","261","261","7589","7546","7535"
"22.01.2025 00:00 - 22.01.2025 01:00","0","0","0","240","240","240","8579","8150","8390"
"22.01.2025 01:00 - 22.01.2025 02:00","0","0","0","223","223","223","8093","7858","8081"
"22.01.2025 02:00 - 22.01.2025 03:00","0","0","0","192","192","192","7900","7730","7921"
"22.01.2025 03:00 - 22.01.2025 04:00","0","0","0","151","151","151","7713","7594","7745"
"22.01.2025 04:00 - 22.01.2025 05:00","0","0","0","106","106","106","7529","7467","7573"
"22.01.2025 05:00 - 22.01.2025 06:00","0","0","0","72","72","72","7193","7089","7161"
"22.01.2025 06:00 - 22.01.2025 07:00","0","0","0","55","55","55","6841","6684","6739"
"22.01.2025 07:00 - 22.01.2025 08:00","0","0","0","48","48","66","6476","6223","6249"
"22.01.2025 08:00 - 22.01.2025 09:00","0","0","0","48","48","56","6274","6344","6223"
"22.01.2025 09:00 - 22.01.2025 10:00","458","533","533","55","55","47","6063","6407","6198"
"22.01.2025 10:00 - 22.01.2025 11:00","1385","2240","3014","59","59","41","5856","6423","6055"
"22.01.2025 11:00 - 22.01.2025 12:00","2437","3358","4598","62","62","34","5629","6112","5855"
"22.01.2025 12:00 - 22.01.2025 13:00","3086","3385","5074","63","63","27","5404","5788","5593"
"22.01.2025 13:00 - 22.01.2025 14:00","3229","3353","4460","64","64","27","5179","5449","5284"
"22.01.2025 14:00 - 22.01.2025 15:00","2914","3023","3459","78","78","38","5060","5318","5187"
"22.01.2025 15:00 - 22.01.2025 16:00","2132","2076","2075","100","100","78","4934","5162","5070"
"22.01.2025 16:00 - 22.01.2025 17:00","988","977","976","143","143","146","4786","4976","4922"
"22.01.2025 17:00 - 22.01.2025 18:00","154","154","154","209","209","210","5070","4970","4924"
"22.01.2025 18:00 - 22.01.2025 19:00","0","0","0","259","259","252","5373","4986","4946"
"22.01.2025 19:00 - 22.01.2025 20:00","0","0","0","308","308","289","5678","5015","4971"
"22.01.2025 20:00 - 22.01.2025 21:00","0","0","0","374","374","523","6049","5321","5447"
"22.01.2025 21:00 - 22.01.2025 22:00","0","0","0","551","551","617","6309","5772","5817"
"22.01.2025 22:00 - 22.01.2025 23:00","0","0","0","557","557","572","6741","6362","6360"
"22.01.2025 23:00 - 23.01.2025 00:00","0","0","0","565","565","547","6548","6234","6201"
"23.01.2025 00:00 - 23.01.2025 01:00","0","0","0","576","576","576","6862","6905","7481"
"23.01.2025 01:00 - 23.01.2025 02:00","0","0","0","518","518","518","6439","6366","6883"
"23.01.2025 02:00 - 23.01.2025 03:00","0","0","0","419","419","419","6384","6120","6538"
"23.01.2025 03:00 - 23.01.2025 04:00","0","0","0","363","363","363","6283","5829","6191"
"23.01.2025 04:00 - 23.01.2025 05:00","0","0","0","392","392","392","6096","5452","5844"
"23.01.2025 05:00 - 23.01.2025 06:00","0","0","0","454","454","454","5921","5189","5643"
"23.01.2025 06:00 - 23.01.2025 07:00","0","0","0","562","562","562","5702","4881","5444"
"23.01.2025 07:00 - 23.01.2025 08:00","0","0","0","607","634","634","5546","4966","4612"
"23.01.2025 08:00 - 23.01.2025 09:00","0","0","0","754","808","808","6075","5726","5338"
"23.01.2025 09:00 - 23.01.2025 10:00","628","589","589","951","981","981","6556","6523","6065"
"23.01.2025 10:00 - 23.01.2025 11:00","2463","2319","2683","1117","1124","1124","7067","7382","6330"
"23.01.2025 11:00 - 23.01.2025 12:00","4446","4070","4514","1225","1233","1233","8395","8857","8094"
"23.01.2025 12:00 - 23.01.2025 13:00","5724","4878","5613","1289","1310","1310","9768","10370","9803"
"23.01.2025 13:00 - 23.01.2025 14:00","5871","5066","5776","1327","1352","1352","11168","11922","11458"
"23.01.2025 14:00 - 23.01.2025 15:00","5641","5404","5571","1336","1361","1361","12052","12668","12278"
"23.01.2025 15:00 - 23.01.2025 16:00","4450","4347","4350","1337","1354","1354","12945","13414","13076"
"23.01.2025 16:00 - 23.01.2025 17:00","2183","2187","2188","1335","1348","1348","13841","14161","13860"
"23.01.2025 17:00 - 23.01.2025 18:00","313","314","314","1328","1309","1309","13780","14102","13799"
"23.01.2025 18:00 - 23.01.2025 19:00","0","0","0","1066","1117","1117","13979","14196","13996"
"23.01.2025 19:00 - 23.01.2025 20:00","0","0","0","1019","1227","1227","13965","13986","13970"
"23.01.2025 20:00 - 23.01.2025 21:00","0","0","0","1171","1296","1296","13522","13642","13553"
"23.01.2025 21:00 - 23.01.2025 22:00","0","0","0","1242","1302","1302","13162","13359","13216"
"23.01.2025 22:00 - 23.01.2025 23:00","0","0","0","1241","1372","1372","12875","13013","12951"
"23.01.2025 23:00 - 24.01.2025 00:00","0","0","0","1334","1396","1396","12078","12462","12342"
"24.01.2025 00:00 - 24.01.2025 01:00","0","0","0","1405","1405","1405","12043","12497","13902"
"24.01.2025 01:00 - 24.01.2025 02:00","0","0","0","1412","1412","1412","11461","12056","13468"
"24.01.2025 02:00 - 24.01.2025 03:00","0","0","0","1420","1420","1420","11953","12447","13867"
"24.01.2025 03:00 - 24.01.2025 04:00","0","0","0","1424","1424","1424","12442","12838","14262"
"24.01.2025 04:00 - 24.01.2025 05:00","0","0","0","1423","1423","1423","12937","13234","14656"
"24.01.2025 05:00 - 24.01.2025 06:00","0","0","0","1418","1418","1418","13632","13802","15220"
"24.01.2025 06:00 - 24.01.2025 07:00","0","0","0","1409","1409","1409","14331","14370","15780"
"24.01.2025 07:00 - 24.01.2025 08:00","0","0","0","1392","1397","1397","15039","15450","14941"
"24.01.2025 08:00 - 24.01.2025 09:00","0","0","0","1376","1385","1385","15573","16077","15481"
"24.01.2025 09:00 - 24.01.2025 10:00","873","810","810","1288","1374","1374","16174","16661","16020"
"24.01.2025 10:00 - 24.01.2025 11:00","2842","2796","2948","1202","1231","1231","16772","17345","17134"
"24.01.2025 11:00 - 24.01.2025 12:00","4700","4555","4639","1149","1082","1082","16716","17380","17152"
"24.01.2025 12:00 - 24.01.2025 13:00","5570","5419","5513","1128","1061","1061","16627","17273","17091"
"24.01.2025 13:00 - 24.01.2025 14:00","5847","5672","5826","1065","973","973","16580","17229","17041"
"24.01.2025 14:00 - 24.01.2025 15:00","5000","5017","4958","1075","907","907","15468","16405","16163"
"24.01.2025 15:00 - 24.01.2025 16:00","3478","3556","3559","1083","821","821","14356","15601","15277"
"24.01.2025 16:00 - 24.01.2025 17:00","1623","1750","1751","1010","732","732","13327","14799","14469"
"24.01.2025 17:00 - 24.01.2025 18:00","246","262","263","895","639","639","12224","13789","13490"
"24.01.2025 18:00 - 24.01.2025 19:00","0","0","0","804","554","554","11100","12773","12491"
"24.01.2025 19:00 - 24.01.2025 20:00","0","0","0","691","524","524","10000","11706","11515"
"24.01.2025 20:00 - 24.01.2025 21:00","0","0","0","588","529","529","9563","11289","11207"
"24.01.2025 21:00 - 24.01.2025 22:00","0","0","0","539","523","523","9073","10882","10845"
"24.01.2025 22:00 - 24.01.2025 23:00","0","0","0","416","480","480","8660","10515","10561"
"24.01.2025 23:00 - 25.01.2025 00:00","0","0","0","378","443","443","8314","10693","10743"
"25.01.2025 00:00 - 25.01.2025 01:00","0","0","0","452","452","452","11109","10607","11059"
"25.01.2025 01:00 - 25.01.2025 02:00","0","0","0","423","423","423","11478","10778","11201"
"25.01.2025 02:00 - 25.01.2025 03:00","0","0","0","403","403","403","11633","11012","11414"
"25.01.2025 03:00 - 25.01.2025 04:00","0","0","0","394","394","394","11779","11226","11619"
"25.01.2025 04:00 - 25.01.2025 05:00","0","0","0","359","359","359","11950","11472","11830"
"25.01.2025 05:00 - 25.01.2025 06:00","0","0","0","308","308","308","11777","10938","11246"
"25.01.2025 06:00 - 25.01.2025 07:00","0","0","0","362","362","362","11504","10295","10657"
"25.01.2025 07:00 - 25.01.2025 08:00","0","0","0","428","220","220","11218","10734","9843"
"25.01.2025 08:00 - 25.01.2025 09:00","0","0","0","446","267","267","10344","9876","8670"
"25.01.2025 09:00 - 25.01.2025 10:00","678","603","603","459","291","291","9480","9054","7522"
"25.01.2025 10:00 - 25.01.2025 11:00","2201","2179","2244","486","301","301","8604","8275","8000"
"25.01.2025 11:00 - 25.01.2025 12:00","3587","3244","3735","470","300","300","7415","7393","7153"
"25.01.2025 12:00 - 25.01.2025 13:00","4313","3732","4242","360","253","253","6324","6562","6403"
"25.01.2025 13:00 - 25.01.2025 14:00","4275","3881","4158","279","225","225","5215","5726","5645"
"25.01.2025 14:00 - 25.01.2025 15:00","3790","3507","3499","210","223","223","4404","5599","5594"
"25.01.2025 15:00 - 25.01.2025 16:00","2714","2461","2462","140","196","196","3600","5504","5549"
"25.01.2025 16:00 - 25.01.2025 17:00","1298","1142","1142","114","165","165","2763","5429","5476"
"25.01.2025 17:00 - 25.01.2025 18:00","230","192","192","102","145","145","2850","5330","5365"
"25.01.2025 18:00 - 25.01.2025 19:00","0","0","0","116","142","142","2930","5230","5245"
"25.01.2025 19:00 - 25.01.2025 20:00","0","0","0","160","150","150","3000","5126","5102"
"25.01.2025 20:00 - 25.01.2025 21:00","0","0","0","259","173","173","3294","5165","5063"
"25.01.2025 21:00 - 25.01.2025 22:00","0","0","0","386","173","173","3563","5234","5003"
"25.01.2025 22:00 - 25.01.2025 23:00","0","0","0","422","244","244","3929","5240","5036"
"25.01.2025 23:00 - 26.01.2025 00:00","0","0","0","514","227","227","3978","5213","4913"
"26.01.2025 00:00 - 26.01.2025 01:00","0","0","0","464","464","464","6227","8745","9209"
"26.01.2025 01:00 - 26.01.2025 02:00","0","0","0","534","534","534","6239","8867","9401"
"26.01.2025 02:00 - 26.01.2025 03:00","0","0","0","676","676","676","6182","9308","9984"
"26.01.2025 03:00 - 26.01.2025 04:00","0","0","0","822","822","822","6124","9737","10559"
"26.01.2025 04:00 - 26.01.2025 05:00","0","0","0","979","979","979","6058","10159","11137"
"26.01.2025 05:00 - 26.01.2025 06:00","0","0","0","1087","1087","1087","6186","9541","10628"
"26.01.2025 06:00 - 26.01.2025 07:00","0","0","0","1151","1151","1151","6359","8969","10120"
"26.01.2025 07:00 - 26.01.2025 08:00","0","0","0","1226","1247","1247","6522","7907","8374"
"26.01.2025 08:00 - 26.01.2025 09:00","1","1","1","1299","1311","1311","7599","9083","9164"
"26.01.2025 09:00 - 26.01.2025 10:00","1079","1109","1109","1328","1331","1331","8717","10424","10009"
"26.01.2025 10:00 - 26.01.2025 11:00","3634","3631","3379","1320","1316","1316","9869","11798","11585"
"26.01.2025 11:00 - 26.01.2025 12:00","5773","5356","5167","1299","1297","1297","11770","13321","13168"
"26.01.2025 12:00 - 26.01.2025 13:00","6418","5647","5768","1293","1294","1294","13654","14831","14701"
"26.01.2025 13:00 - 26.01.2025 14:00","6116","5246","5391","1298","1297","1297","15527","16333","16161"
"26.01.2025 14:00 - 26.01.2025 15:00","5241","4369","4372","1301","1299","1299","16085","16802","16654"
"26.01.2025 15:00 - 26.01.2025 16:00","3339","2982","2982","1301","1308","1308","16643","17256","17132"
"26.01.2025 16:00 - 26.01.2025 17:00","1406","1282","1282","1309","1314","1314","17190","17709","17591"
"26.01.2025 17:00 - 26.01.2025 18:00","211","204","205","1332","1327","1327","17215","17993","17876"
"26.01.2025 18:00 - 26.01.2025 19:00","0","0","0","1348","1349","1349","17248","18264","18171"
"26.01.2025 19:00 - 26.01.2025 20:00","0","0","0","1365","1372","1372","17278","18533","18459"
"26.01.2025 20:00 - 26.01.2025 21:00","0","0","0","1376","1385","1385","17163","18390","18334"
"26.01.2025 21:00 - 26.01.2025 22:00","0","0","0","1376","1377","1377","17056","18267","18205"
"26.01.2025 22:00 - 26.01.2025 23:00","0","0","0","1370","1362","1362","16956","18148","18080"
"26.01.2025 23:00 - 27.01.2025 00:00","0","0","0","1348","1351","1351","17692","18543","18486"
"27.01.2025 00:00 - 27.01.2025 01:00","0","0","0","1354","1354","1354","19001","18785","20139"
"27.01.2025 01:00 - 27.01.2025 02:00","0","0","0","1365","1365","1365","19367","19104","20470"
"27.01.2025 02:00 - 27.01.2025 03:00","0","0","0","1389","1389","1389","19272","19077","20466"
"27.01.2025 03:00 - 27.01.2025 04:00","0","0","0","1404","1404","1404","19177","19042","20446"
"27.01.2025 04:00 - 27.01.2025 05:00","0","0","0","1412","1412","1412","19081","19018","20430"
"27.01.2025 05:00 - 27.01.2025 06:00","0","0","0","1413","1413","1413","18381","18524","19937"
"27.01.2025 06:00 - 27.01.2025 07:00","0","0","0","1410","1410","1410","17676","18025","19434"
"27.01.2025 07:00 - 27.01.2025 08:00","0","0","0","1400","1388","1388","16976","16823","17543"
"27.01.2025 08:00 - 27.01.2025 09:00","1","1","1","1390","1377","1377","16987","17086","17503"
"27.01.2025 09:00 - 27.01.2025 10:00","500","534","534","1382","1370","1370","16996","17245","17460"
"27.01.2025 10:00 - 27.01.2025 11:00","1678","1953","2447","1378","1364","1364","17003","17320","16648"
"27.01.2025 11:00 - 27.01.2025 12:00","2861","2930","3906","1375","1359","1359","17273","17660","17213"
"27.01.2025 12:00 - 27.01.2025 13:00","3718","3326","4436","1374","1358","1358","17545","17968","17662"
"27.01.2025 13:00 - 27.01.2025 14:00","3984","3541","4120","1376","1360","1360","17812","18264","18019"
"27.01.2025 14:00 - 27.01.2025 15:00","3699","3475","3518","1375","1361","1361","17417","18001","17820"
"27.01.2025 15:00 - 27.01.2025 16:00","2800","2561","2562","1376","1362","1362","17019","17741","17591"
"27.01.2025 16:00 - 27.01.2025 17:00","1356","1261","1261","1379","1364","1364","16625","17473","17353"
"27.01.2025 17:00 - 27.01.2025 18:00","268","254","254","1379","1363","1363","16421","17097","16992"
"27.01.2025 18:00 - 27.01.2025 19:00","0","0","0","1381","1368","1368","16222","16714","16635"
"27.01.2025 19:00 - 27.01.2025 20:00","0","0","0","1388","1379","1379","16021","16327","16264"
"27.01.2025 20:00 - 27.01.2025 21:00","0","0","0","1394","1384","1384","16216","16480","16420"
"27.01.2025 21:00 - 27.01.2025 22:00","0","0","0","1390","1379","1379","16424","16648","16589"
"27.01.2025 22:00 - 27.01.2025 23:00","0","0","0","1384","1372","1372","16632","16815","16760"
"27.01.2025 23:00 - 28.01.2025 00:00","0","0","0","1380","1364","1364","16635","16731","16680"
"28.01.2025 00:00 - 28.01.2025 01:00","0","0","0","1395","1395","1395","16358","16942","18336"
"28.01.2025 01:00 - 28.01.2025 02:00","0","0","0","1387","1387","1387","16416","17152","18538"
"28.01.2025 02:00 - 28.01.2025 03:00","0","0","0","1383","1383","1383","16654","17221","18604"
"28.01.2025 03:00 - 28.01.2025 04:00","0","0","0","1381","1381","1381","16879","17286","18667"
"28.01.2025 04:00 - 28.01.2025 05:00","0","0","0","1381","1381","1381","17099","17348","18729"
"28.01.2025 05:00 - 28.01.2025 06:00","0","0","0","1387","1387","1387","17266","17523","18910"
"28.01.2025 06:00 - 28.01.2025 07:00","0","0","0","1393","1393","1393","17434","17694","19086"
"28.01.2025 07:00 - 28.01.2025 08:00","0","0","0","1387","1384","1384","17609","16946","17878"
"28.01.2025 08:00 - 28.01.2025 09:00","4","3","3","1377","1381","1381","17822","17271","17987"
"28.01.2025 09:00 - 28.01.2025 10:00","908","841","841","1368","1380","1380","18029","17540","18097"
"28.01.2025 10:00 - 28.01.2025 11:00","2767","2858","3245","1361","1372","1372","18235","17777","17297"
"28.01.2025 11:00 - 28.01.2025 12:00","4226","4293","5030","1361","1362","1362","18391","18108","17780"
"28.01.2025 12:00 - 28.01.2025 13:00","4913","4509","5398","1362","1364","1364","18544","18416","18187"
"28.01.2025 13:00 - 28.01.2025 14:00","4637","4329","5154","1364","1371","1371","18697","18714","18533"
"28.01.2025 14:00 - 28.01.2025 15:00","4088","3660","3990","1371","1376","1376","18698","18687","18551"
"28.01.2025 15:00 - 28.01.2025 16:00","2784","2494","2494","1376","1381","1381","18700","18661","18549"
"28.01.2025 16:00 - 28.01.2025 17:00","1286","1177","1177","1375","1377","1377","18708","18639","18542"
"28.01.2025 17:00 - 28.01.2025 18:00","247","228","228","1375","1377","1377","18571","18452","18373"
"28.01.2025 18:00 - 28.01.2025 19:00","0","0","0","1385","1387","1387","18428","18256","18195"
"28.01.2025 19:00 - 28.01.2025 20:00","0","0","0","1399","1397","1397","18285","18059","18006"
"28.01.2025 20:00 - 28.01.2025 21:00","0","0","0","1406","1407","1407","17944","18197","18148"
"28.01.2025 21:00 - 28.01.2025 22:00","0","0","0","1406","1409","1409","17611","18339","18293"
"28.01.2025 22:00 - 28.01.2025 23:00","0","0","0","1405","1407","1407","17279","18482","18441"
"28.01.2025 23:00 - 29.01.2025 00:00","0","0","0","1401","1404","1404","16895","17859","17826"
"29.01.2025 00:00 - 29.01.2025 01:00","0","0","0","1408","1408","1408","17113","17316","18724"
"29.01.2025 01:00 - 29.01.2025 02:00","0","0","0","1387","1387","1387","16590","16821","18208"
"29.01.2025 02:00 - 29.01.2025 03:00","0","0","0","1377","1377","1377","15752","15843","17220"
"29.01.2025 03:00 - 29.01.2025 04:00","0","0","0","1251","1251","1251","15018","14973","16223"
"29.01.2025 04:00 - 29.01.2025 05:00","0","0","0","1086","1086","1086","14323","14142","15228"
"29.01.2025 05:00 - 29.01.2025 06:00","0","0","0","1122","1122","1122","13539","13313","14435"
"29.01.2025 06:00 - 29.01.2025 07:00","0","0","0","884","884","884","13033","12751","13634"
"29.01.2025 07:00 - 29.01.2025 08:00","0","0","0","1058","1037","1037","12113","11300","11798"
"29.01.2025 08:00 - 29.01.2025 09:00","6","7","7","1192","1215","1215","11854","11074","11624"
"29.01.2025 09:00 - 29.01.2025 10:00","1073","1151","1151","1249","1271","1271","11673","10921","11579"
"29.01.2025 10:00 - 29.01.2025 11:00","3071","3461","3763","1224","1119","1119","11588","10944","11074"
"29.01.2025 11:00 - 29.01.2025 12:00","4585","5236","5717","1127","1136","1136","11906","10986","11166"
"29.01.2025 12:00 - 29.01.2025 13:00","5138","5481","6289","1148","1127","1127","12122","11055","11164"
"29.01.2025 13:00 - 29.01.2025 14:00","5019","5320","5987","1125","1141","1141","12385","11094","11204"
"29.01.2025 14:00 - 29.01.2025 15:00","4405","4705","4981","1157","1158","1158","11971","10383","10479"
"29.01.2025 15:00 - 29.01.2025 16:00","3021","3216","3219","1175","1082","1082","11572","9767","9760"
"29.01.2025 16:00 - 29.01.2025 17:00","1467","1554","1555","1082","910","910","11284","9245","9147"
"29.01.2025 17:00 - 29.01.2025 18:00","281","290","290","968","865","865","10389","8204","8166"
"29.01.2025 18:00 - 29.01.2025 19:00","0","0","0","869","870","870","9482","7110","7169"
"29.01.2025 19:00 - 29.01.2025 20:00","0","0","0","856","918","918","8492","5974","6092"
"29.01.2025 20:00 - 29.01.2025 21:00","0","0","0","881","933","933","8549","5910","6013"
"29.01.2025 21:00 - 29.01.2025 22:00","0","0","0","723","882","882","8790","5909","6117"
"29.01.2025 22:00 - 29.01.2025 23:00","0","0","0","610","707","707","8988","6033","6175"
"29.01.2025 23:00 - 30.01.2025 00:00","0","0","0","892","735","735","7973","5457","5347"
"30.01.2025 00:00 - 30.01.2025 01:00","0","0","0","331","331","331","5926","5889","6220"
"30.01.2025 01:00 - 30.01.2025 02:00","0","0","0","573","573","573","5377","5185","5758"
"30.01.2025 02:00 - 30.01.2025 03:00","0","0","0","807","807","807","5129","5031","5839"
"30.01.2025 03:00 - 30.01.2025 04:00","0","0","0","929","929","929","4994","4991","5919"
"30.01.2025 04:00 - 30.01.2025 05:00","0","0","0","1058","1058","1058","4854","4940","5998"
"30.01.2025 05:00 - 30.01.2025 06:00","0","0","0","1178","1178","1178","4668","4809","5987"
"30.01.2025 06:00 - 30.01.2025 07:00","0","0","0","1292","1292","1292","4491","4683","5975"
"30.01.2025 07:00 - 30.01.2025 08:00","0","0","0","1352","1353","1353","4370","4465","4611"
"30.01.2025 08:00 - 30.01.2025 09:00","4","3","3","1355","1344","1344","4358","4679","4499"
"30.01.2025 09:00 - 30.01.2025 10:00","689","810","810","1331","1322","1322","4374","4907","4403"
"30.01.2025 10:00 - 30.01.2025 11:00","2259","2617","2948","1301","1298","1298","4399","5148","4961"
"30.01.2025 11:00 - 30.01.2025 12:00","3659","4009","4608","1251","1211","1211","4459","5276","5093"
"30.01.2025 12:00 - 30.01.2025 13:00","4404","4528","5065","1126","1098","1098","4595","5436","5298"
"30.01.2025 13:00 - 30.01.2025 14:00","4535","4452","4919","997","952","952","4738","5630","5498"
"30.01.2025 14:00 - 30.01.2025 15:00","4472","4257","4290","859","840","840","4843","5261","5168"
"30.01.2025 15:00 - 30.01.2025 16:00","3320","3161","3160","729","694","694","4943","4927","4832"
"30.01.2025 16:00 - 30.01.2025 17:00","1794","1698","1698","638","585","585","5007","4558","4456"
"30.01.2025 17:00 - 30.01.2025 18:00","388","342","342","537","475","475","4888","4688","4580"
"30.01.2025 18:00 - 30.01.2025 19:00","0","0","0","454","435","435","4755","4750","4688"
"30.01.2025 19:00 - 30.01.2025 20:00","0","0","0","400","405","405","4593","4802","4767"
"30.01.2025 20:00 - 30.01.2025 21:00","0","0","0","344","339","339","4490","4637","4593"
"30.01.2025 21:00 - 30.01.2025 22:00","0","0","0","249","239","239","4426","4506","4458"
"30.01.2025 22:00 - 30.01.2025 23:00","0","0","0","152","147","147","4365","4371","4329"
"30.01.2025 23:00 - 31.01.2025 00:00","0","0","0","93","94","94","3930","3989","3954"
"31.01.2025 00:00 - 31.01.2025 01:00","0","0","0","236","236","236","3512","3397","3633"
"31.01.2025 01:00 - 31.01.2025 02:00","0","0","0","366","366","366","2952","2908","3274"
"31.01.2025 02:00 - 31.01.2025 03:00","0","0","0","317","317","317","2921","3020","3337"
"31.01.2025 03:00 - 31.01.2025 04:00","0","0","0","308","308","308","2852","3096","3403"
"31.01.2025 04:00 - 31.01.2025 05:00","0","0","0","572","572","572","2512","2900","3471"
"31.01.2025 05:00 - 31.01.2025 06:00","0","0","0","707","707","707","2866","3329","4036"
"31.01.2025 06:00 - 31.01.2025 07:00","0","0","0","740","740","740","3325","3863","4603"
"31.01.2025 07:00 - 31.01.2025 08:00","0","0","0","792","862","862","3765","2869","4318"
"31.01.2025 08:00 - 31.01.2025 09:00","7","9","9","888","968","968","4221","3324","4784"
"31.01.2025 09:00 - 31.01.2025 10:00","1007","1072","1072","977","1038","1038","4686","3762","5297"
"31.01.2025 10:00 - 31.01.2025 11:00","3122","3450","3937","1045","1079","1079","5173","4190","4059"
"31.01.2025 11:00 - 31.01.2025 12:00","5116","5370","6001","934","918","918","5310","4686","4580"
"31.01.2025 12:00 - 31.01.2025 13:00","6121","6436","7066","830","860","860","5439","5071","5057"
"31.01.2025 13:00 - 31.01.2025 14:00","6303","6836","7198","844","862","862","5450","5386","5383"
"31.01.2025 14:00 - 31.01.2025 15:00","5848","6429","6558","821","798","798","5242","5209","5185"
"31.01.2025 15:00 - 31.01.2025 16:00","4440","4978","4980","766","682","682","5067","5088","5008"
"31.01.2025 16:00 - 31.01.2025 17:00","2374","2631","2632","704","593","593","4899","4934","4830"
"31.01.2025 17:00 - 31.01.2025 18:00","497","563","563","649","560","560","4405","4784","4707"
"31.01.2025 18:00 - 31.01.2025 19:00","0","0","0","590","568","568","3915","4592","4589"
"31.01.2025 19:00 - 31.01.2025 20:00","0","0","0","503","500","500","3455","4476","4497"
"31.01.2025 20:00 - 31.01.2025 21:00","0","0","0","458","429","429","3360","4223","4215"
"31.01.2025 21:00 - 31.01.2025 22:00","0","0","0","400","363","363","3281","3962","3945"
"31.01.2025 22:00 - 31.01.2025 23:00","0","0","0","349","330","330","3193","3666","3668"
"31.01.2025 23:00 - 01.02.2025 00:00","0","0","0","333","316","316","3302","3650","3658"
"01.02.2025 00:00 - 01.02.2025 01:00","0","0","0","396","396","396","4135","4397","4793"
"01.02.2025 01:00 - 01.02.2025 02:00","0","0","0","400","400","400","4286","4492","4891"
"01.02.2025 02:00 - 01.02.2025 03:00","0","0","0","389","389","389","3948","4329","4718"
"01.02.2025 03:00 - 01.02.2025 04:00","0","0","0","370","370","370","3617","4177","4547"
"01.02.2025 04:00 - 01.02.2025 05:00","0","0","0","318","318","318","3318","4059","4377"
"01.02.2025 05:00 - 01.02.2025 06:00","0","0","0","255","255","255","3176","3965","4220"
"01.02.2025 06:00 - 01.02.2025 07:00","0","0","0","228","228","228","2998","3834","4062"
"01.02.2025 07:00 - 01.02.2025 08:00","0","0","0","205","224","224","2817","3169","3680"
"01.02.2025 08:00 - 01.02.2025 09:00","8","9","9","189","218","218","2652","3051","3422"
"01.02.2025 09:00 - 01.02.2025 10:00","1099","1284","1284","189","205","205","2471","2877","3173"
"01.02.2025 10:00 - 01.02.2025 11:00","3583","4263","4049","189","181","181","2290","2675","2686"
"01.02.2025 11:00 - 01.02.2025 12:00","5788","7034","6859","168","162","162","2010","2295","2330"
"01.02.2025 12:00 - 01.02.2025 13:00","7474","8757","8672","139","152","152","1737","1898","1962"
"01.02.2025 13:00 - 01.02.2025 14:00","7581","9359","9131","120","122","122","1456","1522","1578"
"01.02.2025 14:00 - 01.02.2025 15:00","7066","8356","8227","103","87","87","1410","1626","1666"
"01.02.2025 15:00 - 01.02.2025 16:00","5508","6413","6416","77","65","65","1374","1724","1765"
"01.02.2025 16:00 - 01.02.2025 17:00","2990","3277","3278","54","68","68","1336","1794","1862"
"01.02.2025 17:00 - 01.02.2025 18:00","618","676","676","49","120","120","1703","2205","2329"
"01.02.2025 18:00 - 01.02.2025 19:00","0","0","0","72","133","133","2043","2657","2772"
"01.02.2025 19:00 - 01.02.2025 20:00","0","0","0","104","130","130","2377","3129","3206"
"01.02.2025 20:00 - 01.02.2025 21:00","0","0","0","132","171","171","2779","3658","3744"
"01.02.2025 21:00 - 01.02.2025 22:00","0","0","0","164","229","229","3177","4168","4277"
"01.02.2025 22:00 - 01.02.2025 23:00","0","0","0","191","267","267","3580","4696","4814"
"01.02.2025 23:00 - 02.02.2025 00:00","0","0","0","207","303","303","3722","4407","4546"
"02.02.2025 00:00 - 02.02.2025 01:00","0","0","0","300","300","300","3824","3777","4077"
"02.02.2025 01:00 - 02.02.2025 02:00","0","0","0","306","306","306","3703","3618","3924"
"02.02.2025 02:00 - 02.02.2025 03:00","0","0","0","276","276","276","3637","3451","3728"
"02.02.2025 03:00 - 02.02.2025 04:00","0","0","0","245","245","245","3572","3285","3530"
"02.02.2025 04:00 - 02.02.2025 05:00","0","0","0","216","216","216","3505","3118","3334"
"02.02.2025 05:00 - 02.02.2025 06:00","0","0","0","208","208","208","3491","3223","3431"
"02.02.2025 06:00 - 02.02.2025 07:00","0","0","0","220","220","220","3456","3307","3527"
"02.02.2025 07:00 - 02.02.2025 08:00","0","0","0","218","327","327","3435","2941","3296"
"02.02.2025 08:00 - 02.02.2025 09:00","15","12","12","233","356","356","3056","2838","3008"
"02.02.2025 09:00 - 02.02.2025 10:00","1515","1531","1531","263","406","406","2661","2653","2700"
"02.02.2025 10:00 - 02.02.2025 11:00","4886","5143","5107","266","433","433","2293","2446","2360"
"02.02.2025 11:00 - 02.02.2025 12:00","8022","8178","8153","230","403","403","1757","1894","1910"
"02.02.2025 12:00 - 02.02.2025 13:00","9846","9995","10036","176","331","331","1240","1369","1425"
"02.02.2025 13:00 - 02.02.2025 14:00","10218","10408","10384","141","268","268","706","832","905"
"02.02.2025 14:00 - 02.02.2025 15:00","9310","9351","9472","123","220","220","658","777","842"
"02.02.2025 15:00 - 02.02.2025 16:00","7167","7274","7274","93","204","204","623","695","784"
"02.02.2025 16:00 - 02.02.2025 17:00","3750","3849","3849","70","172","172","581","627","717"
"02.02.2025 17:00 - 02.02.2025 18:00","764","764","765","56","147","147","796","875","954"
"02.02.2025 18:00 - 02.02.2025 19:00","0","0","0","46","156","156","1007","1099","1205"
"02.02.2025 19:00 - 02.02.2025 20:00","0","0","0","43","169","169","1213","1320","1446"
"02.02.2025 20:00 - 02.02.2025 21:00","0","0","0","38","170","170","1355","1563","1695"
"02.02.2025 21:00 - 02.02.2025 22:00","0","0","0","34","154","154","1497","1824","1943"
"02.02.2025 22:00 - 02.02.2025 23:00","0","0","0","36","155","155","1633","2066","2186"
"02.02.2025 23:00 - 03.02.2025 00:00","0","0","0","47","159","159","1852","2031","2148"
"03.02.2025 00:00 - 03.02.2025 01:00","0","0","0","174","174","174","1980","1895","2069"
"03.02.2025 01:00 - 03.02.2025 02:00","0","0","0","200","200","200","1904","1819","2018"
"03.02.2025 02:00 - 03.02.2025 03:00","0","0","0","179","179","179","2050","1975","2153"
"03.02.2025 03:00 - 03.02.2025 04:00","0","0","0","203","203","203","2150","2087","2290"
"03.02.2025 04:00 - 03.02.2025 05:00","0","0","0","273","273","273","2205","2155","2428"
"03.02.2025 05:00 - 03.02.2025 06:00","0","0","0","267","267","267","2114","2120","2387"
"03.02.2025 06:00 - 03.02.2025 07:00","0","0","0","254","254","254","2031","2091","2345"
"03.02.2025 07:00 - 03.02.2025 08:00","0","0","0","257","176","176","1931","1975","2127"
"03.02.2025 08:00 - 03.02.2025 09:00","31","31","31","284","176","176","1784","1836","1962"
"03.02.2025 09:00 - 03.02.2025 10:00","1887","1873","1873","318","237","237","1631","1601","1737"
"03.02.2025 10:00 - 03.02.2025 11:00","5768","5799","5769","291","300","300","1538","1347","1472"
"03.02.2025 11:00 - 03.02.2025 12:00","8853","9006","9147","237","257","257","1450","1317","1435"
"03.02.2025 12:00 - 03.02.2025 13:00","10499","10938","10962","214","256","256","1331","1244","1366"
"03.02.2025 13:00 - 03.02.2025 14:00","10853","11316","11537","258","256","256","1145","1166","1235"
"03.02.2025 14:00 - 03.02.2025 15:00","9968","10532","10625","261","235","235","1210","1188","1224"
"03.02.2025 15:00 - 03.02.2025 16:00","7815","8220","8219","233","201","201","1305","1225","1246"
"03.02.2025 16:00 - 03.02.2025 17:00","4299","4545","4546","179","188","188","1428","1240","1295"
"03.02.2025 17:00 - 03.02.2025 18:00","878","936","936","117","259","259","1574","1292","1478"
"03.02.2025 18:00 - 03.02.2025 19:00","0","0","0","106","315","315","1670","1358","1612"
"03.02.2025 19:00 - 03.02.2025 20:00","0","0","0","129","352","352","1733","1446","1712"
"03.02.2025 20:00 - 03.02.2025 21:00","0","0","0","243","385","385","1842","1637","1819"
"03.02.2025 21:00 - 03.02.2025 22:00","0","0","0","462","522","522","1845","1724","1820"
"03.02.2025 22:00 - 03.02.2025 23:00","0","0","0","517","613","613","2014","1856","1988"
"03.02.2025 23:00 - 04.02.2025 00:00","0","0","0","569","618","618","1978","1877","1960"
"04.02.2025 00:00 - 04.02.2025 01:00","0","0","0","639","639","639","2617","2496","3135"
"04.02.2025 01:00 - 04.02.2025 02:00","0","0","0","651","651","651","2626","2476","3127"
"04.02.2025 02:00 - 04.02.2025 03:00","0","0","0","645","645","645","2558","2413","3058"
"04.02.2025 03:00 - 04.02.2025 04:00","0","0","0","620","620","620","2509","2366","2986"
"04.02.2025 04:00 - 04.02.2025 05:00","0","0","0","591","591","591","2464","2327","2917"
"04.02.2025 05:00 - 04.02.2025 06:00","0","0","0","567","567","567","2524","2376","2943"
"04.02.2025 06:00 - 04.02.2025 07:00","0","0","0","565","565","565","2563","2403","2968"
"04.02.2025 07:00 - 04.02.2025 08:00","0","0","0","585","586","586","2580","2105","2406"
"04.02.2025 08:00 - 04.02.2025 09:00","38","40","40","645","544","544","2630","2528","2545"
"04.02.2025 09:00 - 04.02.2025 10:00","1911","1919","1919","654","606","606","2730","2758","2580"
"04.02.2025 10:00 - 04.02.2025 11:00","5846","5899","5789","693","657","657","2802","2932","2400"
"04.02.2025 11:00 - 04.02.2025 12:00","9135","9330","9228","643","647","647","2886","2988","2673"
"04.02.2025 12:00 - 04.02.2025 13:00","11250","11274","11272","675","771","771","2889","2888","2769"
"04.02.2025 13:00 - 04.02.2025 14:00","11733","11794","11904","762","879","879","2838","2790","2737"
"04.02.2025 14:00 - 04.02.2025 15:00","10810","11020","10996","862","924","924","2880","2829","2771"
"04.02.2025 15:00 - 04.02.2025 16:00","8350","8652","8654","881","938","938","3004","2901","2863"
"04.02.2025 16:00 - 04.02.2025 17:00","4601","4744","4745","897","947","947","3130","2971","2944"
"04.02.2025 17:00 - 04.02.2025 18:00","979","1015","1016","890","932","932","3286","3349","3328"
"04.02.2025 18:00 - 04.02.2025 19:00","0","0","0","794","733","733","3534","3910","3807"
"04.02.2025 19:00 - 04.02.2025 20:00","0","0","0","640","696","696","3839","4310","4336"
"04.02.2025 20:00 - 04.02.2025 21:00","0","0","0","626","762","762","4220","4398","4504"
"04.02.2025 21:00 - 04.02.2025 22:00","0","0","0","652","788","788","4563","4526","4630"
"04.02.2025 22:00 - 04.02.2025 23:00","0","0","0","638","760","760","4946","4702","4797"
"04.02.2025 23:00 - 05.02.2025 00:00","0","0","0","565","622","622","4708","4528","4564"
"05.02.2025 00:00 - 05.02.2025 01:00","0","0","0","515","515","515","4189","4194","4709"
"05.02.2025 01:00 - 05.02.2025 02:00","0","0","0","420","420","420","3997","4171","4591"
"05.02.2025 02:00 - 05.02.2025 03:00","0","0","0","370","370","370","3723","3923","4293"
"05.02.2025 03:00 - 05.02.2025 04:00","0","0","0","344","344","344","3417","3641","3985"
"05.02.2025 04:00 - 05.02.2025 05:00","0","0","0","339","339","339","3087","3342","3681"
"05.02.2025 05:00 - 05.02.2025 06:00","0","0","0","326","326","326","2841","3109","3435"
"05.02.2025 06:00 - 05.02.2025 07:00","0","0","0","306","306","306","2605","2875","3181"
"05.02.2025 07:00 - 05.02.2025 08:00","0","0","0","262","230","230","2394","1959","2698"
"05.02.2025 08:00 - 05.02.2025 09:00","51","51","51","201","196","196","2207","1933","2497"
"05.02.2025 09:00 - 05.02.2025 10:00","2009","2004","2004","157","163","163","2005","1881","2299"
"05.02.2025 10:00 - 05.02.2025 11:00","5719","5727","5946","126","131","131","1794","1816","2015"
"05.02.2025 11:00 - 05.02.2025 12:00","8541","8583","8879","103","101","101","1727","1709","1852"
"05.02.2025 12:00 - 05.02.2025 13:00","9889","9935","10414","79","79","79","1662","1593","1703"
"05.02.2025 13:00 - 05.02.2025 14:00","10110","10113","10487","60","72","72","1594","1460","1563"
"05.02.2025 14:00 - 05.02.2025 15:00","9333","9393","9475","52","58","58","1595","1540","1620"
"05.02.2025 15:00 - 05.02.2025 16:00","7385","7289","7293","52","57","57","1589","1608","1676"
"05.02.2025 16:00 - 05.02.2025 17:00","4184","4051","4053","59","69","69","1578","1663","1728"
"05.02.2025 17:00 - 05.02.2025 18:00","933","903","903","72","81","81","1843","1978","2038"
"05.02.2025 18:00 - 05.02.2025 19:00","0","0","0","91","118","118","2107","2271","2344"
"05.02.2025 19:00 - 05.02.2025 20:00","0","0","0","138","166","166","2347","2557","2624"
"05.02.2025 20:00 - 05.02.2025 21:00","0","0","0","192","212","212","2472","2732","2788"
"05.02.2025 21:00 - 05.02.2025 22:00","0","0","0","286","250","250","2561","2915","2913"
"05.02.2025 22:00 - 05.02.2025 23:00","0","0","0","384","312","312","2647","3073","3033"
"05.02.2025 23:00 - 06.02.2025 00:00","0","0","0","427","316","316","2838","3031","2951"
"06.02.2025 00:00 - 06.02.2025 01:00","0","0","0","367","367","367","2938","3101","3468"
"06.02.2025 01:00 - 06.02.2025 02:00","0","0","0","346","346","346","2827","3015","3361"
"06.02.2025 02:00 - 06.02.2025 03:00","0","0","0","373","373","373","2858","3017","3390"
"06.02.2025 03:00 - 06.02.2025 04:00","0","0","0","490","490","490","2801","2931","3421"
"06.02.2025 04:00 - 06.02.2025 05:00","0","0","0","536","536","536","2816","2915","3452"
"06.02.2025 05:00 - 06.02.2025 06:00","0","0","0","602","602","602","3071","3179","3781"
"06.02.2025 06:00 - 06.02.2025 07:00","0","0","0","689","689","689","3306","3423","4112"
"06.02.2025 07:00 - 06.02.2025 08:00","0","0","0","739","727","727","3580","4025","3718"
"06.02.2025 08:00 - 06.02.2025 09:00","58","58","58","786","873","873","3766","4100","3812"
"06.02.2025 09:00 - 06.02.2025 10:00","1842","1868","1868","922","960","960","3864","4259","3966"
"06.02.2025 10:00 - 06.02.2025 11:00","5024","5318","5307","1021","1021","1021","3999","4468","4751"
"06.02.2025 11:00 - 06.02.2025 12:00","7603","8015","7967","988","999","999","4531","5039","5242"
"06.02.2025 12:00 - 06.02.2025 13:00","9136","9474","9436","924","922","922","5095","5671","5812"
"06.02.2025 13:00 - 06.02.2025 14:00","9308","9879","9921","980","910","910","5540","6243","6293"
"06.02.2025 14:00 - 06.02.2025 15:00","8786","9218","9243","1018","933","933","6205","6923","6934"
"06.02.2025 15:00 - 06.02.2025 16:00","6976","7324","7331","1064","1046","1046","6861","7513","7578"
"06.02.2025 16:00 - 06.02.2025 17:00","3970","4182","4185","1117","1156","1156","7511","8111","8222"
"06.02.2025 17:00 - 06.02.2025 18:00","944","1015","1016","1168","1207","1207","7932","8939","9042"
"06.02.2025 18:00 - 06.02.2025 19:00","0","0","0","1211","1245","1245","8361","9782","9869"
"06.02.2025 19:00 - 06.02.2025 20:00","0","0","0","1251","1297","1297","8793","10612","10705"
"06.02.2025 20:00 - 06.02.2025 21:00","0","0","0","1262","1343","1343","8802","10572","10698"
"06.02.2025 21:00 - 06.02.2025 22:00","0","0","0","1248","1379","1379","8835","10543","10718"
"06.02.2025 22:00 - 06.02.2025 23:00","0","0","0","1218","1382","1382","8886","10548","10753"
"06.02.2025 23:00 - 07.02.2025 00:00","0","0","0","1174","1371","1371","8875","10282","10517"
"07.02.2025 00:00 - 07.02.2025 01:00","0","0","0","1352","1352","1352","9739","9719","11071"
"07.02.2025 01:00 - 07.02.2025 02:00","0","0","0","1306","1306","1306","9434","9522","10828"
"07.02.2025 02:00 - 07.02.2025 03:00","0","0","0","1235","1235","1235","9483","9476","10710"
"07.02.2025 03:00 - 07.02.2025 04:00","0","0","0","1175","1175","1175","9525","9421","10596"
"07.02.2025 04:00 - 07.02.2025 05:00","0","0","0","1192","1192","1192","9493","9291","10482"
"07.02.2025 05:00 - 07.02.2025 06:00","0","0","0","1234","1234","1234","9766","9674","10908"
"07.02.2025 06:00 - 07.02.2025 07:00","0","0","0","1232","1232","1232","10083","10106","11337"
"07.02.2025 07:00 - 07.02.2025 08:00","0","0","0","1232","1273","1273","10397","8670","10495"
"07.02.2025 08:00 - 07.02.2025 09:00","56","58","58","1238","1205","1205","9988","8744","10369"
"07.02.2025 09:00 - 07.02.2025 10:00","1497","1373","1373","1229","1228","1228","9594","8698","10152"
"07.02.2025 10:00 - 07.02.2025 11:00","3732","3344","3865","1189","1232","1232","9230","8642","9448"
"07.02.2025 11:00 - 07.02.2025 12:00","5566","4813","5342","1156","1198","1198","9082","8584","9194"
"07.02.2025 12:00 - 07.02.2025 13:00","6511","5673","6010","1111","1102","1102","8947","8580","9013"
"07.02.2025 13:00 - 07.02.2025 14:00","6772","5703","6053","1024","922","922","8853","8652","8916"
"07.02.2025 14:00 - 07.02.2025 15:00","6078","5059","5087","912","811","811","8746","8582","8789"
"07.02.2025 15:00 - 07.02.2025 16:00","4495","3800","3801","822","784","784","8615","8428","8655"
"07.02.2025 16:00 - 07.02.2025 17:00","2359","2157","2157","748","742","742","8469","8286","8516"
"07.02.2025 17:00 - 07.02.2025 18:00","618","584","584","698","729","729","8605","8306","8553"
"07.02.2025 18:00 - 07.02.2025 19:00","0","0","0","642","737","737","8748","8302","8591"
"07.02.2025 19:00 - 07.02.2025 20:00","0","0","0","634","715","715","8841","8330","8586"
"07.02.2025 20:00 - 07.02.2025 21:00","0","0","0","569","657","657","9147","8767","9019"
"07.02.2025 21:00 - 07.02.2025 22:00","0","0","0","503","572","572","9453","9230","9454"
"07.02.2025 22:00 - 07.02.2025 23:00","0","0","0","426","512","512","9770","9666","9899"
"07.02.2025 23:00 - 08.02.2025 00:00","0","0","0","357","404","404","9475","9504","9689"
"08.02.2025 00:00 - 08.02.2025 01:00","0","0","0","230","230","230","9257","9279","9509"
"08.02.2025 01:00 - 08.02.2025 02:00","0","0","0","313","313","313","8866","8819","9131"
"08.02.2025 02:00 - 08.02.2025 03:00","0","0","0","350","350","350","8550","8556","8906"
"08.02.2025 03:00 - 08.02.2025 04:00","0","0","0","347","347","347","8272","8334","8681"
"08.02.2025 04:00 - 08.02.2025 05:00","0","0","0","323","323","323","8015","8135","8459"
"08.02.2025 05:00 - 08.02.2025 06:00","0","0","0","301","301","301","7907","8079","8380"
"08.02.2025 06:00 - 08.02.2025 07:00","0","0","0","285","285","285","7794","8019","8304"
"08.02.2025 07:00 - 08.02.2025 08:00","0","0","0","321","184","184","7632","8018","8046"
"08.02.2025 08:00 - 08.02.2025 09:00","39","38","38","399","233","233","7028","7514","7548"
"08.02.2025 09:00 - 08.02.2025 10:00","1158","1169","1169","497","326","326","6404","6956","7004"
"08.02.2025 10:00 - 08.02.2025 11:00","2994","3098","3611","550","489","489","5825","6335","6303"
"08.02.2025 11:00 - 08.02.2025 12:00","4627","4262","5122","558","596","596","5555","5555","5607"
"08.02.2025 12:00 - 08.02.2025 13:00","5413","4844","5529","547","570","570","5305","4910","4935"
"08.02.2025 13:00 - 08.02.2025 14:00","5818","4743","5578","633","518","518","4959","4301","4187"
"08.02.2025 14:00 - 08.02.2025 15:00","5547","4899","5061","807","761","761","4362","3731","3677"
"08.02.2025 15:00 - 08.02.2025 16:00","4560","4020","4017","737","673","673","4009","3497","3418"
"08.02.2025 16:00 - 08.02.2025 17:00","2807","2566","2565","552","707","707","3772","3143","3280"
"08.02.2025 17:00 - 08.02.2025 18:00","860","779","779","479","493","493","3767","3311","3305"
"08.02.2025 18:00 - 08.02.2025 19:00","0","0","0","404","288","288","3766","3472","3334"
"08.02.2025 19:00 - 08.02.2025 20:00","0","0","0","341","250","250","3755","3468","3353"
"08.02.2025 20:00 - 08.02.2025 21:00","0","0","0","285","232","232","4303","4059","3983"
"08.02.2025 21:00 - 08.02.2025 22:00","0","0","0","248","214","214","4834","4653","4597"
"08.02.2025 22:00 - 08.02.2025 23:00","0","0","0","217","200","200","5358","5243","5205"
"08.02.2025 23:00 - 09.02.2025 00:00","0","0","0","199","190","190","5253","4754","4727"
"09.02.2025 00:00 - 09.02.2025 01:00","0","0","0","150","150","150","5050","4803","4953"
"09.02.2025 01:00 - 09.02.2025 02:00","0","0","0","101","101","101","4722","4610","4711"
"09.02.2025 02:00 - 09.02.2025 03:00","0","0","0","71","71","71","4613","4494","4565"
"09.02.2025 03:00 - 09.02.2025 04:00","0","0","0","55","55","55","4487","4359","4414"
"09.02.2025 04:00 - 09.02.2025 05:00","0","0","0","47","47","47","4358","4225","4272"
"09.02.2025 05:00 - 09.02.2025 06:00","0","0","0","55","55","55","4002","3932","3986"
"09.02.2025 06:00 - 09.02.2025 07:00","0","0","0","59","59","59","3655","3641","3700"
"09.02.2025 07:00 - 09.02.2025 08:00","0","0","0","57","58","58","3318","3181","3359"
"09.02.2025 08:00 - 09.02.2025 09:00","77","84","84","66","71","71","2956","2814","3009"
"09.02.2025 09:00 - 09.02.2025 10:00","1711","1763","1763","83","92","92","2595","2418","2655"
"09.02.2025 10:00 - 09.02.2025 11:00","4022","4269","4439","96","105","105","2240","2013","2251"
"09.02.2025 11:00 - 09.02.2025 12:00","5573","5871","6202","108","119","119","1767","1637","1822"
"09.02.2025 12:00 - 09.02.2025 13:00","6074","6157","6734","123","138","138","1292","1251","1405"
"09.02.2025 13:00 - 09.02.2025 14:00","5819","6007","6279","132","161","161","826","872","1019"
"09.02.2025 14:00 - 09.02.2025 15:00","5315","5271","5335","143","217","217","893","828","1003"
"09.02.2025 15:00 - 09.02.2025 16:00","4072","3885","3887","168","253","253","948","809","982"
"09.02.2025 16:00 - 09.02.2025 17:00","2178","2079","2080","223","273","273","973","806","934"
"09.02.2025 17:00 - 09.02.2025 18:00","660","602","602","275","351","351","1211","1104","1254"
"09.02.2025 18:00 - 09.02.2025 19:00","0","0","0","401","523","523","1379","1313","1502"
"09.02.2025 19:00 - 09.02.2025 20:00","0","0","0","551","568","568","1526","1649","1728"
"09.02.2025 20:00 - 09.02.2025 21:00","0","0","0","578","553","553","1855","2123","2157"
"09.02.2025 21:00 - 09.02.2025 22:00","0","0","0","488","578","578","2302","2557","2703"
"09.02.2025 22:00 - 09.02.2025 23:00","0","0","0","446","569","569","2702","3023","3202"
"09.02.2025 23:00 - 10.02.2025 00:00","0","0","0","412","542","542","2650","2814","2998"
"10.02.2025 00:00 - 10.02.2025 01:00","0","0","0","532","532","532","3163","3257","3789"
"10.02.2025 01:00 - 10.02.2025 02:00","0","0","0","485","485","485","3025","3067","3552"
"10.02.2025 02:00 - 10.02.2025 03:00","0","0","0","464","464","464","2848","3010","3474"
"10.02.2025 03:00 - 10.02.2025 04:00","0","0","0","429","429","429","2685","2964","3393"
"10.02.2025 04:00 - 10.02.2025 05:00","0","0","0","429","429","429","2489","2884","3313"
"10.02.2025 05:00 - 10.02.2025 06:00","0","0","0","412","412","412","2530","2996","3408"
"10.02.2025 06:00 - 10.02.2025 07:00","0","0","0","377","377","377","2589","3125","3501"
"10.02.2025 07:00 - 10.02.2025 08:00","0","0","0","382","537","537","2609","2927","3057"
"10.02.2025 08:00 - 10.02.2025 09:00","55","64","64","398","520","520","2495","3129","3045"
"10.02.2025 09:00 - 10.02.2025 10:00","1121","1278","1278","411","495","495","2384","3316","3040"
"10.02.2025 10:00 - 10.02.2025 11:00","2185","2923","3393","391","556","556","2305","3399","3590"
"10.02.2025 11:00 - 10.02.2025 12:00","3581","3708","4546","413","540","540","2267","3676","3831"
"10.02.2025 12:00 - 10.02.2025 13:00","4210","4081","4887","404","498","498","2261","3975","4098"
"10.02.2025 13:00 - 10.02.2025 14:00","4554","4302","4400","462","570","570","2188","4157","4290"
"10.02.2025 14:00 - 10.02.2025 15:00","4291","3886","3753","478","607","607","2418","4626","4780"
"10.02.2025 15:00 - 10.02.2025 16:00","3427","2999","3001","460","552","552","2682","5188","5303"
"10.02.2025 16:00 - 10.02.2025 17:00","2082","1734","1735","439","461","461","2949","5784","5828"
"10.02.2025 17:00 - 10.02.2025 18:00","678","640","640","392","421","421","3233","5893","5943"
"10.02.2025 18:00 - 10.02.2025 19:00","0","0","0","391","423","423","3470","5958","6012"
"10.02.2025 19:00 - 10.02.2025 20:00","0","0","0","391","407","407","3706","6045","6079"
"10.02.2025 20:00 - 10.02.2025 21:00","0","0","0","358","377","377","3740","6119","6156"
"10.02.2025 21:00 - 10.02.2025 22:00","0","0","0","297","315","315","3802","6225","6259"
"10.02.2025 22:00 - 10.02.2025 23:00","0","0","0","251","263","263","3849","6321","6349"
"10.02.2025 23:00 - 11.02.2025 00:00","0","0","0","212","242","242","3626","6239","6287"
"11.02.2025 00:00 - 11.02.2025 01:00","0","0","0","176","176","176","4858","5280","5456"
"11.02.2025 01:00 - 11.02.2025 02:00","0","0","0","165","165","165","4624","4930","5095"
"11.02.2025 02:00 - 11.02.2025 03:00","0","0","0","145","145","145","4672","4643","4788"
"11.02.2025 03:00 - 11.02.2025 04:00","0","0","0","133","133","133","4711","4355","4488"
"11.02.2025 04:00 - 11.02.2025 05:00","0","0","0","144","144","144","4728","4044","4188"
"11.02.2025 05:00 - 11.02.2025 06:00","0","0","0","164","164","164","4591","3871","4034"
"11.02.2025 06:00 - 11.02.2025 07:00","0","0","0","180","180","180","4456","3704","3884"
"11.02.2025 07:00 - 11.02.2025 08:00","0","0","0","185","181","181","4332","3438","3556"
"11.02.2025 08:00 - 11.02.2025 09:00","58","64","64","201","200","200","4138","3463","3442"
"11.02.2025 09:00 - 11.02.2025 10:00","1105","1144","1144","230","228","228","3931","3480","3322"
"11.02.2025 10:00 - 11.02.2025 11:00","2476","2686","3145","248","250","250","3737","3501","3443"
"11.02.2025 11:00 - 11.02.2025 12:00","3944","3640","4210","257","256","256","3453","3343","3296"
"11.02.2025 12:00 - 11.02.2025 13:00","5017","4453","4990","255","249","249","3183","3198","3154"
"11.02.2025 13:00 - 11.02.2025 14:00","5147","4737","4954","250","250","250","2925","3046","3013"
"11.02.2025 14:00 - 11.02.2025 15:00","5046","4417","4414","269","251","251","2731","2851","2803"
"11.02.2025 15:00 - 11.02.2025 16:00","4254","3417","3416","279","275","275","2547","2633","2603"
"11.02.2025 16:00 - 11.02.2025 17:00","2633","2145","2144","282","287","287","2373","2429","2410"
"11.02.2025 17:00 - 11.02.2025 18:00","867","762","762","292","297","297","2483","2456","2439"
"11.02.2025 18:00 - 11.02.2025 19:00","0","0","0","292","301","301","2609","2489","2480"
"11.02.2025 19:00 - 11.02.2025 20:00","0","0","0","292","300","300","2736","2529","2520"
"11.02.2025 20:00 - 11.02.2025 21:00","0","0","0","360","345","345","2927","2678","2647"
"11.02.2025 21:00 - 11.02.2025 22:00","0","0","0","417","387","387","3130","2830","2785"
"11.02.2025 22:00 - 11.02.2025 23:00","0","0","0","432","385","385","3375","3028","2966"
"11.02.2025 23:00 - 12.02.2025 00:00","0","0","0","410","364","364","3316","2968","2909"
"12.02.2025 00:00 - 12.02.2025 01:00","0","0","0","367","367","367","2703","2640","3008"
"12.02.2025 01:00 - 12.02.2025 02:00","0","0","0","336","336","336","2653","2591","2927"
"12.02.2025 02:00 - 12.02.2025 03:00","0","0","0","327","327","327","2569","2513","2841"
"12.02.2025 03:00 - 12.02.2025 04:00","0","0","0","357","357","357","2446","2397","2754"
"12.02.2025 04:00 - 12.02.2025 05:00","0","0","0","352","352","352","2356","2316","2669"
"12.02.2025 05:00 - 12.02.2025 06:00","0","0","0","323","323","323","2272","2226","2549"
"12.02.2025 06:00 - 12.02.2025 07:00","0","0","0","326","326","326","2156","2103","2429"
"12.02.2025 07:00 - 12.02.2025 08:00","0","0","0","324","213","213","2044","2121","2096"
"12.02.2025 08:00 - 12.02.2025 09:00","87","79","79","326","234","234","1937","1943","1966"
"12.02.2025 09:00 - 12.02.2025 10:00","1405","1252","1252","339","244","244","1819","1790","1848"
"12.02.2025 10:00 - 12.02.2025 11:00","3016","2854","3489","294","270","270","1759","1626","1746"
"12.02.2025 11:00 - 12.02.2025 12:00","4357","3393","4457","256","248","248","1515","1366","1462"
"12.02.2025 12:00 - 12.02.2025 13:00","5101","3797","4768","222","181","181","1266","1154","1194"
"12.02.2025 13:00 - 12.02.2025 14:00","4568","4044","4535","217","139","139","990","922","913"
"12.02.2025 14:00 - 12.02.2025 15:00","4063","3532","3714","226","121","121","856","813","763"
"12.02.2025 15:00 - 12.02.2025 16:00","3243","2793","2795","211","108","108","748","700","643"
"12.02.2025 16:00 - 12.02.2025 17:00","1756","1567","1567","212","167","167","623","521","518"
"12.02.2025 17:00 - 12.02.2025 18:00","629","590","590","293","196","196","686","588","528"
"12.02.2025 18:00 - 12.02.2025 19:00","0","0","0","385","267","267","739","613","526"
"12.02.2025 19:00 - 12.02.2025 20:00","0","0","0","375","330","330","897","648","630"
"12.02.2025 20:00 - 12.02.2025 21:00","0","0","0","340","309","309","1086","814","807"
"12.02.2025 21:00 - 12.02.2025 22:00","0","0","0","310","285","285","1274","983","982"
"12.02.2025 22:00 - 12.02.2025 23:00","0","0","0","275","272","272","1470","1145","1164"
"12.02.2025 23:00 - 13.02.2025 00:00","0","0","0","207","240","240","1615","1317","1371"
"13.02.2025 00:00 - 13.02.2025 01:00","0","0","0","216","216","216","1410","1199","1415"
"13.02.2025 01:00 - 13.02.2025 02:00","0","0","0","210","210","210","1541","1314","1524"
"13.02.2025 02:00 - 13.02.2025 03:00","0","0","0","274","274","274","1560","1377","1651"
"13.02.2025 03:00 - 13.02.2025 04:00","0","0","0","279","279","279","1641","1502","1781"
"13.02.2025 04:00 - 13.02.2025 05:00","0","0","0","283","283","283","1723","1629","1912"
"13.02.2025 05:00 - 13.02.2025 06:00","0","0","0","319","319","319","1714","1587","1905"
"13.02.2025 06:00 - 13.02.2025 07:00","0","0","0","399","399","399","1661","1501","1899"
"13.02.2025 07:00 - 13.02.2025 08:00","0","0","0","378","401","401","1709","1225","1493"
"13.02.2025 08:00 - 13.02.2025 09:00","83","95","95","315","433","433","1725","1215","1396"
"13.02.2025 09:00 - 13.02.2025 10:00","1405","1624","1624","385","413","413","1607","1243","1352"
"13.02.2025 10:00 - 13.02.2025 11:00","2957","3757","3678","402","358","358","1544","1293","1246"
"13.02.2025 11:00 - 13.02.2025 12:00","4688","5339","5490","291","407","407","1598","1242","1361"
"13.02.2025 12:00 - 13.02.2025 13:00","5842","6331","6396","239","455","455","1594","1190","1414"
"13.02.2025 13:00 - 13.02.2025 14:00","6219","6678","6473","309","377","377","1467","1260","1337"
"13.02.2025 14:00 - 13.02.2025 15:00","5871","6226","6103","334","351","351","1504","1400","1427"
"13.02.2025 15:00 - 13.02.2025 16:00","4582","4849","4848","332","343","343","1568","1522","1543"
"13.02.2025 16:00 - 13.02.2025 17:00","2781","2936","2935","337","349","349","1626","1629","1651"
"13.02.2025 17:00 - 13.02.2025 18:00","866","898","898","360","369","369","1974","2012","2031"
"13.02.2025 18:00 - 13.02.2025 19:00","2","1","1","417","444","444","2287","2340","2377"
"13.02.2025 19:00 - 13.02.2025 20:00","0","0","0","491","534","534","2584","2654","2707"
"13.02.2025 20:00 - 13.02.2025 21:00","0","0","0","620","614","614","2890","2950","2953"
"13.02.2025 21:00 - 13.02.2025 22:00","0","0","0","728","659","659","3218","3281","3221"
"13.02.2025 22:00 - 13.02.2025 23:00","0","0","0","761","685","685","3619","3631","3563"
"13.02.2025 23:00 - 14.02.2025 00:00","0","0","0","767","716","716","3549","3568","3526"
"14.02.2025 00:00 - 14.02.2025 01:00","0","0","0","879","879","879","3569","3642","4521"
"14.02.2025 01:00 - 14.02.2025 02:00","0","0","0","840","840","840","3594","3552","4392"
"14.02.2025 02:00 - 14.02.2025 03:00","0","0","0","828","828","828","3618","3539","4367"
"14.02.2025 03:00 - 14.02.2025 04:00","0","0","0","819","819","819","3639","3526","4344"
"14.02.2025 04:00 - 14.02.2025 05:00","0","0","0","808","808","808","3661","3513","4321"
"14.02.2025 05:00 - 14.02.2025 06:00","0","0","0","810","810","810","3752","3591","4401"
"14.02.2025 06:00 - 14.02.2025 07:00","0","0","0","803","803","803","3852","3679","4483"
"14.02.2025 07:00 - 14.02.2025 08:00","0","0","0","798","860","860","3949","4107","3705"
"14.02.2025 08:00 - 14.02.2025 09:00","184","182","182","797","882","882","3670","3936","3564"
"14.02.2025 09:00 - 14.02.2025 10:00","2297","2248","2248","818","838","838","3369","3820","3487"
"14.02.2025 10:00 - 14.02.2025 11:00","5246","5324","5668","805","847","847","3103","3638","3779"
"14.02.2025 11:00 - 14.02.2025 12:00","8246","7703","8164","783","828","828","3167","3655","3768"
"14.02.2025 12:00 - 14.02.2025 13:00","9958","9292","9587","707","790","790","3284","3688","3828"
"14.02.2025 13:00 - 14.02.2025 14:00","10580","10017","9998","673","750","750","3360","3720","3847"
"14.02.2025 14:00 - 14.02.2025 15:00","9800","9350","9452","651","741","741","3347","3693","3826"
"14.02.2025 15:00 - 14.02.2025 16:00","7879","7504","7509","562","678","678","3402","3720","3873"
"14.02.2025 16:00 - 14.02.2025 17:00","4761","4525","4527","531","560","560","3398","3803","3865"
"14.02.2025 17:00 - 14.02.2025 18:00","1458","1417","1418","506","553","553","3830","4137","4214"
"14.02.2025 18:00 - 14.02.2025 19:00","4","4","4","489","540","540","4256","4476","4555"
"14.02.2025 19:00 - 14.02.2025 20:00","0","0","0","519","576","576","4634","4769","4850"
"14.02.2025 20:00 - 14.02.2025 21:00","0","0","0","597","639","639","5057","4962","5028"
"14.02.2025 21:00 - 14.02.2025 22:00","0","0","0","677","683","683","5478","5174","5203"
"14.02.2025 22:00 - 14.02.2025 23:00","0","0","0","735","690","690","5921","5423","5401"
"14.02.2025 23:00 - 15.02.2025 00:00","0","0","0","744","684","684","6072","5827","5790"
"15.02.2025 00:00 - 15.02.2025 01:00","0","0","0","712","712","712","6205","6599","7310"
"15.02.2025 01:00 - 15.02.2025 02:00","0","0","0","688","688","688","6610","6868","7556"
"15.02.2025 02:00 - 15.02.2025 03:00","0","0","0","719","719","719","6198","6146","6864"
"15.02.2025 03:00 - 15.02.2025 04:00","0","0","0","751","751","751","5783","5430","6181"
"15.02.2025 04:00 - 15.02.2025 05:00","0","0","0","717","717","717","5436","4782","5499"
"15.02.2025 05:00 - 15.02.2025 06:00","0","0","0","685","685","685","5227","4753","5439"
"15.02.2025 06:00 - 15.02.2025 07:00","0","0","0","686","686","686","4987","4696","5382"
"15.02.2025 07:00 - 15.02.2025 08:00","0","0","0","671","593","593","4766","4480","4739"
"15.02.2025 08:00 - 15.02.2025 09:00","254","249","249","655","627","627","4530","4040","4420"
"15.02.2025 09:00 - 15.02.2025 10:00","3053","2975","2975","658","641","641","4276","3622","4122"
"15.02.2025 10:00 - 15.02.2025 11:00","6991","6856","6884","669","616","616","4018","3252","3664"
"15.02.2025 11:00 - 15.02.2025 12:00","10025","10044","9766","649","529","529","3624","2994","3203"
"15.02.2025 12:00 - 15.02.2025 13:00","11612","11690","11350","495","459","459","3366","2725","2939"
"15.02.2025 13:00 - 15.02.2025 14:00","12059","12113","11610","402","423","423","3050","2426","2651"
"15.02.2025 14:00 - 15.02.2025 15:00","10716","10598","10362","368","396","396","3032","2410","2606"
"15.02.2025 15:00 - 15.02.2025 16:00","8188","8044","8045","358","383","383","2990","2383","2549"
"15.02.2025 16:00 - 15.02.2025 17:00","4552","4629","4631","390","380","380","2907","2349","2459"
"15.02.2025 17:00 - 15.02.2025 18:00","1477","1501","1502","441","410","410","3231","2866","2943"
"15.02.2025 18:00 - 15.02.2025 19:00","9","8","8","489","458","458","3560","3366","3433"
"15.02.2025 19:00 - 15.02.2025 20:00","0","0","0","541","529","529","3887","3845","3921"
"15.02.2025 20:00 - 15.02.2025 21:00","0","0","0","585","590","590","4648","4509","4600"
"15.02.2025 21:00 - 15.02.2025 22:00","0","0","0","572","615","615","5467","5210","5336"
"15.02.2025 22:00 - 15.02.2025 23:00","0","0","0","563","581","581","6285","5973","6068"
"15.02.2025 23:00 - 16.02.2025 00:00","0","0","0","553","525","525","5983","5520","5564"
"16.02.2025 00:00 - 16.02.2025 01:00","0","0","0","493","493","493","4768","4590","5083"
"16.02.2025 01:00 - 16.02.2025 02:00","0","0","0","485","485","485","4349","4227","4712"
"16.02.2025 02:00 - 16.02.2025 03:00","0","0","0","439","439","439","4149","4044","4483"
"16.02.2025 03:00 - 16.02.2025 04:00","0","0","0","446","446","446","3896","3809","4254"
"16.02.2025 04:00 - 16.02.2025 05:00","0","0","0","455","455","455","3642","3573","4028"
"16.02.2025 05:00 - 16.02.2025 06:00","0","0","0","455","455","455","3599","3492","3948"
"16.02.2025 06:00 - 16.02.2025 07:00","0","0","0","463","463","463","3551","3405","3867"
"16.02.2025 07:00 - 16.02.2025 08:00","0","0","0","483","477","477","3492","3287","3311"
"16.02.2025 08:00 - 16.02.2025 09:00","215","222","222","519","548","548","3220","3028","3063"
"16.02.2025 09:00 - 16.02.2025 10:00","2476","2614","2614","527","562","562","2976","2820","2872"
"16.02.2025 10:00 - 16.02.2025 11:00","5580","6013","6694","490","606","606","2778","2582","3057"
"16.02.2025 11:00 - 16.02.2025 12:00","8401","8871","9530","463","558","558","2449","2371","2729"
"16.02.2025 12:00 - 16.02.2025 13:00","10049","10536","10903","465","480","480","2090","2192","2416"
"16.02.2025 13:00 - 16.02.2025 14:00","10631","11300","10881","460","441","441","1741","1976","2137"
"16.02.2025 14:00 - 16.02.2025 15:00","9372","10000","9737","373","408","408","2059","2147","2332"
"16.02.2025 15:00 - 16.02.2025 16:00","6915","7523","7530","351","379","379","2314","2313","2471"
"16.02.2025 16:00 - 16.02.2025 17:00","3843","4379","4382","427","384","384","2470","2444","2518"
"16.02.2025 17:00 - 16.02.2025 18:00","1292","1436","1437","536","436","436","3005","3074","3081"
"16.02.2025 18:00 - 16.02.2025 19:00","10","12","12","671","556","556","3515","3636","3618"
"16.02.2025 19:00 - 16.02.2025 20:00","0","0","0","756","746","746","4076","4129","4210"
"16.02.2025 20:00 - 16.02.2025 21:00","0","0","0","786","774","774","4492","4424","4500"
"16.02.2025 21:00 - 16.02.2025 22:00","0","0","0","720","724","724","5003","4798","4888"
"16.02.2025 22:00 - 16.02.2025 23:00","0","0","0","609","652","652","5560","5194","5319"
"16.02.2025 23:00 - 17.02.2025 00:00","0","0","0","528","546","546","5377","5125","5220"
"17.02.2025 00:00 - 17.02.2025 01:00","0","0","0","240","240","240","5133","5036","5276"
"17.02.2025 01:00 - 17.02.2025 02:00","0","0","0","197","197","197","4879","4705","4902"
"17.02.2025 02:00 - 17.02.2025 03:00","0","0","0","170","170","170","4768","4621","4790"
"17.02.2025 03:00 - 17.02.2025 04:00","0","0","0","146","146","146","4653","4539","4685"
"17.02.2025 04:00 - 17.02.2025 05:00","0","0","0","132","132","132","4528","4448","4580"
"17.02.2025 05:00 - 17.02.2025 06:00","0","0","0","132","132","132","4431","4371","4503"
"17.02.2025 06:00 - 17.02.2025 07:00","0","0","0","145","145","145","4320","4283","4428"
"17.02.2025 07:00 - 17.02.2025 08:00","0","0","0","164","347","347","4203","3613","4009"
"17.02.2025 08:00 - 17.02.2025 09:00","210","226","226","166","373","373","3746","3158","3509"
"17.02.2025 09:00 - 17.02.2025 10:00","2261","2494","2494","161","344","344","3294","2754","3064"
"17.02.2025 10:00 - 17.02.2025 11:00","5033","5724","5974","174","301","301","2825","2359","2057"
"17.02.2025 11:00 - 17.02.2025 12:00","8071","8578","8592","180","319","319","2418","2021","1361"
"17.02.2025 12:00 - 17.02.2025 13:00","10004","10419","10578","149","303","303","2047","1716","1122"
"17.02.2025 13:00 - 17.02.2025 14:00","10972","11238","10965","106","238","238","1690","1461","1032"
"17.02.2025 14:00 - 17.02.2025 15:00","10089","10294","10380","78","166","166","1631","1362","978"
"17.02.2025 15:00 - 17.02.2025 16:00","8134","8287","8292","72","156","156","1549","1203","969"
"17.02.2025 16:00 - 17.02.2025 17:00","4986","5120","5122","87","207","207","1447","987","1024"
"17.02.2025 17:00 - 17.02.2025 18:00","1643","1712","1713","110","261","261","1920","1419","1254"
"17.02.2025 18:00 - 17.02.2025 19:00","19","19","19","131","312","312","2394","1854","2007"
"17.02.2025 19:00 - 17.02.2025 20:00","0","0","0","158","362","362","2862","2294","3041"
"17.02.2025 20:00 - 17.02.2025 21:00","0","0","0","188","372","372","3386","2939","3574"
"17.02.2025 21:00 - 17.02.2025 22:00","0","0","0","208","417","417","3919","3553","3639"
"17.02.2025 22:00 - 17.02.2025 23:00","0","0","0","222","451","451","4459","4178","3827"
"17.02.2025 23:00 - 18.02.2025 00:00","0","0","0","240","438","438","4712","4156","3781"
"18.02.2025 00:00 - 18.02.2025 01:00","0","0","0","340","340","340","3589","3467","3807"
"18.02.2025 01:00 - 18.02.2025 02:00","0","0","0","336","336","336","3622","3519","3854"
"18.02.2025 02:00 - 18.02.2025 03:00","0","0","0","335","335","335","3555","3464","3800"
"18.02.2025 03:00 - 18.02.2025 04:00","0","0","0","357","357","357","3496","3414","3771"
"18.02.2025 04:00 - 18.02.2025 05:00","0","0","0","409","409","409","3444","3370","3779"
"18.02.2025 05:00 - 18.02.2025 06:00","0","0","0","442","442","442","3670","3602","4044"
"18.02.2025 06:00 - 18.02.2025 07:00","0","0","0","455","455","455","3980","3918","4373"
"18.02.2025 07:00 - 18.02.2025 08:00","0","0","0","486","501","501","4297","4542","4223"
"18.02.2025 08:00 - 18.02.2025 09:00","287","269","269","544","555","555","4777","4940","4709"
"18.02.2025 09:00 - 18.02.2025 10:00","2725","2564","2564","606","607","607","5622","5724","5568"
"18.02.2025 10:00 - 18.02.2025 11:00","5645","5385","6096","657","640","640","4142","4228","4231"
"18.02.2025 11:00 - 18.02.2025 12:00","8035","7596","8485","689","654","654","2945","3116","3091"
"18.02.2025 12:00 - 18.02.2025 13:00","9624","9219","9732","672","653","653","2805","2964","2952"
"18.02.2025 13:00 - 18.02.2025 14:00","9784","9694","9733","627","673","673","3022","3159","3212"
"18.02.2025 14:00 - 18.02.2025 15:00","8406","8589","8596","630","691","691","3282","3302","3369"
"18.02.2025 15:00 - 18.02.2025 16:00","6311","6559","6561","685","710","710","3666","3703","3732"
"18.02.2025 16:00 - 18.02.2025 17:00","3673","3609","3610","751","747","747","3990","4189","4186"
"18.02.2025 17:00 - 18.02.2025 18:00","1382","1378","1378","842","812","812","4906","5129","5098"
"18.02.2025 18:00 - 18.02.2025 19:00","25","24","24","895","866","866","7377","7350","7320"
"18.02.2025 19:00 - 18.02.2025 20:00","0","0","0","942","970","970","9463","9209","9236"
"18.02.2025 20:00 - 18.02.2025 21:00","0","0","0","968","977","977","9986","9903","9912"
"18.02.2025 21:00 - 18.02.2025 22:00","0","0","0","958","939","939","10063","10090","10069"
"18.02.2025 22:00 - 18.02.2025 23:00","0","0","0","945","939","939","9803","10020","10011"
"18.02.2025 23:00 - 19.02.2025 00:00","0","0","0","922","927","927","9349","9691","9692"
"19.02.2025 00:00 - 19.02.2025 01:00","0","0","0","864","864","864","9457","9286","10150"
"19.02.2025 01:00 - 19.02.2025 02:00","0","0","0","801","801","801","9096","8945","9746"
"19.02.2025 02:00 - 19.02.2025 03:00","0","0","0","698","698","698","8704","8571","9269"
"19.02.2025 03:00 - 19.02.2025 04:00","0","0","0","630","630","630","8356","8234","8864"
"19.02.2025 04:00 - 19.02.2025 05:00","0","0","0","615","615","615","7935","7821","8436"
"19.02.2025 05:00 - 19.02.2025 06:00","0","0","0","649","649","649","7603","7495","8144"
"19.02.2025 06:00 - 19.02.2025 07:00","0","0","0","630","630","630","7310","7206","7836"
"19.02.2025 07:00 - 19.02.2025 08:00","0","0","0","610","496","496","7006","7781","7021"
"19.02.2025 08:00 - 19.02.2025 09:00","224","239","239","606","462","462","6912","7762","6961"
"19.02.2025 09:00 - 19.02.2025 10:00","1947","2071","2071","645","441","441","6724","7462","6837"
"19.02.2025 10:00 - 19.02.2025 11:00","3864","4185","4185","625","378","378","6402","7246","6562"
"19.02.2025 11:00 - 19.02.2025 12:00","5510","5688","5688","490","330","330","4205","4844","4280"
"19.02.2025 12:00 - 19.02.2025 13:00","6300","6463","6463","379","299","299","3601","3962","3596"
"19.02.2025 13:00 - 19.02.2025 14:00","6678","6680","6680","489","294","294","3113","3447","3224"
"19.02.2025 14:00 - 19.02.2025 15:00","6181","6477","6477","505","272","272","2934","3357","3085"
"19.02.2025 15:00 - 19.02.2025 16:00","5035","4912","4912","417","369","369","2869","3345","2834"
"19.02.2025 16:00 - 19.02.2025 17:00","3090","3143","3143","549","253","253","2631","3346","2845"
"19.02.2025 17:00 - 19.02.2025 18:00","1294","1350","1350","580","294","294","3129","3753","3334"
"19.02.2025 18:00 - 19.02.2025 19:00","34","37","37","543","371","371","4295","4907","4388"
"19.02.2025 19:00 - 19.02.2025 20:00","0","0","0","544","533","533","5270","5664","5205"
"19.02.2025 20:00 - 19.02.2025 21:00","0","0","0","609","618","618","5553","6055","5473"
"19.02.2025 21:00 - 19.02.2025 22:00","0","0","0","810","673","673","5684","6485","5755"
"19.02.2025 22:00 - 19.02.2025 23:00","0","0","0","893","823","823","5831","6438","5838"
"19.02.2025 23:00 - 20.02.2025 00:00","0","0","0","950","967","967","5792","6410","5714"
"20.02.2025 00:00 - 20.02.2025 01:00","0","0","0","1229","1229","1229","6102","5877","7106"
"20.02.2025 01:00 - 20.02.2025 02:00","0","0","0","1219","1219","1219","5993","5795","7014"
"20.02.2025 02:00 - 20.02.2025 03:00","0","0","0","1205","1205","1205","5775","5597","6802"
"20.02.2025 03:00 - 20.02.2025 04:00","0","0","0","1269","1269","1269","5752","5589","6858"
"20.02.2025 04:00 - 20.02.2025 05:00","0","0","0","1292","1292","1292","5914","5766","7058"
"20.02.2025 05:00 - 20.02.2025 06:00","0","0","0","1315","1315","1315","6263","6126","7441"
"20.02.2025 06:00 - 20.02.2025 07:00","0","0","0","1345","1345","1345","6874","6747","8092"
"20.02.2025 07:00 - 20.02.2025 08:00","0","0","0","1354","1258","1258","7044","6203","7020"
"20.02.2025 08:00 - 20.02.2025 09:00","300","260","260","1365","1039","1039","7335","6799","7547"
"20.02.2025 09:00 - 20.02.2025 10:00","2305","2230","2230","1368","1387","1387","7246","6557","7119"
"20.02.2025 10:00 - 20.02.2025 11:00","4462","4757","5012","1368","1368","1368","7506","6983","7380"
"20.02.2025 11:00 - 20.02.2025 12:00","6425","6305","6786","1368","1386","1386","5947","6240","6567"
"20.02.2025 12:00 - 20.02.2025 13:00","7364","7188","7554","1368","1381","1381","5343","5113","5383"
"20.02.2025 13:00 - 20.02.2025 14:00","7995","7576","7445","1361","1372","1372","5074","5131","5360"
"20.02.2025 14:00 - 20.02.2025 15:00","7318","6800","6649","1357","1371","1371","5093","5155","5363"
"20.02.2025 15:00 - 20.02.2025 16:00","5904","5292","5297","1339","1357","1357","4619","5725","5915"
"20.02.2025 16:00 - 20.02.2025 17:00","3627","3256","3258","1333","1340","1340","4884","5703","5867"
"20.02.2025 17:00 - 20.02.2025 18:00","1449","1305","1305","1318","1332","1332","5683","5762","5921"
"20.02.2025 18:00 - 20.02.2025 19:00","41","36","36","1282","1305","1305","6722","6286","6446"
"20.02.2025 19:00 - 20.02.2025 20:00","0","0","0","1271","1276","1276","7480","6812","6947"
"20.02.2025 20:00 - 20.02.2025 21:00","0","0","0","1230","1297","1297","7641","6569","6758"
"20.02.2025 21:00 - 20.02.2025 22:00","0","0","0","1173","1296","1296","7430","6305","6544"
"20.02.2025 22:00 - 20.02.2025 23:00","0","0","0","1207","1326","1326","6672","6017","6249"
"20.02.2025 23:00 - 21.02.2025 00:00","0","0","0","1232","1277","1277","6143","5643","5797"
"21.02.2025 00:00 - 21.02.2025 01:00","0","0","0","1284","1284","1284","5856","5766","7050"
"21.02.2025 01:00 - 21.02.2025 02:00","0","0","0","1267","1267","1267","5818","5742","7008"
"21.02.2025 02:00 - 21.02.2025 03:00","0","0","0","1267","1267","1267","6183","6115","7382"
"21.02.2025 03:00 - 21.02.2025 04:00","0","0","0","1291","1291","1291","6997","6934","8224"
"21.02.2025 04:00 - 21.02.2025 05:00","0","0","0","1320","1320","1320","7476","7419","8739"
"21.02.2025 05:00 - 21.02.2025 06:00","0","0","0","1348","1348","1348","8238","8177","9525"
"21.02.2025 06:00 - 21.02.2025 07:00","0","0","0","1358","1358","1358","9434","9362","10720"
"21.02.2025 07:00 - 21.02.2025 08:00","0","0","0","1351","1352","1352","10365","9880","10298"
"21.02.2025 08:00 - 21.02.2025 09:00","319","313","313","1362","1359","1359","11211","11130","11152"
"21.02.2025 09:00 - 21.02.2025 10:00","2310","2308","2308","1370","1365","1365","11674","11679","11618"
"21.02.2025 10:00 - 21.02.2025 11:00","4456","4542","5273","1371","1370","1370","12402","13253","12975"
"21.02.2025 11:00 - 21.02.2025 12:00","6421","5899","6882","1376","1368","1368","9843","9535","9319"
"21.02.2025 12:00 - 21.02.2025 13:00","7598","6775","7438","1371","1366","1366","9633","9227","9055"
"21.02.2025 13:00 - 21.02.2025 14:00","8192","7212","7330","1370","1368","1368","9964","9632","9484"
"21.02.2025 14:00 - 21.02.2025 15:00","7196","6118","6254","1368","1364","1364","10215","9969","9838"
"21.02.2025 15:00 - 21.02.2025 16:00","5687","4862","4866","1354","1355","1355","10219","10347","10239"
"21.02.2025 16:00 - 21.02.2025 17:00","3302","2843","2845","1326","1301","1301","10437","10807","10684"
"21.02.2025 17:00 - 21.02.2025 18:00","1391","1156","1156","1249","1261","1261","12110","11689","11611"
"21.02.2025 18:00 - 21.02.2025 19:00","48","43","43","1206","1150","1150","12172","12205","12067"
"21.02.2025 19:00 - 21.02.2025 20:00","0","0","0","1167","1080","1080","12223","12629","12467"
"21.02.2025 20:00 - 21.02.2025 21:00","0","0","0","1150","997","997","11738","12631","12413"
"21.02.2025 21:00 - 21.02.2025 22:00","0","0","0","1092","1048","1048","11375","12140","12036"
"21.02.2025 22:00 - 21.02.2025 23:00","0","0","0","1021","1022","1022","10875","11863","11806"
"21.02.2025 23:00 - 22.02.2025 00:00","0","0","0","884","945","945","10816","11520","11524"
"22.02.2025 00:00 - 22.02.2025 01:00","0","0","0","751","751","751","11555","11216","11967"
"22.02.2025 01:00 - 22.02.2025 02:00","0","0","0","699","699","699","11298","10996","11695"
"22.02.2025 02:00 - 22.02.2025 03:00","0","0","0","638","638","638","10798","10523","11161"
"22.02.2025 03:00 - 22.02.2025 04:00","0","0","0","587","587","587","10215","9961","10549"
"22.02.2025 04:00 - 22.02.2025 05:00","0","0","0","469","469","469","10143","9907","10376"
"22.02.2025 05:00 - 22.02.2025 06:00","0","0","0","517","517","517","9804","9582","10098"
"22.02.2025 06:00 - 22.02.2025 07:00","0","0","0","523","523","523","9676","9465","9988"
"22.02.2025 07:00 - 22.02.2025 08:00","0","0","0","519","547","547","9603","9112","9375"
"22.02.2025 08:00 - 22.02.2025 09:00","240","240","240","526","517","517","9726","9368","9540"
"22.02.2025 09:00 - 22.02.2025 10:00","1782","1604","1604","522","509","509","9098","8877","8923"
"22.02.2025 10:00 - 22.02.2025 11:00","2920","3070","3637","526","530","530","8831","8671","8637"
"22.02.2025 11:00 - 22.02.2025 12:00","4191","4007","4504","482","536","536","8233","8469","8521"
"22.02.2025 12:00 - 22.02.2025 13:00","5036","4283","5084","442","472","472","8350","8835","8877"
"22.02.2025 13:00 - 22.02.2025 14:00","5268","4782","5145","479","464","464","8791","7938","7936"
"22.02.2025 14:00 - 22.02.2025 15:00","4829","4333","4358","521","457","457","8457","6475","6429"
"22.02.2025 15:00 - 22.02.2025 16:00","3937","3577","3576","564","455","455","7650","5824","5728"
"22.02.2025 16:00 - 22.02.2025 17:00","2640","2325","2324","564","454","454","6395","4681","4578"
"22.02.2025 17:00 - 22.02.2025 18:00","1373","1260","1259","485","392","392","4826","3414","3328"
"22.02.2025 18:00 - 22.02.2025 19:00","72","65","65","352","331","331","3963","2701","2690"
"22.02.2025 19:00 - 22.02.2025 20:00","0","0","0","286","298","298","3350","2464","2493"
"22.02.2025 20:00 - 22.02.2025 21:00","0","0","0","253","239","239","2897","2378","2383"
"22.02.2025 21:00 - 22.02.2025 22:00","0","0","0","236","217","217","2720","2389","2389"
"22.02.2025 22:00 - 22.02.2025 23:00","0","0","0","298","251","251","2628","2345","2313"
"22.02.2025 23:00 - 23.02.2025 00:00","0","0","0","350","310","310","2680","2295","2271"
"23.02.2025 00:00 - 23.02.2025 01:00","0","0","0","389","389","389","2685","2509","2898"
"23.02.2025 01:00 - 23.02.2025 02:00","0","0","0","473","473","473","2409","2253","2726"
"23.02.2025 02:00 - 23.02.2025 03:00","0","0","0","510","510","510","2314","2172","2682"
"23.02.2025 03:00 - 23.02.2025 04:00","0","0","0","579","579","579","2245","2117","2696"
"23.02.2025 04:00 - 23.02.2025 05:00","0","0","0","593","593","593","2382","2262","2855"
"23.02.2025 05:00 - 23.02.2025 06:00","0","0","0","636","636","636","2515","2400","3036"
"23.02.2025 06:00 - 23.02.2025 07:00","0","0","0","714","714","714","2811","2700","3414"
"23.02.2025 07:00 - 23.02.2025 08:00","0","0","0","783","803","803","3047","2411","2920"
"23.02.2025 08:00 - 23.02.2025 09:00","343","395","395","863","911","911","3288","3119","3135"
"23.02.2025 09:00 - 23.02.2025 10:00","2518","3058","3058","945","939","939","3420","3629","3324"
"23.02.2025 10:00 - 23.02.2025 11:00","4788","6539","5988","1092","1107","1107","3704","4284","4249"
"23.02.2025 11:00 - 23.02.2025 12:00","6836","9077","8368","1160","1197","1197","3180","2919","2939"
"23.02.2025 12:00 - 23.02.2025 13:00","8325","10538","10184","1210","1256","1256","3882","3522","3565"
"23.02.2025 13:00 - 23.02.2025 14:00","8790","10932","10463","1259","1262","1262","5115","4691","4699"
"23.02.2025 14:00 - 23.02.2025 15:00","8325","10052","9964","1303","1286","1286","6172","5652","5645"
"23.02.2025 15:00 - 23.02.2025 16:00","6861","8031","8031","1316","1329","1329","6812","6050","6079"
"23.02.2025 16:00 - 23.02.2025 17:00","4639","5041","5042","1339","1347","1347","7298","6289","6314"
"23.02.2025 17:00 - 23.02.2025 18:00","1975","2056","2057","1336","1351","1351","7123","6267","6302"
"23.02.2025 18:00 - 23.02.2025 19:00","95","95","95","1344","1355","1355","7399","6987","7021"
"23.02.2025 19:00 - 23.02.2025 20:00","0","0","0","1351","1357","1357","8201","7696","7727"
"23.02.2025 20:00 - 23.02.2025 21:00","0","0","0","1355","1367","1367","8959","8074","8111"
"23.02.2025 21:00 - 23.02.2025 22:00","0","0","0","1362","1372","1372","9703","8451","8486"
"23.02.2025 22:00 - 23.02.2025 23:00","0","0","0","1368","1374","1374","10134","8893","8926"
"23.02.2025 23:00 - 24.02.2025 00:00","0","0","0","1370","1376","1376","10390","9397","9429"
"24.02.2025 00:00 - 24.02.2025 01:00","0","0","0","1372","1372","1372","10164","10014","11386"
"24.02.2025 01:00 - 24.02.2025 02:00","0","0","0","1371","1371","1371","10447","10306","11677"
"24.02.2025 02:00 - 24.02.2025 03:00","0","0","0","1370","1370","1370","10679","10546","11916"
"24.02.2025 03:00 - 24.02.2025 04:00","0","0","0","1369","1369","1369","10787","10662","12031"
"24.02.2025 04:00 - 24.02.2025 05:00","0","0","0","1368","1368","1368","11002","10885","12253"
"24.02.2025 05:00 - 24.02.2025 06:00","0","0","0","1366","1366","1366","11199","11087","12453"
"24.02.2025 06:00 - 24.02.2025 07:00","0","0","0","1365","1365","1365","11458","11350","12716"
"24.02.2025 07:00 - 24.02.2025 08:00","0","0","0","1287","1344","1344","11607","11819","11444"
"24.02.2025 08:00 - 24.02.2025 09:00","410","332","332","1135","1284","1284","11841","11855","11592"
"24.02.2025 09:00 - 24.02.2025 10:00","2389","2001","2001","1147","1284","1284","11465","11524","11231"
"24.02.2025 10:00 - 24.02.2025 11:00","3983","3657","3854","1231","1254","1254","11532","11771","12202"
"24.02.2025 11:00 - 24.02.2025 12:00","5570","4829","5034","1125","1220","1220","10014","10383","10750"
"24.02.2025 12:00 - 24.02.2025 13:00","6424","5951","5643","975","1014","1014","9189","10196","10447"
"24.02.2025 13:00 - 24.02.2025 14:00","7137","6008","5750","781","915","915","8527","9754","10060"
"24.02.2025 14:00 - 24.02.2025 15:00","6335","5639","5732","643","803","803","8273","9002","9305"
"24.02.2025 15:00 - 24.02.2025 16:00","4843","4466","4471","544","779","779","7963","7944","8295"
"24.02.2025 16:00 - 24.02.2025 17:00","3074","2700","2701","492","703","703","7441","7140","7449"
"24.02.2025 17:00 - 24.02.2025 18:00","1376","1286","1286","399","635","635","6619","6998","7320"
"24.02.2025 18:00 - 24.02.2025 19:00","78","72","72","358","527","527","6187","6686","6930"
"24.02.2025 19:00 - 24.02.2025 20:00","0","0","0","316","464","464","5411","6156","6370"
"24.02.2025 20:00 - 24.02.2025 21:00","0","0","0","477","629","629","5059","6036","6250"
"24.02.2025 21:00 - 24.02.2025 22:00","0","0","0","594","687","687","4970","5939","6089"
"24.02.2025 22:00 - 24.02.2025 23:00","0","0","0","528","680","680","5001","5342","5547"
"24.02.2025 23:00 - 25.02.2025 00:00","0","0","0","395","539","539","4810","4949","5143"
"25.02.2025 00:00 - 25.02.2025 01:00","0","0","0","467","467","467","3570","3537","4004"
"25.02.2025 01:00 - 25.02.2025 02:00","0","0","0","388","388","388","3147","3119","3507"
"25.02.2025 02:00 - 25.02.2025 03:00","0","0","0","317","317","317","2975","2948","3264"
"25.02.2025 03:00 - 25.02.2025 04:00","0","0","0","349","349","349","2718","2692","3040"
"25.02.2025 04:00 - 25.02.2025 05:00","0","0","0","678","678","678","2239","2215","2893"
"25.02.2025 05:00 - 25.02.2025 06:00","0","0","0","745","745","745","2223","2200","2946"
"25.02.2025 06:00 - 25.02.2025 07:00","0","0","0","418","418","418","2695","2673","3091"
"25.02.2025 07:00 - 25.02.2025 08:00","0","0","0","549","549","887","3023","5099","2664"
"25.02.2025 08:00 - 25.02.2025 09:00","296","288","288","678","678","818","3383","5720","3225"
"25.02.2025 09:00 - 25.02.2025 10:00","1834","1825","1825","709","709","805","3696","6040","3580"
"25.02.2025 10:00 - 25.02.2025 11:00","3471","3656","3579","800","800","835","4028","6509","6616"
"25.02.2025 11:00 - 25.02.2025 12:00","4923","4765","4799","825","825","908","4387","7263","7397"
"25.02.2025 12:00 - 25.02.2025 13:00","5644","5562","5620","894","894","871","5342","8031","7999"
"25.02.2025 13:00 - 25.02.2025 14:00","5885","5850","5782","949","949","929","6380","8605","8557"
"25.02.2025 14:00 - 25.02.2025 15:00","6096","5413","5418","1001","1001","985","7170","9187","9124"
"25.02.2025 15:00 - 25.02.2025 16:00","5280","4613","4616","1014","1014","1007","7712","9588","9552"
"25.02.2025 16:00 - 25.02.2025 17:00","3812","3430","3432","1023","1023","952","8315","10409","10325"
"25.02.2025 17:00 - 25.02.2025 18:00","1865","1624","1625","1004","1004","1037","8615","10526","10563"
"25.02.2025 18:00 - 25.02.2025 19:00","139","128","128","991","991","1015","8455","10457","10487"
"25.02.2025 19:00 - 25.02.2025 20:00","0","0","0","971","971","943","7931","10341","10323"
"25.02.2025 20:00 - 25.02.2025 21:00","0","0","0","926","926","918","7897","10346","10346"
"25.02.2025 21:00 - 25.02.2025 22:00","0","0","0","761","761","816","8446","10899","10963"
"25.02.2025 22:00 - 25.02.2025 23:00","0","0","0","706","706","709","8537","10860","10873"
"25.02.2025 23:00 - 26.02.2025 00:00","0","0","0","678","678","818","8212","10437","10589"
"26.02.2025 00:00 - 26.02.2025 01:00","0","0","0","746","746","746","10394","10313","11059"
"26.02.2025 01:00 - 26.02.2025 02:00","0","0","0","752","752","752","9758","9696","10448"
"26.02.2025 02:00 - 26.02.2025 03:00","0","0","0","657","657","657","9131","9082","9739"
"26.02.2025 03:00 - 26.02.2025 04:00","0","0","0","629","629","629","8437","8396","9025"
"26.02.2025 04:00 - 26.02.2025 05:00","0","0","0","604","604","604","7854","7822","8426"
"26.02.2025 05:00 - 26.02.2025 06:00","0","0","0","591","591","591","7259","7236","7827"
"26.02.2025 06:00 - 26.02.2025 07:00","0","0","0","734","734","734","6791","6772","7506"
"26.02.2025 07:00 - 26.02.2025 08:00","0","0","0","769","874","874","6366","6342","6244"
"26.02.2025 08:00 - 26.02.2025 09:00","605","634","634","939","1008","1008","6171","6202","6089"
"26.02.2025 09:00 - 26.02.2025 10:00","3537","3782","3782","994","1145","1145","6037","5952","5877"
"26.02.2025 10:00 - 26.02.2025 11:00","6412","7267","7795","1068","1190","1190","5771","5979","6090"
"26.02.2025 11:00 - 26.02.2025 12:00","8869","9439","10013","1145","1279","1279","6063","6194","6303"
"26.02.2025 12:00 - 26.02.2025 13:00","10141","10348","10851","1159","1323","1323","7810","7668","7809"
"26.02.2025 13:00 - 26.02.2025 14:00","10442","10299","10838","1208","1336","1336","8778","9194","9293"
"26.02.2025 14:00 - 26.02.2025 15:00","9733","9442","9489","1160","1329","1329","10113","10964","11106"
"26.02.2025 15:00 - 26.02.2025 16:00","7905","7599","7599","1259","1313","1313","10365","11789","11817"
"26.02.2025 16:00 - 26.02.2025 17:00","5268","4821","4822","1238","1274","1274","10443","11803","11814"
"26.02.2025 17:00 - 26.02.2025 18:00","2141","1999","2000","1145","1219","1219","9761","11453","11503"
"26.02.2025 18:00 - 26.02.2025 19:00","134","118","118","1116","1167","1167","9372","11777","11807"
"26.02.2025 19:00 - 26.02.2025 20:00","0","0","0","1050","1149","1149","9961","11324","11404"
"26.02.2025 20:00 - 26.02.2025 21:00","0","0","0","946","1101","1101","9930","10719","10854"
"26.02.2025 21:00 - 26.02.2025 22:00","0","0","0","913","1021","1021","9839","10099","10187"
"26.02.2025 22:00 - 26.02.2025 23:00","0","0","0","880","956","956","9613","9332","9388"
"26.02.2025 23:00 - 27.02.2025 00:00","0","0","0","845","909","909","8967","8491","8534"
"27.02.2025 00:00 - 27.02.2025 01:00","0","0","0","839","839","839","8105","8013","8852"
"27.02.2025 01:00 - 27.02.2025 02:00","0","0","0","812","812","812","7036","6956","7768"
"27.02.2025 02:00 - 27.02.2025 03:00","0","0","0","766","766","766","6299","6230","6995"
"27.02.2025 03:00 - 27.02.2025 04:00","0","0","0","790","790","790","5642","5578","6368"
"27.02.2025 04:00 - 27.02.2025 05:00","0","0","0","748","748","748","5161","5102","5851"
"27.02.2025 05:00 - 27.02.2025 06:00","0","0","0","717","717","717","4841","4787","5504"
"27.02.2025 06:00 - 27.02.2025 07:00","0","0","0","718","718","718","4556","4506","5225"
"27.02.2025 07:00 - 27.02.2025 08:00","0","0","0","692","694","694","4392","3899","4346"
"27.02.2025 08:00 - 27.02.2025 09:00","601","581","581","617","638","638","4372","3816","4308"
"27.02.2025 09:00 - 27.02.2025 10:00","3312","3119","3119","560","596","596","4005","3507","3928"
"27.02.2025 10:00 - 27.02.2025 11:00","5842","5628","6763","493","536","536","3708","3167","3406"
"27.02.2025 11:00 - 27.02.2025 12:00","8263","7492","8579","415","400","400","4087","3333","3442"
"27.02.2025 12:00 - 27.02.2025 13:00","9418","8612","9391","357","288","288","4929","4186","4211"
"27.02.2025 13:00 - 27.02.2025 14:00","9809","9292","9214","280","247","247","5062","4243","4284"
"27.02.2025 14:00 - 27.02.2025 15:00","8959","8250","8268","236","219","219","5309","4613","4656"
"27.02.2025 15:00 - 27.02.2025 16:00","7386","6502","6505","189","195","195","5656","4754","4808"
"27.02.2025 16:00 - 27.02.2025 17:00","4626","4045","4047","182","188","188","5555","4827","4873"
"27.02.2025 17:00 - 27.02.2025 18:00","2118","1957","1958","172","191","191","5008","4388","4444"
"27.02.2025 18:00 - 27.02.2025 19:00","152","140","140","191","184","184","4082","3464","3488"
"27.02.2025 19:00 - 27.02.2025 20:00","0","0","0","212","170","170","3810","3620","3605"
"27.02.2025 20:00 - 27.02.2025 21:00","0","0","0","214","234","234","3818","3751","3795"
"27.02.2025 21:00 - 27.02.2025 22:00","0","0","0","298","207","207","3880","4071","4002"
"27.02.2025 22:00 - 27.02.2025 23:00","0","0","0","299","313","313","4088","4027","4061"
"27.02.2025 23:00 - 28.02.2025 00:00","0","0","0","315","317","317","4147","4017","4042"
"28.02.2025 00:00 - 28.02.2025 01:00","0","0","0","294","294","294","3840","3831","4126"
"28.02.2025 01:00 - 28.02.2025 02:00","0","0","0","302","302","302","3572","3566","3868"
"28.02.2025 02:00 - 28.02.2025 03:00","0","0","0","305","305","305","3456","3454","3759"
"28.02.2025 03:00 - 28.02.2025 04:00","0","0","0","318","318","318","3396","3396","3713"
"28.02.2025 04:00 - 28.02.2025 05:00","0","0","0","327","327","327","3338","3339","3665"
"28.02.2025 05:00 - 28.02.2025 06:00","0","0","0","322","322","322","3204","3206","3527"
"28.02.2025 06:00 - 28.02.2025 07:00","0","0","0","309","309","309","3013","3015","3324"
"28.02.2025 07:00 - 28.02.2025 08:00","0","0","0","291","278","278","2756","3467","2772"
"28.02.2025 08:00 - 28.02.2025 09:00","735","771","771","276","254","254","2667","3141","2691"
"28.02.2025 09:00 - 28.02.2025 10:00","4071","4403","4403","233","236","236","2775","3049","2775"
"28.02.2025 10:00 - 28.02.2025 11:00","7357","8390","8787","218","206","206","2376","2690","2958"
"28.02.2025 11:00 - 28.02.2025 12:00","10053","11023","11585","190","183","183","2335","2584","2756"
"28.02.2025 12:00 - 28.02.2025 13:00","11728","12104","12736","164","150","150","2874","3035","3151"
"28.02.2025 13:00 - 28.02.2025 14:00","11866","12664","13070","156","140","140","3377","3479","3564"
"28.02.2025 14:00 - 28.02.2025 15:00","10988","11911","11912","152","163","163","3596","3713","3805"
"28.02.2025 15:00 - 28.02.2025 16:00","9127","9747","9749","151","180","180","3784","3957","4051"
"28.02.2025 16:00 - 28.02.2025 17:00","6108","6545","6546","183","199","199","4049","4168","4236"
"28.02.2025 17:00 - 28.02.2025 18:00","2746","2930","2931","237","270","270","3980","4074","4151"
"28.02.2025 18:00 - 28.02.2025 19:00","225","236","236","378","456","456","3628","3696","3814"
"28.02.2025 19:00 - 28.02.2025 20:00","0","0","0","533","584","584","4258","4468","4554"
"28.02.2025 20:00 - 28.02.2025 21:00","0","0","0","692","641","641","4833","5247","5226"
"28.02.2025 21:00 - 28.02.2025 22:00","0","0","0","696","707","707","5338","5674","5715"
"28.02.2025 22:00 - 28.02.2025 23:00","0","0","0","689","683","683","5480","5908","5928"
"28.02.2025 23:00 - 01.03.2025 00:00","0","0","0","674","686","686","5306","5804","5841"
"01.03.2025 00:00 - 01.03.2025 01:00","0","0","0","722","722","722","5311","5337","6059"
"01.03.2025 01:00 - 01.03.2025 02:00","0","0","0","656","656","656","5119","5145","5801"
"01.03.2025 02:00 - 01.03.2025 03:00","0","0","0","625","625","625","4980","5007","5632"
"01.03.2025 03:00 - 01.03.2025 04:00","0","0","0","595","595","595","5009","5035","5630"
"01.03.2025 04:00 - 01.03.2025 05:00","0","0","0","578","578","578","5095","5119","5697"
"01.03.2025 05:00 - 01.03.2025 06:00","0","0","0","570","570","570","5289","5311","5881"
"01.03.2025 06:00 - 01.03.2025 07:00","0","0","0","591","591","591","5446","5467","6057"
"01.03.2025 07:00 - 01.03.2025 08:00","0","0","0","618","572","572","5483","5536","5548"
"01.03.2025 08:00 - 01.03.2025 09:00","740","804","804","667","625","625","5628","5562","5689"
"01.03.2025 09:00 - 01.03.2025 10:00","3723","4122","4122","747","674","674","5317","5072","5409"
"01.03.2025 10:00 - 01.03.2025 11:00","6533","7584","8448","783","659","659","5304","5017","4981"
"01.03.2025 11:00 - 01.03.2025 12:00","8828","9837","10697","779","687","687","5838","5669","5620"
"01.03.2025 12:00 - 01.03.2025 13:00","10075","11150","11803","783","662","662","7142","7036","6943"
"01.03.2025 13:00 - 01.03.2025 14:00","10525","11463","11959","788","660","660","8045","8081","7971"
"01.03.2025 14:00 - 01.03.2025 15:00","10030","10605","10748","795","766","766","8397","8727","8707"
"01.03.2025 15:00 - 01.03.2025 16:00","8327","8722","8725","884","809","809","8631","9083","9010"
"01.03.2025 16:00 - 01.03.2025 17:00","5703","5955","5957","938","888","888","8833","9038","8986"
"01.03.2025 17:00 - 01.03.2025 18:00","2726","2810","2811","974","999","999","8436","8717","8738"
"01.03.2025 18:00 - 01.03.2025 19:00","262","277","277","1024","1066","1066","7274","7837","7873"
"01.03.2025 19:00 - 01.03.2025 20:00","0","0","0","1057","1130","1130","7831","8230","8297"
"01.03.2025 20:00 - 01.03.2025 21:00","0","0","0","1114","1150","1150","8141","8437","8463"
"01.03.2025 21:00 - 01.03.2025 22:00","0","0","0","1096","1134","1134","8328","8515","8543"
"01.03.2025 22:00 - 01.03.2025 23:00","0","0","0","1082","1114","1114","8180","8169","8192"
"01.03.2025 23:00 - 02.03.2025 00:00","0","0","0","988","1063","1063","7993","7774","7841"
"02.03.2025 00:00 - 02.03.2025 01:00","0","0","0","1072","1072","1072","7599","7645","8717"
"02.03.2025 01:00 - 02.03.2025 02:00","0","0","0","1059","1059","1059","7394","7426","8485"
"02.03.2025 02:00 - 02.03.2025 03:00","0","0","0","991","991","991","7172","7195","8186"
"02.03.2025 03:00 - 02.03.2025 04:00","0","0","0","934","934","934","6975","6992","7926"
"02.03.2025 04:00 - 02.03.2025 05:00","0","0","0","886","886","886","6828","6841","7727"
"02.03.2025 05:00 - 02.03.2025 06:00","0","0","0","863","863","863","6884","6892","7754"
"02.03.2025 06:00 - 02.03.2025 07:00","0","0","0","815","815","815","6947","6947","7762"
"02.03.2025 07:00 - 02.03.2025 08:00","0","0","0","749","796","796","6840","7343","6792"
"02.03.2025 08:00 - 02.03.2025 09:00","861","964","964","834","821","821","6803","7204","6813"
"02.03.2025 09:00 - 02.03.2025 10:00","4205","4746","4746","893","826","826","7314","7262","7378"
"02.03.2025 10:00 - 02.03.2025 11:00","7618","8939","9068","833","791","791","3835","3991","3765"
"02.03.2025 11:00 - 02.03.2025 12:00","10171","11546","11821","697","680","680","3471","3624","3434"
"02.03.2025 12:00 - 02.03.2025 13:00","11769","12989","13214","629","617","617","3444","3336","3166"
"02.03.2025 13:00 - 02.03.2025 14:00","12226","13156","13302","575","574","574","3242","2923","2781"
"02.03.2025 14:00 - 02.03.2025 15:00","11366","12010","12148","541","567","567","2954","2567","2464"
"02.03.2025 15:00 - 02.03.2025 16:00","9193","10103","10112","525","490","490","2733","2524","2370"
"02.03.2025 16:00 - 02.03.2025 17:00","6252","6765","6770","559","463","463","2634","2596","2387"
"02.03.2025 17:00 - 02.03.2025 18:00","2786","3086","3087","574","513","513","2704","2824","2654"
"02.03.2025 18:00 - 02.03.2025 19:00","259","277","277","611","594","594","3144","3441","3322"
"02.03.2025 19:00 - 02.03.2025 20:00","0","0","0","650","644","644","4638","4915","4812"
"02.03.2025 20:00 - 02.03.2025 21:00","0","0","0","638","595","595","5589","5703","5565"
"02.03.2025 21:00 - 02.03.2025 22:00","0","0","0","593","559","559","5694","5641","5516"
"02.03.2025 22:00 - 02.03.2025 23:00","0","0","0","534","466","466","5407","5266","5109"
"02.03.2025 23:00 - 03.03.2025 00:00","0","0","0","486","388","388","4942","4734","4550"
"03.03.2025 00:00 - 03.03.2025 01:00","0","0","0","324","324","324","3855","3690","4014"
"03.03.2025 01:00 - 03.03.2025 02:00","0","0","0","285","285","285","3323","3178","3462"
"03.03.2025 02:00 - 03.03.2025 03:00","0","0","0","244","244","244","2976","2846","3090"
"03.03.2025 03:00 - 03.03.2025 04:00","0","0","0","224","224","224","2664","2544","2768"
"03.03.2025 04:00 - 03.03.2025 05:00","0","0","0","221","221","221","2437","2327","2548"
"03.03.2025 05:00 - 03.03.2025 06:00","0","0","0","228","228","228","2396","2293","2520"
"03.03.2025 06:00 - 03.03.2025 07:00","0","0","0","218","218","218","2332","2233","2451"
"03.03.2025 07:00 - 03.03.2025 08:00","0","0","0","207","206","206","2193","2087","2100"
"03.03.2025 08:00 - 03.03.2025 09:00","980","1118","1118","201","210","210","2165","1976","2064"
"03.03.2025 09:00 - 03.03.2025 10:00","4591","5217","5217","203","210","210","2266","1974","2172"
"03.03.2025 10:00 - 03.03.2025 11:00","8052","9388","9302","189","192","192","1573","1540","1563"
"03.03.2025 11:00 - 03.03.2025 12:00","10454","11844","12040","205","194","194","1151","1037","1045"
"03.03.2025 12:00 - 03.03.2025 13:00","11733","12889","13085","235","203","203","1308","1182","1155"
"03.03.2025 13:00 - 03.03.2025 14:00","11532","12946","12847","199","187","187","1457","1350","1337"
"03.03.2025 14:00 - 03.03.2025 15:00","10466","11707","11592","184","192","192","1458","1369","1375"
"03.03.2025 15:00 - 03.03.2025 16:00","8328","9301","9307","195","177","177","1450","1417","1395"
"03.03.2025 16:00 - 03.03.2025 17:00","5524","6171","6176","209","187","187","1517","1517","1489"
"03.03.2025 17:00 - 03.03.2025 18:00","2497","2724","2726","246","199","199","1630","1620","1566"
"03.03.2025 18:00 - 03.03.2025 19:00","255","264","264","305","253","253","2072","1976","1919"
"03.03.2025 19:00 - 03.03.2025 20:00","0","0","0","298","325","325","2857","2714","2736"
"03.03.2025 20:00 - 03.03.2025 21:00","0","0","0","316","326","326","3309","3283","3288"
"03.03.2025 21:00 - 03.03.2025 22:00","0","0","0","336","305","305","3592","3595","3558"
"03.03.2025 22:00 - 03.03.2025 23:00","0","0","0","278","251","251","3642","3762","3729"
"03.03.2025 23:00 - 04.03.2025 00:00","0","0","0","237","248","248","3454","3536","3542"
"04.03.2025 00:00 - 04.03.2025 01:00","0","0","0","246","246","246","3010","2918","3163"
"04.03.2025 01:00 - 04.03.2025 02:00","0","0","0","263","263","263","2765","2684","2947"
"04.03.2025 02:00 - 04.03.2025 03:00","0","0","0","282","282","282","2574","2504","2785"
"04.03.2025 03:00 - 04.03.2025 04:00","0","0","0","267","267","267","2399","2337","2604"
"04.03.2025 04:00 - 04.03.2025 05:00","0","0","0","258","258","258","2267","2211","2469"
"04.03.2025 05:00 - 04.03.2025 06:00","0","0","0","260","260","260","2343","2290","2551"
"04.03.2025 06:00 - 04.03.2025 07:00","0","0","0","261","261","261","2334","2285","2545"
"04.03.2025 07:00 - 04.03.2025 08:00","0","0","0","251","271","271","2257","2402","2190"
"04.03.2025 08:00 - 04.03.2025 09:00","936","1003","1003","243","261","261","2271","2433","2209"
"04.03.2025 09:00 - 04.03.2025 10:00","4193","4395","4395","205","230","230","2254","2453","2187"
"04.03.2025 10:00 - 04.03.2025 11:00","7491","7967","8321","181","188","188","1802","2203","2235"
"04.03.2025 11:00 - 04.03.2025 12:00","9892","10423","10876","153","147","147","1124","1292","1293"
"04.03.2025 12:00 - 04.03.2025 13:00","11564","11455","11986","134","142","142","1100","1147","1155"
"04.03.2025 13:00 - 04.03.2025 14:00","11863","11961","12032","109","107","107","1128","1196","1189"
"04.03.2025 14:00 - 04.03.2025 15:00","11084","10720","10757","113","119","119","1206","1239","1235"
"04.03.2025 15:00 - 04.03.2025 16:00","8901","9082","9087","122","139","139","1334","1278","1281"
"04.03.2025 16:00 - 04.03.2025 17:00","6098","5995","5997","121","155","155","1514","1422","1440"
"04.03.2025 17:00 - 04.03.2025 18:00","2951","2873","2874","121","144","144","1697","1558","1563"
"04.03.2025 18:00 - 04.03.2025 19:00","314","322","322","132","135","135","2019","1895","1880"
"04.03.2025 19:00 - 04.03.2025 20:00","0","0","0","161","166","166","2490","2444","2431"
"04.03.2025 20:00 - 04.03.2025 21:00","0","0","0","184","194","194","2740","2749","2742"
"04.03.2025 21:00 - 04.03.2025 22:00","0","0","0","224","177","177","2795","2966","2900"
"04.03.2025 22:00 - 04.03.2025 23:00","0","0","0","250","163","163","2757","3023","2918"
"04.03.2025 23:00 - 05.03.2025 00:00","0","0","0","240","138","138","2651","2874","2753"
"05.03.2025 00:00 - 05.03.2025 01:00","0","0","0","126","126","126","2623","2502","2628"
"05.03.2025 01:00 - 05.03.2025 02:00","0","0","0","103","103","103","2487","2383","2486"
"05.03.2025 02:00 - 05.03.2025 03:00","0","0","0","94","94","94","2342","2251","2345"
"05.03.2025 03:00 - 05.03.2025 04:00","0","0","0","96","96","96","2120","2042","2138"
"05.03.2025 04:00 - 05.03.2025 05:00","0","0","0","93","93","93","1968","1903","1995"
"05.03.2025 05:00 - 05.03.2025 06:00","0","0","0","108","108","108","2008","1943","2051"
"05.03.2025 06:00 - 05.03.2025 07:00","0","0","0","139","139","139","2172","2110","2249"
"05.03.2025 07:00 - 05.03.2025 08:00","0","0","0","135","138","138","2382","2301","2322"
"05.03.2025 08:00 - 05.03.2025 09:00","1343","1357","1357","137","180","180","2722","2623","2625"
"05.03.2025 09:00 - 05.03.2025 10:00","5900","6019","6019","166","174","174","2745","2697","2686"
"05.03.2025 10:00 - 05.03.2025 11:00","10687","10891","11013","169","177","177","2866","2829","2853"
"05.03.2025 11:00 - 05.03.2025 12:00","13793","14108","14129","201","191","191","1600","1589","1639"
"05.03.2025 12:00 - 05.03.2025 13:00","15219","15685","15730","220","212","212","1507","1497","1556"
"05.03.2025 13:00 - 05.03.2025 14:00","15407","15902","16020","177","192","192","1631","1603","1671"
"05.03.2025 14:00 - 05.03.2025 15:00","14216","14854","14946","189","165","165","1672","1685","1695"
"05.03.2025 15:00 - 05.03.2025 16:00","11779","12532","12546","211","132","132","1748","1817","1766"
"05.03.2025 16:00 - 05.03.2025 17:00","8048","8727","8734","214","114","114","1875","1967","1892"
"05.03.2025 17:00 - 05.03.2025 18:00","3744","3995","3998","189","123","123","2071","2129","2085"
"05.03.2025 18:00 - 05.03.2025 19:00","439","470","470","180","155","155","2527","2544","2539"
"05.03.2025 19:00 - 05.03.2025 20:00","0","0","0","230","183","183","3393","3433","3405"
"05.03.2025 20:00 - 05.03.2025 21:00","0","0","0","252","195","195","4383","4431","4394"
"05.03.2025 21:00 - 05.03.2025 22:00","0","0","0","376","272","272","5253","5348","5263"
"05.03.2025 22:00 - 05.03.2025 23:00","0","0","0","418","334","334","5885","5961","5894"
"05.03.2025 23:00 - 06.03.2025 00:00","0","0","0","448","411","411","6080","6109","6090"
"06.03.2025 00:00 - 06.03.2025 01:00","0","0","0","572","572","572","5482","5325","5897"
"06.03.2025 01:00 - 06.03.2025 02:00","0","0","0","627","627","627","5596","5460","6087"
"06.03.2025 02:00 - 06.03.2025 03:00","0","0","0","699","699","699","5816","5694","6393"
"06.03.2025 03:00 - 06.03.2025 04:00","0","0","0","798","798","798","6099","5988","6786"
"06.03.2025 04:00 - 06.03.2025 05:00","0","0","0","876","876","876","6224","6124","7000"
"06.03.2025 05:00 - 06.03.2025 06:00","0","0","0","913","913","913","6474","6382","7295"
"06.03.2025 06:00 - 06.03.2025 07:00","0","0","0","1003","1003","1003","7006","6920","7923"
"06.03.2025 07:00 - 06.03.2025 08:00","0","0","0","1001","960","960","7574","7129","7534"
"06.03.2025 08:00 - 06.03.2025 09:00","1247","1265","1265","965","1028","1028","7927","7433","7786"
"06.03.2025 09:00 - 06.03.2025 10:00","5188","5326","5326","991","1068","1068","7811","7507","7660"
"06.03.2025 10:00 - 06.03.2025 11:00","8995","9252","10089","1122","1083","1083","8049","7806","7833"
"06.03.2025 11:00 - 06.03.2025 12:00","11538","11999","12772","1084","1041","1041","5172","5025","5032"
"06.03.2025 12:00 - 06.03.2025 13:00","12663","13104","13789","1048","982","982","5590","5523","5499"
"06.03.2025 13:00 - 06.03.2025 14:00","12063","13035","13596","1032","994","994","6548","6339","6336"
"06.03.2025 14:00 - 06.03.2025 15:00","11195","12079","12052","1003","1042","1042","6885","6641","6708"
"06.03.2025 15:00 - 06.03.2025 16:00","9062","9990","10002","971","1014","1014","6865","6567","6633"
"06.03.2025 16:00 - 06.03.2025 17:00","6136","6876","6882","952","986","986","6652","6313","6367"
"06.03.2025 17:00 - 06.03.2025 18:00","3060","3306","3308","959","958","958","6280","5834","5852"
"06.03.2025 18:00 - 06.03.2025 19:00","396","425","425","905","951","951","6846","6064","6129"
"06.03.2025 19:00 - 06.03.2025 20:00","0","0","0","918","967","967","8242","7310","7376"
"06.03.2025 20:00 - 06.03.2025 21:00","0","0","0","969","1019","1019","9278","8443","8510"
"06.03.2025 21:00 - 06.03.2025 22:00","0","0","0","996","1027","1027","9718","9097","9144"
"06.03.2025 22:00 - 06.03.2025 23:00","0","0","0","1013","1045","1045","9936","9146","9195"
"06.03.2025 23:00 - 07.03.2025 00:00","0","0","0","1024","1038","1038","9803","9177","9207"
"07.03.2025 00:00 - 07.03.2025 01:00","0","0","0","1144","1144","1144","9706","9041","10186"
"07.03.2025 01:00 - 07.03.2025 02:00","0","0","0","1160","1160","1160","9631","9044","10204"
"07.03.2025 02:00 - 07.03.2025 03:00","0","0","0","1169","1169","1169","9438","8910","10078"
"07.03.2025 03:00 - 07.03.2025 04:00","0","0","0","1215","1215","1215","8996","8515","9730"
"07.03.2025 04:00 - 07.03.2025 05:00","0","0","0","1213","1213","1213","8522","8080","9292"
"07.03.2025 05:00 - 07.03.2025 06:00","0","0","0","1205","1205","1205","8231","7819","9024"
"07.03.2025 06:00 - 07.03.2025 07:00","0","0","0","1187","1187","1187","8279","7884","9071"
"07.03.2025 07:00 - 07.03.2025 08:00","0","0","0","1213","1162","1162","8259","7910","7938"
"07.03.2025 08:00 - 07.03.2025 09:00","1291","1262","1262","1133","1135","1135","8633","7981","8273"
"07.03.2025 09:00 - 07.03.2025 10:00","5158","5201","5201","1198","1158","1158","8781","8250","8473"
"07.03.2025 10:00 - 07.03.2025 11:00","8978","9334","9240","1191","1173","1173","6635","6175","5976"
"07.03.2025 11:00 - 07.03.2025 12:00","11468","11847","11848","1170","1171","1171","5615","5468","5314"
"07.03.2025 12:00 - 07.03.2025 13:00","12625","13174","13222","1147","1173","1173","6088","5756","5648"
"07.03.2025 13:00 - 07.03.2025 14:00","12754","13438","13264","1047","1143","1143","6515","5915","5890"
"07.03.2025 14:00 - 07.03.2025 15:00","11716","12528","12654","1016","1066","1066","6865","5923","5862"
"07.03.2025 15:00 - 07.03.2025 16:00","9647","10586","10598","956","929","929","6683","5845","5714"
"07.03.2025 16:00 - 07.03.2025 17:00","6548","7520","7527","865","825","825","6198","5712","5575"
"07.03.2025 17:00 - 07.03.2025 18:00","3342","3703","3705","776","743","743","5680","5209","5085"
"07.03.2025 18:00 - 07.03.2025 19:00","465","516","517","839","691","691","5998","5335","5100"
"07.03.2025 19:00 - 07.03.2025 20:00","0","0","0","1028","835","835","7440","6717","6440"
"07.03.2025 20:00 - 07.03.2025 21:00","0","0","0","989","976","976","9114","8135","8042"
"07.03.2025 21:00 - 07.03.2025 22:00","0","0","0","1035","1050","1050","10029","9054","8995"
"07.03.2025 22:00 - 07.03.2025 23:00","0","0","0","1179","1123","1123","10250","9741","9612"
"07.03.2025 23:00 - 08.03.2025 00:00","0","0","0","1193","1164","1164","10175","9866","9766"
"08.03.2025 00:00 - 08.03.2025 01:00","0","0","0","1208","1208","1208","10114","9528","10736"
"08.03.2025 01:00 - 08.03.2025 02:00","0","0","0","1198","1198","1198","9961","9444","10642"
"08.03.2025 02:00 - 08.03.2025 03:00","0","0","0","1188","1188","1188","9815","9347","10535"
"08.03.2025 03:00 - 08.03.2025 04:00","0","0","0","1175","1175","1175","9736","9307","10482"
"08.03.2025 04:00 - 08.03.2025 05:00","0","0","0","1140","1140","1140","9717","9320","10459"
"08.03.2025 05:00 - 08.03.2025 06:00","0","0","0","1110","1110","1110","9654","9284","10393"
"08.03.2025 06:00 - 08.03.2025 07:00","0","0","0","1091","1091","1091","9691","9343","10433"
"08.03.2025 07:00 - 08.03.2025 08:00","0","0","0","1118","1138","1138","9682","9163","9334"
"08.03.2025 08:00 - 08.03.2025 09:00","1212","1108","1108","1127","1179","1179","9739","9349","9372"
"08.03.2025 09:00 - 08.03.2025 10:00","4538","4249","4249","1106","1143","1143","9967","9299","9626"
"08.03.2025 10:00 - 08.03.2025 11:00","7651","7167","6988","1063","1135","1135","7439","7463","7597"
"08.03.2025 11:00 - 08.03.2025 12:00","9939","8965","8670","1002","1071","1071","6411","6261","6367"
"08.03.2025 12:00 - 08.03.2025 13:00","11261","9994","9721","868","930","930","6779","6677","6772"
"08.03.2025 13:00 - 08.03.2025 14:00","11095","10160","9978","868","855","855","7262","7153","7170"
"08.03.2025 14:00 - 08.03.2025 15:00","10344","9630","9437","880","772","772","7897","7615","7533"
"08.03.2025 15:00 - 08.03.2025 16:00","8542","7864","7862","892","797","797","8416","8303","8231"
"08.03.2025 16:00 - 08.03.2025 17:00","6075","5557","5557","903","893","893","8677","8953","8962"
"08.03.2025 17:00 - 08.03.2025 18:00","3051","2988","2989","997","970","970","8758","9007","8998"
"08.03.2025 18:00 - 08.03.2025 19:00","449","434","435","1023","1080","1080","9706","10054","10131"
"08.03.2025 19:00 - 08.03.2025 20:00","0","0","0","1143","1127","1127","10882","11444","11448"
"08.03.2025 20:00 - 08.03.2025 21:00","0","0","0","1175","1200","1200","11882","12119","12164"
"08.03.2025 21:00 - 08.03.2025 22:00","0","0","0","1220","1210","1210","12190","12202","12210"
"08.03.2025 22:00 - 08.03.2025 23:00","0","0","0","1225","1186","1186","12008","11977","11957"
"08.03.2025 23:00 - 09.03.2025 00:00","0","0","0","1207","1148","1148","11324","11337","11295"
"09.03.2025 00:00 - 09.03.2025 01:00","0","0","0","1179","1179","1179","11154","10474","11653"
"09.03.2025 01:00 - 09.03.2025 02:00","0","0","0","1119","1119","1119","10443","9843","10961"
"09.03.2025 02:00 - 09.03.2025 03:00","0","0","0","1062","1062","1062","9680","9141","10204"
"09.03.2025 03:00 - 09.03.2025 04:00","0","0","0","1006","1006","1006","9223","8729","9735"
"09.03.2025 04:00 - 09.03.2025 05:00","0","0","0","955","955","955","9048","8594","9549"
"09.03.2025 05:00 - 09.03.2025 06:00","0","0","0","932","932","932","9121","8697","9629"
"09.03.2025 06:00 - 09.03.2025 07:00","0","0","0","895","895","895","9073","8674","9569"
"09.03.2025 07:00 - 09.03.2025 08:00","0","0","0","770","827","827","8857","7906","8420"
"09.03.2025 08:00 - 09.03.2025 09:00","1009","852","852","732","781","781","8696","7645","8281"
"09.03.2025 09:00 - 09.03.2025 10:00","3542","2954","2954","611","680","680","8741","7531","8320"
"09.03.2025 10:00 - 09.03.2025 11:00","5530","4919","5102","562","603","603","6684","6910","6338"
"09.03.2025 11:00 - 09.03.2025 12:00","7258","6238","6370","535","565","565","5391","5252","4817"
"09.03.2025 12:00 - 09.03.2025 13:00","7811","6841","6990","504","559","559","4907","4878","4579"
"09.03.2025 13:00 - 09.03.2025 14:00","7420","6755","6754","394","504","504","4910","4603","4433"
"09.03.2025 14:00 - 09.03.2025 15:00","7203","6211","6071","250","364","364","4950","4105","3976"
"09.03.2025 15:00 - 09.03.2025 16:00","6156","5261","5263","257","301","301","4947","4025","3868"
"09.03.2025 16:00 - 09.03.2025 17:00","4264","3591","3592","276","312","312","5011","4237","4105"
"09.03.2025 17:00 - 09.03.2025 18:00","2495","2166","2167","349","366","366","4946","4512","4372"
"09.03.2025 18:00 - 09.03.2025 19:00","430","352","352","365","343","343","5055","4803","4637"
"09.03.2025 19:00 - 09.03.2025 20:00","0","0","0","243","314","314","5330","4877","4817"
"09.03.2025 20:00 - 09.03.2025 21:00","0","0","0","312","408","408","5187","4623","4594"
"09.03.2025 21:00 - 09.03.2025 22:00","0","0","0","464","467","467","4693","4554","4430"
"09.03.2025 22:00 - 09.03.2025 23:00","0","0","0","461","471","471","4456","4000","3891"
"09.03.2025 23:00 - 10.03.2025 00:00","0","0","0","396","388","388","3891","4091","3970"
"10.03.2025 00:00 - 10.03.2025 01:00","0","0","0","393","393","393","2831","2604","2998"
"10.03.2025 01:00 - 10.03.2025 02:00","0","0","0","388","388","388","2590","2433","2821"
"10.03.2025 02:00 - 10.03.2025 03:00","0","0","0","437","437","437","2609","2461","2898"
"10.03.2025 03:00 - 10.03.2025 04:00","0","0","0","316","316","316","2912","2772","3088"
"10.03.2025 04:00 - 10.03.2025 05:00","0","0","0","309","309","309","3165","3041","3350"
"10.03.2025 05:00 - 10.03.2025 06:00","0","0","0","252","252","252","3194","3082","3334"
"10.03.2025 06:00 - 10.03.2025 07:00","0","0","0","270","270","270","3170","3068","3338"
"10.03.2025 07:00 - 10.03.2025 08:00","1","1","1","275","134","134","2821","2272","2870"
"10.03.2025 08:00 - 10.03.2025 09:00","1129","1222","1222","267","117","117","2575","2056","2642"
"10.03.2025 09:00 - 10.03.2025 10:00","4119","4309","4309","231","130","130","2267","1862","2290"
"10.03.2025 10:00 - 10.03.2025 11:00","6673","6697","7476","263","164","164","1808","1553","1576"
"10.03.2025 11:00 - 10.03.2025 12:00","8451","8278","8975","276","140","140","1378","1286","1221"
"10.03.2025 12:00 - 10.03.2025 13:00","9278","8409","9534","267","80","80","1379","1370","1233"
"10.03.2025 13:00 - 10.03.2025 14:00","9279","8493","8944","246","61","61","1334","1400","1256"
"10.03.2025 14:00 - 10.03.2025 15:00","8608","7530","7631","161","51","51","1366","1302","1222"
"10.03.2025 15:00 - 10.03.2025 16:00","6547","6109","6107","90","48","48","1171","1167","1151"
"10.03.2025 16:00 - 10.03.2025 17:00","4629","4058","4058","71","73","73","944","977","999"
"10.03.2025 17:00 - 10.03.2025 18:00","2627","2468","2468","90","114","114","771","877","917"
"10.03.2025 18:00 - 10.03.2025 19:00","493","473","473","122","121","121","737","868","885"
"10.03.2025 19:00 - 10.03.2025 20:00","0","0","0","146","152","152","879","958","979"
"10.03.2025 20:00 - 10.03.2025 21:00","0","0","0","141","146","146","981","1092","1110"
"10.03.2025 21:00 - 10.03.2025 22:00","0","0","0","198","129","129","1116","1263","1206"
"10.03.2025 22:00 - 10.03.2025 23:00","0","0","0","333","115","115","1147","1480","1275"
"10.03.2025 23:00 - 11.03.2025 00:00","0","0","0","349","116","116","1108","1533","1312"
"11.03.2025 00:00 - 11.03.2025 01:00","0","0","0","203","203","203","1202","1213","1416"
"11.03.2025 01:00 - 11.03.2025 02:00","0","0","0","231","231","231","1209","1221","1452"
"11.03.2025 02:00 - 11.03.2025 03:00","0","0","0","301","301","301","1362","1371","1672"
"11.03.2025 03:00 - 11.03.2025 04:00","0","0","0","356","356","356","1345","1352","1707"
"11.03.2025 04:00 - 11.03.2025 05:00","0","0","0","485","485","485","1246","1251","1736"
"11.03.2025 05:00 - 11.03.2025 06:00","0","0","0","590","590","590","1379","1382","1973"
"11.03.2025 06:00 - 11.03.2025 07:00","0","0","0","710","710","710","1460","1462","2173"
"11.03.2025 07:00 - 11.03.2025 08:00","2","3","3","776","750","750","1653","2069","1682"
"11.03.2025 08:00 - 11.03.2025 09:00","1097","1238","1238","785","786","786","1934","2371","1935"
"11.03.2025 09:00 - 11.03.2025 10:00","3889","4071","4071","808","804","804","1976","2352","1983"
"11.03.2025 10:00 - 11.03.2025 11:00","6101","6344","6452","750","911","911","1986","2011","2358"
"11.03.2025 11:00 - 11.03.2025 12:00","7415","7563","8222","695","883","883","2089","1833","2132"
"11.03.2025 12:00 - 11.03.2025 13:00","8335","7939","8638","662","863","863","2112","1837","2115"
"11.03.2025 13:00 - 11.03.2025 14:00","8106","8053","8393","626","832","832","2166","1937","2204"
"11.03.2025 14:00 - 11.03.2025 15:00","7158","7271","7376","597","754","754","2293","2169","2383"
"11.03.2025 15:00 - 11.03.2025 16:00","6211","5879","5879","617","710","710","2482","2487","2631"
"11.03.2025 16:00 - 11.03.2025 17:00","4227","3972","3973","643","706","706","2925","2825","2937"
"11.03.2025 17:00 - 11.03.2025 18:00","2493","2408","2408","630","755","755","3436","3410","3578"
"11.03.2025 18:00 - 11.03.2025 19:00","499","473","473","693","830","830","3832","4239","4412"
"11.03.2025 19:00 - 11.03.2025 20:00","0","0","0","788","828","828","4224","4504","4585"
"11.03.2025 20:00 - 11.03.2025 21:00","0","0","0","717","782","782","4508","4415","4517"
"11.03.2025 21:00 - 11.03.2025 22:00","0","0","0","742","733","733","4321","4352","4373"
"11.03.2025 22:00 - 11.03.2025 23:00","0","0","0","740","709","709","4163","4089","4084"
"11.03.2025 23:00 - 12.03.2025 00:00","0","0","0","676","675","675","3889","3725","3743"
"12.03.2025 00:00 - 12.03.2025 01:00","0","0","0","558","558","558","3384","3361","3918"
"12.03.2025 01:00 - 12.03.2025 02:00","0","0","0","510","510","510","3121","3099","3608"
"12.03.2025 02:00 - 12.03.2025 03:00","0","0","0","484","484","484","3082","3062","3546"
"12.03.2025 03:00 - 12.03.2025 04:00","0","0","0","447","447","447","3084","3064","3511"
"12.03.2025 04:00 - 12.03.2025 05:00","0","0","0","386","386","386","3019","3001","3387"
"12.03.2025 05:00 - 12.03.2025 06:00","0","0","0","369","369","369","2891","2871","3240"
"12.03.2025 06:00 - 12.03.2025 07:00","0","0","0","390","390","390","2661","2640","3031"
"12.03.2025 07:00 - 12.03.2025 08:00","4","6","6","340","250","250","2304","2230","2375"
"12.03.2025 08:00 - 12.03.2025 09:00","988","1054","1054","283","235","235","2167","1984","2196"
"12.03.2025 09:00 - 12.03.2025 10:00","3183","3349","3349","234","170","170","2027","1774","2073"
"12.03.2025 10:00 - 12.03.2025 11:00","4590","5185","5158","177","137","137","2128","1751","1817"
"12.03.2025 11:00 - 12.03.2025 12:00","6434","6663","6484","128","82","82","2085","1751","1755"
"12.03.2025 12:00 - 12.03.2025 13:00","7050","6689","7261","133","58","58","1990","1695","1631"
"12.03.2025 13:00 - 12.03.2025 14:00","7721","7164","7191","69","34","34","1913","1582","1612"
"12.03.2025 14:00 - 12.03.2025 15:00","7341","6651","6740","63","54","54","1834","1581","1576"
"12.03.2025 15:00 - 12.03.2025 16:00","5999","5895","5897","68","31","31","1842","1622","1579"
"12.03.2025 16:00 - 12.03.2025 17:00","4366","4309","4311","86","54","54","1948","1707","1631"
"12.03.2025 17:00 - 12.03.2025 18:00","2852","2799","2800","128","69","69","2071","1759","1766"
"12.03.2025 18:00 - 12.03.2025 19:00","603","580","580","155","103","103","2088","1765","1878"
"12.03.2025 19:00 - 12.03.2025 20:00","0","0","0","177","145","145","2228","1933","2027"
"12.03.2025 20:00 - 12.03.2025 21:00","0","0","0","208","173","173","2388","2116","2063"
"12.03.2025 21:00 - 12.03.2025 22:00","0","0","0","187","233","233","2676","2242","2370"
"12.03.2025 22:00 - 12.03.2025 23:00","0","0","0","255","225","225","2909","2467","2773"
"12.03.2025 23:00 - 13.03.2025 00:00","0","0","0","211","218","218","3178","2628","2943"
"13.03.2025 00:00 - 13.03.2025 01:00","0","0","0","247","247","247","2851","2898","3145"
"13.03.2025 01:00 - 13.03.2025 02:00","0","0","0","200","200","200","2935","2975","3175"
"13.03.2025 02:00 - 13.03.2025 03:00","0","0","0","298","298","298","2975","3011","3310"
"13.03.2025 03:00 - 13.03.2025 04:00","0","0","0","344","344","344","3078","3112","3456"
"13.03.2025 04:00 - 13.03.2025 05:00","0","0","0","434","434","434","2987","3018","3452"
"13.03.2025 05:00 - 13.03.2025 06:00","0","0","0","655","655","655","2858","2887","3542"
"13.03.2025 06:00 - 13.03.2025 07:00","0","0","0","661","661","661","2951","2979","3640"
"13.03.2025 07:00 - 13.03.2025 08:00","10","10","10","713","680","680","2630","3053","2690"
"13.03.2025 08:00 - 13.03.2025 09:00","1291","1323","1323","722","693","693","2486","2737","2540"
"13.03.2025 09:00 - 13.03.2025 10:00","4210","4059","4059","714","660","660","2046","2264","2125"
"13.03.2025 10:00 - 13.03.2025 11:00","6261","6392","6155","673","619","619","1932","2104","2186"
"13.03.2025 11:00 - 13.03.2025 12:00","7988","7835","7578","596","567","567","1782","2048","2027"
"13.03.2025 12:00 - 13.03.2025 13:00","9257","8516","8601","592","572","572","1601","1938","1802"
"13.03.2025 13:00 - 13.03.2025 14:00","9483","8480","8598","477","502","502","1565","1998","1804"
"13.03.2025 14:00 - 13.03.2025 15:00","8839","8153","7994","450","505","505","1591","1981","1807"
"13.03.2025 15:00 - 13.03.2025 16:00","7231","7123","7126","469","511","511","1621","1960","1791"
"13.03.2025 16:00 - 13.03.2025 17:00","5069","5162","5164","475","539","539","1805","2056","2046"
"13.03.2025 17:00 - 13.03.2025 18:00","3130","3143","3144","503","561","561","2032","2038","2043"
"13.03.2025 18:00 - 13.03.2025 19:00","685","666","666","515","561","561","2039","1916","1887"
"13.03.2025 19:00 - 13.03.2025 20:00","0","0","0","535","555","555","2174","2082","1977"
"13.03.2025 20:00 - 13.03.2025 21:00","0","0","0","565","538","538","2380","2348","2265"
"13.03.2025 21:00 - 13.03.2025 22:00","0","0","0","558","512","512","2619","2620","2323"
"13.03.2025 22:00 - 13.03.2025 23:00","0","0","0","507","472","472","2754","2648","2383"
"13.03.2025 23:00 - 14.03.2025 00:00","0","0","0","456","289","289","2719","2575","2273"
"14.03.2025 00:00 - 14.03.2025 01:00","0","0","0","292","292","292","2163","2094","2386"
"14.03.2025 01:00 - 14.03.2025 02:00","0","0","0","254","254","254","2032","1972","2227"
"14.03.2025 02:00 - 14.03.2025 03:00","0","0","0","219","219","219","2036","1983","2201"
"14.03.2025 03:00 - 14.03.2025 04:00","0","0","0","187","187","187","2148","2098","2285"
"14.03.2025 04:00 - 14.03.2025 05:00","0","0","0","176","176","176","2250","2202","2378"
"14.03.2025 05:00 - 14.03.2025 06:00","0","0","0","179","179","179","2417","2371","2550"
"14.03.2025 06:00 - 14.03.2025 07:00","0","0","0","168","168","168","2562","2518","2686"
"14.03.2025 07:00 - 14.03.2025 08:00","19","13","13","177","143","143","2460","2134","2452"
"14.03.2025 08:00 - 14.03.2025 09:00","1686","1399","1399","157","146","146","2408","2021","2379"
"14.03.2025 09:00 - 14.03.2025 10:00","5353","4475","4475","158","151","151","2058","1656","2023"
"14.03.2025 10:00 - 14.03.2025 11:00","8345","7175","7669","165","163","163","1732","1384","1481"
"14.03.2025 11:00 - 14.03.2025 12:00","10563","9045","9319","170","167","167","1948","1760","1872"
"14.03.2025 12:00 - 14.03.2025 13:00","11450","10245","10434","165","157","157","2244","2279","2248"
"14.03.2025 13:00 - 14.03.2025 14:00","11798","9944","10328","170","149","149","2430","2466","2390"
"14.03.2025 14:00 - 14.03.2025 15:00","10687","9574","9738","190","199","199","2688","2624","2574"
"14.03.2025 15:00 - 14.03.2025 16:00","8732","8372","8385","237","248","248","3109","3015","3025"
"14.03.2025 16:00 - 14.03.2025 17:00","6359","6451","6452","326","321","321","3782","3700","3660"
"14.03.2025 17:00 - 14.03.2025 18:00","3597","3741","3738","483","499","499","4619","4141","4369"
"14.03.2025 18:00 - 14.03.2025 19:00","814","840","838","682","668","668","4958","4142","4628"
"14.03.2025 19:00 - 14.03.2025 20:00","0","0","0","811","785","785","5372","4804","5327"
"14.03.2025 20:00 - 14.03.2025 21:00","0","0","0","887","885","885","5931","5710","6133"
"14.03.2025 21:00 - 14.03.2025 22:00","0","0","0","960","957","957","6640","6643","6928"
"14.03.2025 22:00 - 14.03.2025 23:00","0","0","0","1011","999","999","7129","7045","7123"
"14.03.2025 23:00 - 15.03.2025 00:00","0","0","0","1056","968","968","7126","7227","7086"
"15.03.2025 00:00 - 15.03.2025 01:00","0","0","0","1077","1077","1077","7242","7346","8422"
"15.03.2025 01:00 - 15.03.2025 02:00","0","0","0","1024","1024","1024","7431","7524","8548"
"15.03.2025 02:00 - 15.03.2025 03:00","0","0","0","1003","1003","1003","7685","7769","8773"
"15.03.2025 03:00 - 15.03.2025 04:00","0","0","0","992","992","992","7705","7781","8772"
"15.03.2025 04:00 - 15.03.2025 05:00","0","0","0","988","988","988","7892","7962","8949"
"15.03.2025 05:00 - 15.03.2025 06:00","0","0","0","1000","1000","1000","8122","8187","9187"
"15.03.2025 06:00 - 15.03.2025 07:00","0","0","0","1061","1061","1061","8208","8268","9329"
"15.03.2025 07:00 - 15.03.2025 08:00","19","19","19","1101","1096","1096","8283","8690","8344"
"15.03.2025 08:00 - 15.03.2025 09:00","1514","1512","1512","1150","1112","1112","8482","8538","8574"
"15.03.2025 09:00 - 15.03.2025 10:00","4784","4891","4891","1167","1130","1130","7374","6941","7463"
"15.03.2025 10:00 - 15.03.2025 11:00","7541","7698","7612","1116","1037","1037","8229","7045","7705"
"15.03.2025 11:00 - 15.03.2025 12:00","9481","9654","9494","1059","862","862","9202","8246","8279"
"15.03.2025 12:00 - 15.03.2025 13:00","10364","10768","10539","1031","875","875","10178","9604","9905"
"15.03.2025 13:00 - 15.03.2025 14:00","10365","10643","10802","947","1012","1012","10814","10385","10417"
"15.03.2025 14:00 - 15.03.2025 15:00","9853","10058","10306","1028","1125","1125","10766","10210","10385"
"15.03.2025 15:00 - 15.03.2025 16:00","8628","8913","8924","1120","1135","1135","10679","10227","10451"
"15.03.2025 16:00 - 15.03.2025 17:00","6307","6555","6558","1193","1161","1161","10844","10236","10354"
"15.03.2025 17:00 - 15.03.2025 18:00","3824","3822","3824","1205","1200","1200","10913","10378","10309"
"15.03.2025 18:00 - 15.03.2025 19:00","882","861","862","1215","1223","1223","9826","9640","9302"
"15.03.2025 19:00 - 15.03.2025 20:00","0","0","0","1254","1245","1245","9672","9769","9262"
"15.03.2025 20:00 - 15.03.2025 21:00","0","0","0","1274","1269","1269","9515","9894","9297"
"15.03.2025 21:00 - 15.03.2025 22:00","0","0","0","1286","1276","1276","9168","9661","9273"
"15.03.2025 22:00 - 15.03.2025 23:00","0","0","0","1291","1274","1274","8535","9173","8852"
"15.03.2025 23:00 - 16.03.2025 00:00","0","0","0","1281","1256","1256","7904","8587","8499"
"16.03.2025 00:00 - 16.03.2025 01:00","0","0","0","1198","1198","1198","8696","8873","10071"
"16.03.2025 01:00 - 16.03.2025 02:00","0","0","0","1137","1137","1137","8115","8259","9396"
"16.03.2025 02:00 - 16.03.2025 03:00","0","0","0","1118","1118","1118","7802","7924","9041"
"16.03.2025 03:00 - 16.03.2025 04:00","0","0","0","1042","1042","1042","7653","7758","8800"
"16.03.2025 04:00 - 16.03.2025 05:00","0","0","0","1018","1018","1018","7413","7507","8525"
"16.03.2025 05:00 - 16.03.2025 06:00","0","0","0","1070","1070","1070","6960","7044","8114"
"16.03.2025 06:00 - 16.03.2025 07:00","0","0","0","1085","1085","1085","6528","6605","7690"
"16.03.2025 07:00 - 16.03.2025 08:00","44","38","38","1089","1097","1097","6126","6031","6189"
"16.03.2025 08:00 - 16.03.2025 09:00","1939","1816","1816","1081","1097","1097","5896","5736","5947"
"16.03.2025 09:00 - 16.03.2025 10:00","5873","5465","5465","1096","1105","1105","4471","4167","4525"
"16.03.2025 10:00 - 16.03.2025 11:00","9195","8705","8397","1085","1075","1075","4448","4184","4620"
"16.03.2025 11:00 - 16.03.2025 12:00","10846","10652","10505","1017","1038","1038","4565","4320","4486"
"16.03.2025 12:00 - 16.03.2025 13:00","11726","11388","11154","987","1009","1009","5119","4878","4872"
"16.03.2025 13:00 - 16.03.2025 14:00","11375","10851","11083","910","991","991","6572","5511","5417"
"16.03.2025 14:00 - 16.03.2025 15:00","10910","10391","10348","894","963","963","6432","5626","5428"
"16.03.2025 15:00 - 16.03.2025 16:00","9088","8979","8987","915","972","972","5786","5157","5336"
"16.03.2025 16:00 - 16.03.2025 17:00","6764","6496","6500","983","989","989","4980","4677","5017"
"16.03.2025 17:00 - 16.03.2025 18:00","3967","3899","3901","1036","1003","1003","4152","4070","4220"
"16.03.2025 18:00 - 16.03.2025 19:00","912","925","925","1071","1036","1036","3532","3506","3655"
"16.03.2025 19:00 - 16.03.2025 20:00","0","0","0","1107","1071","1071","3886","3790","3888"
"16.03.2025 20:00 - 16.03.2025 21:00","0","0","0","1117","1112","1112","4299","4187","4297"
"16.03.2025 21:00 - 16.03.2025 22:00","0","0","0","1134","1123","1123","4406","4347","4447"
"16.03.2025 22:00 - 16.03.2025 23:00","0","0","0","1145","1119","1119","4505","4676","4413"
"16.03.2025 23:00 - 17.03.2025 00:00","0","0","0","1137","1116","1116","4773","4963","4235"
"17.03.2025 00:00 - 17.03.2025 01:00","0","0","0","1078","1078","1078","4775","4853","5931"
"17.03.2025 01:00 - 17.03.2025 02:00","0","0","0","1003","1003","1003","4733","4789","5791"
"17.03.2025 02:00 - 17.03.2025 03:00","0","0","0","974","974","974","4662","4701","5675"
"17.03.2025 03:00 - 17.03.2025 04:00","0","0","0","956","956","956","4535","4564","5520"
"17.03.2025 04:00 - 17.03.2025 05:00","0","0","0","915","915","915","4311","4335","5250"
"17.03.2025 05:00 - 17.03.2025 06:00","0","0","0","880","880","880","4090","4109","4988"
"17.03.2025 06:00 - 17.03.2025 07:00","0","0","0","856","856","856","4081","4097","4953"
"17.03.2025 07:00 - 17.03.2025 08:00","67","64","64","829","793","793","4047","4383","4093"
"17.03.2025 08:00 - 17.03.2025 09:00","2423","2361","2361","796","788","788","4081","4293","4097"
"17.03.2025 09:00 - 17.03.2025 10:00","7254","7186","7186","787","746","746","3447","3806","3494"
"17.03.2025 10:00 - 17.03.2025 11:00","11639","11655","11750","720","705","705","2221","2504","2819"
"17.03.2025 11:00 - 17.03.2025 12:00","14573","14800","14920","694","697","697","2807","3190","3664"
"17.03.2025 12:00 - 17.03.2025 13:00","16146","16464","16504","731","734","734","4752","4238","4521"
"17.03.2025 13:00 - 17.03.2025 14:00","16456","16834","16752","816","784","784","5249","4903","5068"
"17.03.2025 14:00 - 17.03.2025 15:00","15576","15894","15900","861","845","845","5599","5469","5577"
"17.03.2025 15:00 - 17.03.2025 16:00","13465","13465","13496","864","896","896","6009","6136","6064"
"17.03.2025 16:00 - 17.03.2025 17:00","10003","9937","9951","948","1015","1015","6411","6845","6524"
"17.03.2025 17:00 - 17.03.2025 18:00","5476","5463","5467","1037","1114","1114","6519","7054","6720"
"17.03.2025 18:00 - 17.03.2025 19:00","1255","1249","1249","1114","1184","1184","6026","6436","6134"
"17.03.2025 19:00 - 17.03.2025 20:00","0","0","0","1146","1199","1199","6915","7527","7217"
"17.03.2025 20:00 - 17.03.2025 21:00","0","0","0","1170","1207","1207","7623","8322","8086"
"17.03.2025 21:00 - 17.03.2025 22:00","0","0","0","1194","1234","1234","8336","9058","8802"
"17.03.2025 22:00 - 17.03.2025 23:00","0","0","0","1222","1265","1265","9077","9686","9424"
"17.03.2025 23:00 - 18.03.2025 00:00","0","0","0","1245","1291","1291","9133","9711","9415"
"18.03.2025 00:00 - 18.03.2025 01:00","0","0","0","1270","1270","1270","9091","9221","10491"
"18.03.2025 01:00 - 18.03.2025 02:00","0","0","0","1248","1248","1248","8740","8843","10091"
"18.03.2025 02:00 - 18.03.2025 03:00","0","0","0","1206","1206","1206","8651","8733","9939"
"18.03.2025 03:00 - 18.03.2025 04:00","0","0","0","1142","1142","1142","8905","8975","10117"
"18.03.2025 04:00 - 18.03.2025 05:00","0","0","0","1124","1124","1124","9014","9075","10198"
"18.03.2025 05:00 - 18.03.2025 06:00","0","0","0","1127","1127","1127","9087","9139","10265"
"18.03.2025 06:00 - 18.03.2025 07:00","0","0","0","1125","1125","1125","9076","9120","10245"
"18.03.2025 07:00 - 18.03.2025 08:00","88","90","90","1114","1088","1088","8750","9829","8813"
"18.03.2025 08:00 - 18.03.2025 09:00","2569","2716","2716","1067","1045","1045","8721","9556","8774"
"18.03.2025 09:00 - 18.03.2025 10:00","7336","7897","7897","1010","983","983","6975","7851","7031"
"18.03.2025 10:00 - 18.03.2025 11:00","11406","12471","12490","937","894","894","5525","6425","6742"
"18.03.2025 11:00 - 18.03.2025 12:00","13898","15104","15250","868","789","789","5244","6063","6151"
"18.03.2025 12:00 - 18.03.2025 13:00","14934","16159","16332","779","734","734","5141","5603","5733"
"18.03.2025 13:00 - 18.03.2025 14:00","14879","15922","16089","737","708","708","5024","5316","5527"
"18.03.2025 14:00 - 18.03.2025 15:00","13380","14757","14758","694","712","712","5134","5122","5358"
"18.03.2025 15:00 - 18.03.2025 16:00","11432","12337","12345","687","717","717","5436","5176","5491"
"18.03.2025 16:00 - 18.03.2025 17:00","8255","8714","8718","653","666","666","5680","5535","5656"
"18.03.2025 17:00 - 18.03.2025 18:00","4678","5023","5025","648","642","642","5477","5460","5740"
"18.03.2025 18:00 - 18.03.2025 19:00","1094","1190","1190","662","656","656","5777","5635","6094"
"18.03.2025 19:00 - 18.03.2025 20:00","0","0","0","654","646","646","7475","7381","7603"
"18.03.2025 20:00 - 18.03.2025 21:00","0","0","0","616","639","639","8898","8962","9017"
"18.03.2025 21:00 - 18.03.2025 22:00","0","0","0","740","635","635","9169","9617","9480"
"18.03.2025 22:00 - 18.03.2025 23:00","0","0","0","808","662","662","9146","9818","9312"
"18.03.2025 23:00 - 19.03.2025 00:00","0","0","0","808","700","700","8954","9527","9003"
"19.03.2025 00:00 - 19.03.2025 01:00","0","0","0","686","686","686","8719","8413","9099"
"19.03.2025 01:00 - 19.03.2025 02:00","0","0","0","687","687","687","8363","8085","8773"
"19.03.2025 02:00 - 19.03.2025 03:00","0","0","0","690","690","690","8049","7793","8483"
"19.03.2025 03:00 - 19.03.2025 04:00","0","0","0","711","711","711","7810","7570","8281"
"19.03.2025 04:00 - 19.03.2025 05:00","0","0","0","734","734","734","7497","7272","8006"
"19.03.2025 05:00 - 19.03.2025 06:00","0","0","0","743","743","743","7352","7140","7882"
"19.03.2025 06:00 - 19.03.2025 07:00","0","0","0","774","774","774","7328","7126","7901"
"19.03.2025 07:00 - 19.03.2025 08:00","97","104","104","785","703","703","7187","7362","7076"
"19.03.2025 08:00 - 19.03.2025 09:00","2242","2330","2330","792","754","754","7067","7088","6918"
"19.03.2025 09:00 - 19.03.2025 10:00","6189","6419","6419","765","788","788","7976","7904","7772"
"19.03.2025 10:00 - 19.03.2025 11:00","9847","9773","9897","719","771","771","4664","4612","3822"
"19.03.2025 11:00 - 19.03.2025 12:00","11870","12111","11975","669","673","673","4465","4574","3932"
"19.03.2025 12:00 - 19.03.2025 13:00","12676","12921","12931","598","585","585","4591","4643","4192"
"19.03.2025 13:00 - 19.03.2025 14:00","12424","12604","12794","556","489","489","4790","5003","4485"
"19.03.2025 14:00 - 19.03.2025 15:00","11478","11893","12056","511","516","516","4953","5007","4645"
"19.03.2025 15:00 - 19.03.2025 16:00","9704","10282","10284","491","529","529","5001","4802","4640"
"19.03.2025 16:00 - 19.03.2025 17:00","7175","7572","7574","518","562","562","5019","4733","4503"
"19.03.2025 17:00 - 19.03.2025 18:00","4493","4654","4655","517","495","495","4700","4296","4096"
"19.03.2025 18:00 - 19.03.2025 19:00","1194","1223","1224","542","469","469","4714","4247","4004"
"19.03.2025 19:00 - 19.03.2025 20:00","1","1","1","590","506","506","5741","5358","5084"
"19.03.2025 20:00 - 19.03.2025 21:00","0","0","0","656","568","568","6892","6568","6156"
"19.03.2025 21:00 - 19.03.2025 22:00","0","0","0","797","662","662","7324","7135","6709"
"19.03.2025 22:00 - 19.03.2025 23:00","0","0","0","849","721","721","7382","7360","7082"
"19.03.2025 23:00 - 20.03.2025 00:00","0","0","0","815","752","752","7291","7165","6997"
"20.03.2025 00:00 - 20.03.2025 01:00","0","0","0","712","712","712","7103","7027","7739"
"20.03.2025 01:00 - 20.03.2025 02:00","0","0","0","706","706","706","6803","6752","7458"
"20.03.2025 02:00 - 20.03.2025 03:00","0","0","0","695","695","695","6373","6333","7028"
"20.03.2025 03:00 - 20.03.2025 04:00","0","0","0","696","696","696","6007","5976","6672"
"20.03.2025 04:00 - 20.03.2025 05:00","0","0","0","694","694","694","5767","5746","6440"
"20.03.2025 05:00 - 20.03.2025 06:00","0","0","0","684","684","684","5955","5942","6626"
"20.03.2025 06:00 - 20.03.2025 07:00","0","0","0","679","679","679","6262","6258","6937"
"20.03.2025 07:00 - 20.03.2025 08:00","111","95","95","672","693","693","6481","5671","6458"
"20.03.2025 08:00 - 20.03.2025 09:00","2572","2295","2295","693","719","719","6461","5961","6436"
"20.03.2025 09:00 - 20.03.2025 10:00","7087","6296","6296","677","744","744","7271","6838","7205"
"20.03.2025 10:00 - 20.03.2025 11:00","10792","9665","8581","637","749","749","4293","4247","3833"
"20.03.2025 11:00 - 20.03.2025 12:00","13071","11863","10971","594","746","746","4307","4192","3940"
"20.03.2025 12:00 - 20.03.2025 13:00","13878","12600","11577","558","710","710","4502","4455","4147"
"20.03.2025 13:00 - 20.03.2025 14:00","13343","12366","11592","538","674","674","4623","4457","4299"
"20.03.2025 14:00 - 20.03.2025 15:00","11988","11360","10842","561","634","634","4661","4484","4225"
"20.03.2025 15:00 - 20.03.2025 16:00","9873","9245","9243","622","658","658","4538","4496","4177"
"20.03.2025 16:00 - 20.03.2025 17:00","6853","6579","6579","724","737","737","4541","4609","4275"
"20.03.2025 17:00 - 20.03.2025 18:00","4184","3960","3961","798","764","764","4782","4889","4623"
"20.03.2025 18:00 - 20.03.2025 19:00","1112","1046","1046","846","800","800","5521","5710","5567"
"20.03.2025 19:00 - 20.03.2025 20:00","1","1","1","882","793","793","6681","6903","6747"
"20.03.2025 20:00 - 20.03.2025 21:00","0","0","0","936","810","810","7719","7887","7901"
"20.03.2025 21:00 - 20.03.2025 22:00","0","0","0","951","877","877","8483","8635","8634"
"20.03.2025 22:00 - 20.03.2025 23:00","0","0","0","967","905","905","8959","8925","9014"
"20.03.2025 23:00 - 21.03.2025 00:00","0","0","0","1010","952","952","8992","8837","9021"
"21.03.2025 00:00 - 21.03.2025 01:00","0","0","0","1062","1062","1062","8686","8366","9428"
"21.03.2025 01:00 - 21.03.2025 02:00","0","0","0","1034","1034","1034","8594","8311","9345"
"21.03.2025 02:00 - 21.03.2025 03:00","0","0","0","1060","1060","1060","8413","8161","9220"
"21.03.2025 03:00 - 21.03.2025 04:00","0","0","0","1036","1036","1036","8617","8393","9429"
"21.03.2025 04:00 - 21.03.2025 05:00","0","0","0","1064","1064","1064","9144","8941","10004"
"21.03.2025 05:00 - 21.03.2025 06:00","0","0","0","1157","1157","1157","9659","9472","10628"
"21.03.2025 06:00 - 21.03.2025 07:00","0","0","0","1160","1160","1160","10177","10002","11162"
"21.03.2025 07:00 - 21.03.2025 08:00","103","63","63","1156","990","990","10689","9917","10681"
"21.03.2025 08:00 - 21.03.2025 09:00","1868","1228","1228","1183","1052","1052","11390","10748","11356"
"21.03.2025 09:00 - 21.03.2025 10:00","4773","3211","3211","1175","1117","1117","13099","12996","13003"
"21.03.2025 10:00 - 21.03.2025 11:00","6628","4881","4295","1175","1177","1177","10394","9978","8072"
"21.03.2025 11:00 - 21.03.2025 12:00","8028","5871","5323","1160","1191","1191","10001","9472","8162"
"21.03.2025 12:00 - 21.03.2025 13:00","8501","7174","6017","1136","1180","1180","10699","10445","9290"
"21.03.2025 13:00 - 21.03.2025 14:00","7821","6548","6118","1067","1158","1158","11342","11064","10123"
"21.03.2025 14:00 - 21.03.2025 15:00","7093","6005","5917","1009","1128","1128","11499","11044","10112"
"21.03.2025 15:00 - 21.03.2025 16:00","6324","5131","5131","990","1020","1020","11114","10507","9964"
"21.03.2025 16:00 - 21.03.2025 17:00","4402","3722","3722","940","1085","1085","10531","9572","9459"
"21.03.2025 17:00 - 21.03.2025 18:00","3076","2414","2414","935","1031","1031","11277","9072","8518"
"21.03.2025 18:00 - 21.03.2025 19:00","880","766","766","918","914","914","11676","9439","8773"
"21.03.2025 19:00 - 21.03.2025 20:00","1","1","1","922","809","809","11920","9840","9422"
"21.03.2025 20:00 - 21.03.2025 21:00","0","0","0","875","723","723","11754","9929","9396"
"21.03.2025 21:00 - 21.03.2025 22:00","0","0","0","750","689","689","11391","10161","9666"
"21.03.2025 22:00 - 21.03.2025 23:00","0","0","0","715","758","758","11502","10456","9889"
"21.03.2025 23:00 - 22.03.2025 00:00","0","0","0","761","789","789","11105","10283","9551"
"22.03.2025 00:00 - 22.03.2025 01:00","0","0","0","786","786","786","8305","7816","8601"
"22.03.2025 01:00 - 22.03.2025 02:00","0","0","0","716","716","716","9463","9041","9757"
"22.03.2025 02:00 - 22.03.2025 03:00","0","0","0","598","598","598","9760","9379","9977"
"22.03.2025 03:00 - 22.03.2025 04:00","0","0","0","500","500","500","9779","9438","9939"
"22.03.2025 04:00 - 22.03.2025 05:00","0","0","0","458","458","458","9423","9115","9573"
"22.03.2025 05:00 - 22.03.2025 06:00","0","0","0","468","468","468","9072","8788","9256"
"22.03.2025 06:00 - 22.03.2025 07:00","0","0","0","468","468","468","8407","8144","8612"
"22.03.2025 07:00 - 22.03.2025 08:00","108","111","111","487","773","773","7414","7979","6878"
"22.03.2025 08:00 - 22.03.2025 09:00","1846","1829","1829","437","675","675","6696","7272","6219"
"22.03.2025 09:00 - 22.03.2025 10:00","4499","4696","4696","394","577","577","5976","6540","5568"
"22.03.2025 10:00 - 22.03.2025 11:00","6258","6952","6151","397","490","490","5480","5568","5308"
"22.03.2025 11:00 - 22.03.2025 12:00","7250","7683","7097","362","393","393","5469","5819","5923"
"22.03.2025 12:00 - 22.03.2025 13:00","7781","7033","6952","347","317","317","5786","5903","6075"
"22.03.2025 13:00 - 22.03.2025 14:00","6925","6529","6657","345","332","332","6016","5875","5935"
"22.03.2025 14:00 - 22.03.2025 15:00","6337","6139","5744","253","391","391","6002","5575","5512"
"22.03.2025 15:00 - 22.03.2025 16:00","5424","4941","4938","223","309","309","6017","5152","5626"
"22.03.2025 16:00 - 22.03.2025 17:00","3701","3646","3645","198","224","224","5164","4643","4743"
"22.03.2025 17:00 - 22.03.2025 18:00","2488","2243","2243","237","218","218","5750","3925","4090"
"22.03.2025 18:00 - 22.03.2025 19:00","734","694","694","252","214","214","5178","4117","3788"
"22.03.2025 19:00 - 22.03.2025 20:00","2","1","1","259","194","194","4826","4335","4212"
"22.03.2025 20:00 - 22.03.2025 21:00","0","0","0","245","245","245","4877","4407","4671"
"22.03.2025 21:00 - 22.03.2025 22:00","0","0","0","176","274","274","5457","4843","5063"
"22.03.2025 22:00 - 22.03.2025 23:00","0","0","0","176","233","233","5869","4813","5395"
"22.03.2025 23:00 - 23.03.2025 00:00","0","0","0","186","242","242","5817","4473","5085"
"23.03.2025 00:00 - 23.03.2025 01:00","0","0","0","86","86","86","5640","5470","5556"
"23.03.2025 01:00 - 23.03.2025 02:00","0","0","0","94","94","94","5128","4976","5070"
"23.03.2025 02:00 - 23.03.2025 03:00","0","0","0","98","98","98","4670","4532","4630"
"23.03.2025 03:00 - 23.03.2025 04:00","0","0","0","93","93","93","4558","4425","4517"
"23.03.2025 04:00 - 23.03.2025 05:00","0","0","0","85","85","85","4685","4567","4652"
"23.03.2025 05:00 - 23.03.2025 06:00","0","0","0","85","85","85","4617","4505","4590"
"23.03.2025 06:00 - 23.03.2025 07:00","0","0","0","102","102","102","4761","4652","4753"
"23.03.2025 07:00 - 23.03.2025 08:00","116","142","142","132","282","282","4792","4112","4535"
"23.03.2025 08:00 - 23.03.2025 09:00","1604","1890","1890","92","339","339","4847","4087","4496"
"23.03.2025 09:00 - 23.03.2025 10:00","3790","4479","4479","111","260","260","4036","3747","3784"
"23.03.2025 10:00 - 23.03.2025 11:00","5553","5800","4953","102","277","277","4559","4606","4737"
"23.03.2025 11:00 - 23.03.2025 12:00","6378","6319","5837","138","297","297","4787","4360","4613"
"23.03.2025 12:00 - 23.03.2025 13:00","6210","5956","5910","174","281","281","4522","4054","4553"
"23.03.2025 13:00 - 23.03.2025 14:00","5867","5745","5816","225","316","316","4323","3681","4336"
"23.03.2025 14:00 - 23.03.2025 15:00","5594","5521","5329","236","336","336","4453","3497","4109"
"23.03.2025 15:00 - 23.03.2025 16:00","4857","4787","4785","199","330","330","4179","3377","3733"
"23.03.2025 16:00 - 23.03.2025 17:00","3804","3632","3631","183","288","288","3392","2984","3273"
"23.03.2025 17:00 - 23.03.2025 18:00","2783","2417","2417","243","205","205","2649","2469","2681"
"23.03.2025 18:00 - 23.03.2025 19:00","864","822","822","357","146","146","1879","1876","2031"
"23.03.2025 19:00 - 23.03.2025 20:00","3","2","2","415","196","196","1706","1550","1856"
"23.03.2025 20:00 - 23.03.2025 21:00","0","0","0","475","250","250","1900","1498","1893"
"23.03.2025 21:00 - 23.03.2025 22:00","0","0","0","584","332","332","2152","1702","1740"
"23.03.2025 22:00 - 23.03.2025 23:00","0","0","0","577","385","385","2125","1734","1676"
"23.03.2025 23:00 - 24.03.2025 00:00","0","0","0","505","380","380","1883","1708","1674"
"24.03.2025 00:00 - 24.03.2025 01:00","0","0","0","232","232","232","1881","1774","2006"
"24.03.2025 01:00 - 24.03.2025 02:00","0","0","0","236","236","236","1683","1591","1827"
"24.03.2025 02:00 - 24.03.2025 03:00","0","0","0","244","244","244","1471","1390","1633"
"24.03.2025 03:00 - 24.03.2025 04:00","0","0","0","266","266","266","1271","1198","1464"
"24.03.2025 04:00 - 24.03.2025 05:00","0","0","0","282","282","282","1129","1066","1348"
"24.03.2025 05:00 - 24.03.2025 06:00","0","0","0","334","334","334","951","897","1231"
"24.03.2025 06:00 - 24.03.2025 07:00","0","0","0","402","402","402","911","865","1266"
"24.03.2025 07:00 - 24.03.2025 08:00","155","168","168","490","501","501","937","927","879"
"24.03.2025 08:00 - 24.03.2025 09:00","2002","2187","2187","514","481","481","885","934","871"
"24.03.2025 09:00 - 24.03.2025 10:00","4733","5210","5210","475","486","486","806","742","745"
"24.03.2025 10:00 - 24.03.2025 11:00","6733","7392","7267","412","463","463","745","625","837"
"24.03.2025 11:00 - 24.03.2025 12:00","7921","8469","8486","349","421","421","782","622","871"
"24.03.2025 12:00 - 24.03.2025 13:00","8397","8717","8977","276","346","346","877","731","990"
"24.03.2025 13:00 - 24.03.2025 14:00","7893","9138","9030","234","276","276","974","836","1047"
"24.03.2025 14:00 - 24.03.2025 15:00","7675","8673","8490","226","217","217","1073","942","1094"
"24.03.2025 15:00 - 24.03.2025 16:00","6885","7513","7518","219","202","202","1261","1113","1280"
"24.03.2025 16:00 - 24.03.2025 17:00","5165","5697","5699","202","224","224","1484","1363","1665"
"24.03.2025 17:00 - 24.03.2025 18:00","3516","3647","3648","172","219","219","1747","1698","2091"
"24.03.2025 18:00 - 24.03.2025 19:00","1170","1214","1214","150","165","165","2031","2021","2375"
"24.03.2025 19:00 - 24.03.2025 20:00","7","7","7","131","143","143","2719","2643","2829"
"24.03.2025 20:00 - 24.03.2025 21:00","0","0","0","116","147","147","3470","2993","3152"
"24.03.2025 21:00 - 24.03.2025 22:00","0","0","0","147","159","159","3581","3238","3359"
"24.03.2025 22:00 - 24.03.2025 23:00","0","0","0","181","166","166","3393","3229","3416"
"24.03.2025 23:00 - 25.03.2025 00:00","0","0","0","173","180","180","3277","3035","3227"
"25.03.2025 00:00 - 25.03.2025 01:00","0","0","0","147","147","147","2911","2766","2913"
"25.03.2025 01:00 - 25.03.2025 02:00","0","0","0","117","117","117","2749","2621","2738"
"25.03.2025 02:00 - 25.03.2025 03:00","0","0","0","122","122","122","2578","2460","2583"
"25.03.2025 03:00 - 25.03.2025 04:00","0","0","0","125","125","125","2432","2324","2449"
"25.03.2025 04:00 - 25.03.2025 05:00","0","0","0","141","141","141","2353","2252","2392"
"25.03.2025 05:00 - 25.03.2025 06:00","0","0","0","147","147","147","2282","2187","2334"
"25.03.2025 06:00 - 25.03.2025 07:00","0","0","0","139","139","139","2232","2144","2282"
"25.03.2025 07:00 - 25.03.2025 08:00","233","241","241","124","92","92","2021","2216","1974"
"25.03.2025 08:00 - 25.03.2025 09:00","2706","2617","2617","140","101","101","1804","1944","1760"
"25.03.2025 09:00 - 25.03.2025 10:00","6238","6184","6184","133","127","127","1541","1610","1472"
"25.03.2025 10:00 - 25.03.2025 11:00","9016","9045","8379","161","136","136","1411","1596","1678"
"25.03.2025 11:00 - 25.03.2025 12:00","11029","10845","10225","166","152","152","1650","1826","1866"
"25.03.2025 12:00 - 25.03.2025 13:00","11103","11785","10785","186","194","194","1843","1997","1978"
"25.03.2025 13:00 - 25.03.2025 14:00","10372","11091","10763","192","238","238","2055","2178","2201"
"25.03.2025 14:00 - 25.03.2025 15:00","10019","10496","10391","186","245","245","2258","2493","2484"
"25.03.2025 15:00 - 25.03.2025 16:00","8594","8917","8916","210","265","265","2611","2771","2841"
"25.03.2025 16:00 - 25.03.2025 17:00","6521","6752","6751","221","273","273","2835","3009","3091"
"25.03.2025 17:00 - 25.03.2025 18:00","4110","4276","4276","255","251","251","2984","3238","3250"
"25.03.2025 18:00 - 25.03.2025 19:00","1306","1349","1349","274","263","263","3031","3290","3372"
"25.03.2025 19:00 - 25.03.2025 20:00","11","11","11","300","320","320","3474","3538","3714"
"25.03.2025 20:00 - 25.03.2025 21:00","0","0","0","321","328","328","3745","3949","3966"
"25.03.2025 21:00 - 25.03.2025 22:00","0","0","0","316","298","298","3859","3989","3989"
"25.03.2025 22:00 - 25.03.2025 23:00","0","0","0","263","259","259","3661","3824","3878"
"25.03.2025 23:00 - 26.03.2025 00:00","0","0","0","205","216","216","3461","3667","3667"
"26.03.2025 00:00 - 26.03.2025 01:00","0","0","0","151","151","151","3292","3333","3484"
"26.03.2025 01:00 - 26.03.2025 02:00","0","0","0","113","113","113","2916","2957","3069"
"26.03.2025 02:00 - 26.03.2025 03:00","0","0","0","77","77","77","2742","2782","2859"
"26.03.2025 03:00 - 26.03.2025 04:00","0","0","0","63","63","63","2702","2740","2803"
"26.03.2025 04:00 - 26.03.2025 05:00","0","0","0","59","59","59","2727","2769","2828"
"26.03.2025 05:00 - 26.03.2025 06:00","0","0","0","71","71","71","2812","2855","2926"
"26.03.2025 06:00 - 26.03.2025 07:00","0","0","0","90","90","90","2792","2833","2923"
"26.03.2025 07:00 - 26.03.2025 08:00","249","236","236","93","89","89","2782","2542","2824"
"26.03.2025 08:00 - 26.03.2025 09:00","2609","2344","2344","86","87","87","2757","2445","2793"
"26.03.2025 09:00 - 26.03.2025 10:00","6001","5431","5431","72","85","85","2513","2293","2539"
"26.03.2025 10:00 - 26.03.2025 11:00","8784","7755","7645","65","61","61","2606","2577","2785"
"26.03.2025 11:00 - 26.03.2025 12:00","10189","9318","8766","59","46","46","2777","2864","3105"
"26.03.2025 12:00 - 26.03.2025 13:00","10889","9870","9544","52","50","50","3205","2963","3161"
"26.03.2025 13:00 - 26.03.2025 14:00","10343","9680","9768","48","49","49","3412","2942","3075"
"26.03.2025 14:00 - 26.03.2025 15:00","10169","9819","9718","51","45","45","3527","3001","3140"
"26.03.2025 15:00 - 26.03.2025 16:00","9068","8543","8555","56","39","39","3629","3136","3290"
"26.03.2025 16:00 - 26.03.2025 17:00","6784","6806","6812","61","38","38","3892","3372","3432"
"26.03.2025 17:00 - 26.03.2025 18:00","4579","4580","4582","65","38","38","3776","3493","3523"
"26.03.2025 18:00 - 26.03.2025 19:00","1534","1494","1495","67","40","40","3513","3287","3291"
"26.03.2025 19:00 - 26.03.2025 20:00","20","19","19","63","54","54","3679","3472","3736"
"26.03.2025 20:00 - 26.03.2025 21:00","0","0","0","70","71","71","4294","4154","4508"
"26.03.2025 21:00 - 26.03.2025 22:00","0","0","0","64","75","75","4740","4728","4814"
"26.03.2025 22:00 - 26.03.2025 23:00","0","0","0","55","76","76","4700","5022","4917"
"26.03.2025 23:00 - 27.03.2025 00:00","0","0","0","51","75","75","4492","4887","4778"
"27.03.2025 00:00 - 27.03.2025 01:00","0","0","0","64","64","64","4202","4131","4195"
"27.03.2025 01:00 - 27.03.2025 02:00","0","0","0","59","59","59","4004","3947","4006"
"27.03.2025 02:00 - 27.03.2025 03:00","0","0","0","57","57","57","3732","3689","3747"
"27.03.2025 03:00 - 27.03.2025 04:00","0","0","0","56","56","56","3476","3439","3495"
"27.03.2025 04:00 - 27.03.2025 05:00","0","0","0","58","58","58","3290","3257","3315"
"27.03.2025 05:00 - 27.03.2025 06:00","0","0","0","61","61","61","3226","3195","3256"
"27.03.2025 06:00 - 27.03.2025 07:00","0","0","0","61","61","61","3205","3174","3235"
"27.03.2025 07:00 - 27.03.2025 08:00","329","305","305","58","48","48","3104","3284","3085"
"27.03.2025 08:00 - 27.03.2025 09:00","3223","2937","2937","56","52","52","3101","3402","3080"
"27.03.2025 09:00 - 27.03.2025 10:00","7561","7149","7149","59","55","55","2064","2141","2047"
"27.03.2025 10:00 - 27.03.2025 11:00","11222","10725","11079","49","49","49","1840","1923","2184"
"27.03.2025 11:00 - 27.03.2025 12:00","13375","12963","13173","36","38","38","2048","2188","2256"
"27.03.2025 12:00 - 27.03.2025 13:00","14277","14366","14358","24","24","24","2399","2339","2317"
"27.03.2025 13:00 - 27.03.2025 14:00","13993","14072","14361","14","14","14","2490","2325","2262"
"27.03.2025 14:00 - 27.03.2025 15:00","13605","13740","13959","9","8","8","2535","2402","2337"
"27.03.2025 15:00 - 27.03.2025 16:00","12283","12238","12245","11","11","11","2653","2546","2504"
"27.03.2025 16:00 - 27.03.2025 17:00","9570","9215","9220","16","22","22","2712","2661","2584"
"27.03.2025 17:00 - 27.03.2025 18:00","5823","5877","5878","20","38","38","2682","2634","2540"
"27.03.2025 18:00 - 27.03.2025 19:00","1883","1917","1917","25","51","51","2468","2385","2327"
"27.03.2025 19:00 - 27.03.2025 20:00","33","34","34","42","60","60","2836","2595","2603"
"27.03.2025 20:00 - 27.03.2025 21:00","0","0","0","64","82","82","3331","3037","2991"
"27.03.2025 21:00 - 27.03.2025 22:00","0","0","0","84","108","108","3396","3121","3054"
"27.03.2025 22:00 - 27.03.2025 23:00","0","0","0","97","109","109","3214","2911","2919"
"27.03.2025 23:00 - 28.03.2025 00:00","0","0","0","111","105","105","2856","2598","2635"
"28.03.2025 00:00 - 28.03.2025 01:00","0","0","0","112","112","112","2360","2227","2339"
"28.03.2025 01:00 - 28.03.2025 02:00","0","0","0","124","124","124","2154","2034","2158"
"28.03.2025 02:00 - 28.03.2025 03:00","0","0","0","162","162","162","2026","1916","2078"
"28.03.2025 03:00 - 28.03.2025 04:00","0","0","0","213","213","213","2046","1946","2158"
"28.03.2025 04:00 - 28.03.2025 05:00","0","0","0","247","247","247","2258","2165","2411"
"28.03.2025 05:00 - 28.03.2025 06:00","0","0","0","383","383","383","2306","2217","2600"
"28.03.2025 06:00 - 28.03.2025 07:00","0","0","0","451","451","451","2285","2199","2650"
"28.03.2025 07:00 - 28.03.2025 08:00","392","385","385","501","496","496","2272","2551","2194"
"28.03.2025 08:00 - 28.03.2025 09:00","3424","3374","3374","525","530","530","2213","2427","2128"
"28.03.2025 09:00 - 28.03.2025 10:00","7832","7723","7723","563","599","599","2213","2268","2099"
"28.03.2025 10:00 - 28.03.2025 11:00","10964","10997","9535","669","667","667","2383","2544","2406"
"28.03.2025 11:00 - 28.03.2025 12:00","12790","13066","11398","719","688","688","2941","3155","3081"
"28.03.2025 12:00 - 28.03.2025 13:00","12904","13565","12025","766","746","746","3604","3941","3765"
"28.03.2025 13:00 - 28.03.2025 14:00","12221","12459","12077","882","781","781","4134","4624","4288"
"28.03.2025 14:00 - 28.03.2025 15:00","11670","11597","11289","898","848","848","4782","4953","4817"
"28.03.2025 15:00 - 28.03.2025 16:00","9930","10129","10030","990","944","944","5511","5764","5557"
"28.03.2025 16:00 - 28.03.2025 17:00","7390","7429","7635","1013","1034","1034","6325","6258","6211"
"28.03.2025 17:00 - 28.03.2025 18:00","4688","4619","4860","1057","1035","1035","6698","6454","6414"
"28.03.2025 18:00 - 28.03.2025 19:00","1590","1571","1603","1121","1065","1065","6857","6563","6575"
"28.03.2025 19:00 - 28.03.2025 20:00","39","36","37","1199","1155","1155","7189","7094","7023"
"28.03.2025 20:00 - 28.03.2025 21:00","0","0","0","1236","1245","1245","7560","7363","7395"
"28.03.2025 21:00 - 28.03.2025 22:00","0","0","0","1213","1267","1267","8124","8020","8103"
"28.03.2025 22:00 - 28.03.2025 23:00","0","0","0","1175","1251","1251","8478","8125","8376"
"28.03.2025 23:00 - 29.03.2025 00:00","0","0","0","1201","1240","1240","8782","8617","8867"
"29.03.2025 00:00 - 29.03.2025 01:00","0","0","0","1119","1119","1119","8597","8374","9493"
"29.03.2025 01:00 - 29.03.2025 02:00","0","0","0","1080","1080","1080","8517","8320","9400"
"29.03.2025 02:00 - 29.03.2025 03:00","0","0","0","1065","1065","1065","8770","8591","9656"
"29.03.2025 03:00 - 29.03.2025 04:00","0","0","0","949","949","949","8685","8521","9470"
"29.03.2025 04:00 - 29.03.2025 05:00","0","0","0","810","810","810","8893","8742","9551"
"29.03.2025 05:00 - 29.03.2025 06:00","0","0","0","685","685","685","9063","8922","9608"
"29.03.2025 06:00 - 29.03.2025 07:00","0","0","0","581","581","581","8887","8753","9335"
"29.03.2025 07:00 - 29.03.2025 08:00","345","345","345","507","446","446","8403","8288","8334"
"29.03.2025 08:00 - 29.03.2025 09:00","3077","3127","3127","422","352","352","7857","8018","7801"
"29.03.2025 09:00 - 29.03.2025 10:00","7177","7465","7465","321","246","246","7114","6236","7067"
"29.03.2025 10:00 - 29.03.2025 11:00","10309","10945","10619","222","172","172","7609","6377","6661"
"29.03.2025 11:00 - 29.03.2025 12:00","12112","12631","12368","149","104","104","7597","6700","6655"
"29.03.2025 12:00 - 29.03.2025 13:00","12775","12638","12588","122","58","58","7831","7005","7163"
"29.03.2025 13:00 - 29.03.2025 14:00","12526","11921","12077","137","49","49","7730","7315","7540"
"29.03.2025 14:00 - 29.03.2025 15:00","12284","11757","11687","162","70","70","7474","7358","7273"
"29.03.2025 15:00 - 29.03.2025 16:00","10814","10501","10503","177","110","110","7239","7360","7099"
"29.03.2025 16:00 - 29.03.2025 17:00","8459","8078","8078","222","223","223","7076","7089","6892"
"29.03.2025 17:00 - 29.03.2025 18:00","5551","5364","5364","325","293","293","6772","6503","6310"
"29.03.2025 18:00 - 29.03.2025 19:00","1980","1869","1869","364","293","293","6224","5936","5673"
"29.03.2025 19:00 - 29.03.2025 20:00","60","52","52","369","260","260","6254","5779","5589"
"29.03.2025 20:00 - 29.03.2025 21:00","0","0","0","419","259","259","6121","5923","5655"
"29.03.2025 21:00 - 29.03.2025 22:00","0","0","0","501","400","400","5903","5842","5502"
"29.03.2025 22:00 - 29.03.2025 23:00","0","0","0","546","523","523","5909","5761","5553"
"29.03.2025 23:00 - 30.03.2025 00:00","0","0","0","629","591","591","5936","5980","5733"
"30.03.2025 00:00 - 30.03.2025 01:00","0","0","0","336","336","336","6817","6698","6698"
"30.03.2025 01:00 - 30.03.2025 02:00","0","0","0","415","415","415","6841","6736","6736"
"30.03.2025 02:00 - 30.03.2025 03:00","","","","","","","","",""
"30.03.2025 03:00 - 30.03.2025 04:00","0","0","0","394","394","394","7173","7081","7081"
"30.03.2025 04:00 - 30.03.2025 05:00","0","0","0","369","369","369","7334","7249","7249"
"30.03.2025 05:00 - 30.03.2025 06:00","0","0","0","373","373","373","7154","7075","7075"
"30.03.2025 06:00 - 30.03.2025 07:00","0","0","0","383","383","383","7202","7128","7128"
"30.03.2025 07:00 - 30.03.2025 08:00","0","0","0","363","363","363","7274","7206","7206"
"30.03.2025 08:00 - 30.03.2025 09:00","442","445","445","348","348","348","7271","7208","7208"
"30.03.2025 09:00 - 30.03.2025 10:00","3318","3303","3303","294","346","346","7582","7522","7522"
"30.03.2025 10:00 - 30.03.2025 11:00","7235","7234","7699","301","313","313","7760","7703","7703"
"30.03.2025 11:00 - 30.03.2025 12:00","10140","10152","10695","286","272","272","7692","7637","7637"
"30.03.2025 12:00 - 30.03.2025 13:00","11777","11974","12058","268","255","255","7326","7273","7273"
"30.03.2025 13:00 - 30.03.2025 14:00","12178","12278","11897","275","211","211","7362","7311","7311"
"30.03.2025 14:00 - 30.03.2025 15:00","11644","11826","11706","255","199","199","7689","7640","7640"
"30.03.2025 15:00 - 30.03.2025 16:00","11303","11801","10775","229","218","218","7835","7786","7786"
"30.03.2025 16:00 - 30.03.2025 17:00","10184","10273","10222","197","239","239","8534","8486","8486"
"30.03.2025 17:00 - 30.03.2025 18:00","7556","7989","8143","196","258","258","8989","8942","8942"
"30.03.2025 18:00 - 30.03.2025 19:00","5404","5548","5734","228","252","252","8615","8568","8568"
"30.03.2025 19:00 - 30.03.2025 20:00","1962","2043","2148","246","236","236","7628","7582","7582"
"30.03.2025 20:00 - 30.03.2025 21:00","74","76","79","234","192","192","7258","7212","7212"
"30.03.2025 21:00 - 30.03.2025 22:00","0","0","0","194","164","164","7076","7031","7031"
"30.03.2025 22:00 - 30.03.2025 23:00","0","0","0","166","114","114","6767","6724","6724"
"30.03.2025 23:00 - 31.03.2025 00:00","0","0","0","115","97","97","6620","6578","6578"
"31.03.2025 00:00 - 31.03.2025 01:00","0","0","0","366","366","366","4844","5332","5699"
"31.03.2025 01:00 - 31.03.2025 02:00","0","0","0","390","390","390","4347","4791","5181"
"31.03.2025 02:00 - 31.03.2025 03:00","0","0","0","377","377","377","4342","4751","5128"
"31.03.2025 03:00 - 31.03.2025 04:00","0","0","0","366","366","366","4553","4931","5297"
"31.03.2025 04:00 - 31.03.2025 05:00","0","0","0","369","369","369","4667","5025","5394"
"31.03.2025 05:00 - 31.03.2025 06:00","0","0","0","369","369","369","4671","5015","5384"
"31.03.2025 06:00 - 31.03.2025 07:00","0","0","0","321","321","321","4574","4907","5229"
"31.03.2025 07:00 - 31.03.2025 08:00","0","0","0","278","278","278","4380","4860","4981"
"31.03.2025 08:00 - 31.03.2025 09:00","533","537","537","217","206","206","4135","4305","4462"
"31.03.2025 09:00 - 31.03.2025 10:00","3830","3863","3863","162","193","193","3985","4014","4262"
"31.03.2025 10:00 - 31.03.2025 11:00","8499","8557","8953","159","185","185","3921","3975","4093"
"31.03.2025 11:00 - 31.03.2025 12:00","12473","12571","13218","181","201","201","3381","3621","3727"
"31.03.2025 12:00 - 31.03.2025 13:00","15625","15506","16135","179","196","196","3242","3314","3409"
"31.03.2025 13:00 - 31.03.2025 14:00","17337","17236","17640","187","198","198","3369","3392","3477"
"31.03.2025 14:00 - 31.03.2025 15:00","17867","17765","18077","249","209","209","3374","3599","3630"
"31.03.2025 15:00 - 31.03.2025 16:00","17099","17076","17383","278","246","246","3462","3832","3865"
"31.03.2025 16:00 - 31.03.2025 17:00","15167","15137","15203","297","324","324","3663","4143","4230"
"31.03.2025 17:00 - 31.03.2025 18:00","11816","11732","11877","457","464","464","3902","4225","4289"
"31.03.2025 18:00 - 31.03.2025 19:00","7356","7318","7379","600","610","610","4194","4557","4623"
"31.03.2025 19:00 - 31.03.2025 20:00","2547","2524","2553","684","715","715","4436","4946","5032"
"31.03.2025 20:00 - 31.03.2025 21:00","102","99","102","771","814","814","5358","5680","5777"
"31.03.2025 21:00 - 31.03.2025 22:00","0","0","0","876","931","931","6501","6826","6935"
"31.03.2025 22:00 - 31.03.2025 23:00","0","0","0","996","1045","1045","7242","7597","7699"
"31.03.2025 23:00 - 01.04.2025 00:00","0","0","0","1084","1132","1132","7574","7791","7889"
"01.04.2025 00:00 - 01.04.2025 01:00","0","0","0","1171","1171","1171","7866","8909","8227"
"01.04.2025 01:00 - 01.04.2025 02:00","0","0","0","1140","1140","1140","7847","8827","8168"
"01.04.2025 02:00 - 01.04.2025 03:00","0","0","0","1079","1079","1079","7604","8558","7895"
"01.04.2025 03:00 - 01.04.2025 04:00","0","0","0","998","998","998","7566","8451","7825"
"01.04.2025 04:00 - 01.04.2025 05:00","0","0","0","992","992","992","7518","8396","7754"
"01.04.2025 05:00 - 01.04.2025 06:00","0","0","0","992","992","992","7557","8415","7778"
"01.04.2025 06:00 - 01.04.2025 07:00","0","0","0","978","978","978","7752","8560","7961"
"01.04.2025 07:00 - 01.04.2025 08:00","0","0","0","1009","1009","1009","7988","9020","8188"
"01.04.2025 08:00 - 01.04.2025 09:00","644","646","646","1049","1049","1049","8029","8722","8222"
"01.04.2025 09:00 - 01.04.2025 10:00","4383","4425","4425","1058","1058","1058","9133","9443","9322"
"01.04.2025 10:00 - 01.04.2025 11:00","9677","9839","9890","1063","1063","1063","5324","5868","5505"
"01.04.2025 11:00 - 01.04.2025 12:00","14141","14280","14262","1072","1072","1072","5828","6260","6007"
"01.04.2025 12:00 - 01.04.2025 13:00","16726","16840","17074","1161","1161","1161","7332","7929","7508"
"01.04.2025 13:00 - 01.04.2025 14:00","17955","18089","18256","1200","1200","1200","9122","10119","9297"
"01.04.2025 14:00 - 01.04.2025 15:00","17890","18023","18334","1196","1196","1196","10346","11369","10520"
"01.04.2025 15:00 - 01.04.2025 16:00","17071","17082","17341","1221","1221","1221","11548","12598","11719"
"01.04.2025 16:00 - 01.04.2025 17:00","15033","14943","15080","1265","1265","1265","12895","13831","13066"
"01.04.2025 17:00 - 01.04.2025 18:00","11557","11442","11656","1281","1281","1281","14029","14820","14199"
"01.04.2025 18:00 - 01.04.2025 19:00","7338","7141","7181","1314","1314","1314","14666","15200","14834"
"01.04.2025 19:00 - 01.04.2025 20:00","2612","2535","2566","1332","1332","1332","13906","14396","14071"
"01.04.2025 20:00 - 01.04.2025 21:00","124","124","127","1337","1337","1337","14326","14595","14488"
"01.04.2025 21:00 - 01.04.2025 22:00","0","0","0","1333","1333","1333","14703","14746","14855"
"01.04.2025 22:00 - 01.04.2025 23:00","0","0","0","1336","1336","1336","14737","14647","14882"
"01.04.2025 23:00 - 02.04.2025 00:00","0","0","0","1338","1338","1338","14509","14191","14645"
"02.04.2025 00:00 - 02.04.2025 01:00","0","0","0","1331","1331","1331","12905","14680","13837"
"02.04.2025 01:00 - 02.04.2025 02:00","0","0","0","1316","1316","1316","12883","14568","13718"
"02.04.2025 02:00 - 02.04.2025 03:00","0","0","0","1294","1294","1294","12628","14277","13392"
"02.04.2025 03:00 - 02.04.2025 04:00","0","0","0","1320","1320","1320","12165","13761","12865"
"02.04.2025 04:00 - 02.04.2025 05:00","0","0","0","1345","1345","1345","11692","13236","12349"
"02.04.2025 05:00 - 02.04.2025 06:00","0","0","0","1345","1345","1345","11546","13037","12172"
"02.04.2025 06:00 - 02.04.2025 07:00","0","0","0","1344","1344","1344","11596","13049","12193"
"02.04.2025 07:00 - 02.04.2025 08:00","0","0","0","1344","1344","1344","11710","13092","12285"
"02.04.2025 08:00 - 02.04.2025 09:00","575","549","549","1341","1341","1341","11585","12960","12145"
"02.04.2025 09:00 - 02.04.2025 10:00","3548","3499","3499","1336","1336","1336","12015","12842","12563"
"02.04.2025 10:00 - 02.04.2025 11:00","7554","7278","6758","1327","1327","1327","8685","9593","9223"
"02.04.2025 11:00 - 02.04.2025 12:00","10745","10385","9875","1318","1318","1318","9339","9989","9867"
"02.04.2025 12:00 - 02.04.2025 13:00","12390","12073","11709","1304","1304","1304","9910","10566","10429"
"02.04.2025 13:00 - 02.04.2025 14:00","13141","12383","12869","1289","1289","1289","10488","11320","11001"
"02.04.2025 14:00 - 02.04.2025 15:00","12567","11961","12138","1287","1287","1287","11661","12004","12168"
"02.04.2025 15:00 - 02.04.2025 16:00","11853","11461","11595","1287","1287","1287","12396","12803","12898"
"02.04.2025 16:00 - 02.04.2025 17:00","10261","9926","10064","1289","1289","1289","12413","13372","12911"
"02.04.2025 17:00 - 02.04.2025 18:00","7700","7517","7461","1273","1273","1273","12375","13122","12866"
"02.04.2025 18:00 - 02.04.2025 19:00","5048","5094","5205","1245","1245","1245","11556","12026","12036"
"02.04.2025 19:00 - 02.04.2025 20:00","1941","1881","1995","1246","1246","1246","10780","11317","11243"
"02.04.2025 20:00 - 02.04.2025 21:00","103","113","124","1247","1247","1247","10505","11510","10945"
"02.04.2025 21:00 - 02.04.2025 22:00","0","0","0","1268","1268","1268","11051","11849","11465"
"02.04.2025 22:00 - 02.04.2025 23:00","0","0","0","1279","1279","1279","11933","12259","12322"
"02.04.2025 23:00 - 03.04.2025 00:00","0","0","0","1267","1267","1267","12077","12167","12442"
"03.04.2025 00:00 - 03.04.2025 01:00","0","0","0","1270","1270","1270","10637","12308","11510"
"03.04.2025 01:00 - 03.04.2025 02:00","0","0","0","1203","1203","1203","9982","11521","10767"
"03.04.2025 02:00 - 03.04.2025 03:00","0","0","0","1147","1147","1147","9134","10654","9855"
"03.04.2025 03:00 - 03.04.2025 04:00","0","0","0","1111","1111","1111","8662","10044","9325"
"03.04.2025 04:00 - 03.04.2025 05:00","0","0","0","1094","1094","1094","8501","9780","9124"
"03.04.2025 05:00 - 03.04.2025 06:00","0","0","0","1079","1079","1079","8274","9532","8870"
"03.04.2025 06:00 - 03.04.2025 07:00","0","0","0","1073","1073","1073","8166","9408","8736"
"03.04.2025 07:00 - 03.04.2025 08:00","0","0","0","1056","1056","1056","7906","8033","8457"
"03.04.2025 08:00 - 03.04.2025 09:00","631","576","576","1030","1030","1030","7754","7862","8293"
"03.04.2025 09:00 - 03.04.2025 10:00","3561","3282","3282","1022","1022","1022","7644","7740","8174"
"03.04.2025 10:00 - 03.04.2025 11:00","7403","6790","6576","1028","1028","1028","5524","6111","6042"
"03.04.2025 11:00 - 03.04.2025 12:00","10031","9153","9196","1003","1003","1003","4834","5171","5344"
"03.04.2025 12:00 - 03.04.2025 13:00","12011","10642","10443","985","985","985","4794","5280","5300"
"03.04.2025 13:00 - 03.04.2025 14:00","12494","11187","11110","931","931","931","4885","5571","5387"
"03.04.2025 14:00 - 03.04.2025 15:00","12535","10786","10649","934","934","934","4885","5647","5380"
"03.04.2025 15:00 - 03.04.2025 16:00","11443","10156","9752","916","916","916","4976","5597","5470"
"03.04.2025 16:00 - 03.04.2025 17:00","9946","8844","8382","858","858","858","4913","5588","5402"
"03.04.2025 17:00 - 03.04.2025 18:00","7375","6706","6152","806","806","806","4655","5210","5137"
"03.04.2025 18:00 - 03.04.2025 19:00","5011","4575","4439","747","747","747","3875","4291","4342"
"03.04.2025 19:00 - 03.04.2025 20:00","1958","1860","1801","698","698","698","3426","3738","3871"
"03.04.2025 20:00 - 03.04.2025 21:00","122","115","113","650","650","650","4115","4450","4533"
"03.04.2025 21:00 - 03.04.2025 22:00","0","0","0","638","638","638","5167","5545","5556"
"03.04.2025 22:00 - 03.04.2025 23:00","0","0","0","591","591","591","5556","6236","5923"
"03.04.2025 23:00 - 04.04.2025 00:00","0","0","0","540","540","540","5634","6192","5980"
"04.04.2025 00:00 - 04.04.2025 01:00","0","0","0","446","446","446","5694","6419","6178"
"04.04.2025 01:00 - 04.04.2025 02:00","0","0","0","366","366","366","5535","5954","5748"
"04.04.2025 02:00 - 04.04.2025 03:00","0","0","0","345","345","345","5361","5718","5494"
"04.04.2025 03:00 - 04.04.2025 04:00","0","0","0","301","301","301","5061","5752","5536"
"04.04.2025 04:00 - 04.04.2025 05:00","0","0","0","343","343","343","4887","5845","5602"
"04.04.2025 05:00 - 04.04.2025 06:00","0","0","0","514","514","514","4702","5799","5401"
"04.04.2025 06:00 - 04.04.2025 07:00","0","0","0","635","635","635","4650","5725","5258"
"04.04.2025 07:00 - 04.04.2025 08:00","0","0","0","712","712","712","4773","5494","5419"
"04.04.2025 08:00 - 04.04.2025 09:00","699","658","658","800","800","800","5007","5684","5616"
"04.04.2025 09:00 - 04.04.2025 10:00","3880","3562","3562","788","788","788","5451","5782","6027"
"04.04.2025 10:00 - 04.04.2025 11:00","7999","7216","7111","723","723","723","4634","5659","5020"
"04.04.2025 11:00 - 04.04.2025 12:00","11326","10281","9800","588","588","588","3118","3299","3355"
"04.04.2025 12:00 - 04.04.2025 13:00","13040","11974","11769","572","572","572","3170","3004","3507"
"04.04.2025 13:00 - 04.04.2025 14:00","13540","12866","12200","622","622","622","3606","3260","4033"
"04.04.2025 14:00 - 04.04.2025 15:00","13398","12561","12105","685","685","685","3997","3665","4512"
"04.04.2025 15:00 - 04.04.2025 16:00","12752","11555","11382","798","798","798","4266","4006","4714"
"04.04.2025 16:00 - 04.04.2025 17:00","10890","10195","9677","836","836","836","4422","4395","4932"
"04.04.2025 17:00 - 04.04.2025 18:00","8099","7752","7411","814","814","814","4555","4634","5183"
"04.04.2025 18:00 - 04.04.2025 19:00","5541","5136","4964","851","851","851","4538","4485","5184"
"04.04.2025 19:00 - 04.04.2025 20:00","2236","2076","1994","811","811","811","4945","4859","5498"
"04.04.2025 20:00 - 04.04.2025 21:00","158","150","142","821","821","821","6426","5865","6740"
"04.04.2025 21:00 - 04.04.2025 22:00","0","0","0","960","960","960","7766","7050","7883"
"04.04.2025 22:00 - 04.04.2025 23:00","0","0","0","1073","1073","1073","8344","7956","8611"
"04.04.2025 23:00 - 05.04.2025 00:00","0","0","0","1114","1114","1114","8502","8204","8814"
"05.04.2025 00:00 - 05.04.2025 01:00","0","0","0","1119","1119","1119","6927","7826","7195"
"05.04.2025 01:00 - 05.04.2025 02:00","0","0","0","1142","1142","1142","6663","7564","6912"
"05.04.2025 02:00 - 05.04.2025 03:00","0","0","0","1062","1062","1062","6246","7064","6479"
"05.04.2025 03:00 - 05.04.2025 04:00","0","0","0","930","930","930","5765","6448","5983"
"05.04.2025 04:00 - 05.04.2025 05:00","0","0","0","1004","1004","1004","5368","6108","5578"
"05.04.2025 05:00 - 05.04.2025 06:00","0","0","0","1012","1012","1012","5069","5807","5271"
"05.04.2025 06:00 - 05.04.2025 07:00","0","0","0","979","979","979","5074","5774","5271"
"05.04.2025 07:00 - 05.04.2025 08:00","0","0","0","970","970","970","5045","4978","5239"
"05.04.2025 08:00 - 05.04.2025 09:00","783","783","783","907","907","907","4750","4755","4942"
"05.04.2025 09:00 - 05.04.2025 10:00","4133","4216","4216","824","824","824","4433","4207","4623"
"05.04.2025 10:00 - 05.04.2025 11:00","8544","8750","8869","759","759","759","2551","3151","2738"
"05.04.2025 11:00 - 05.04.2025 12:00","12086","12208","12573","705","705","705","1640","1653","1820"
"05.04.2025 12:00 - 05.04.2025 13:00","14176","14220","15087","776","776","776","1562","1503","1735"
"05.04.2025 13:00 - 05.04.2025 14:00","15110","15268","16220","872","872","872","1608","1550","1775"
"05.04.2025 14:00 - 05.04.2025 15:00","14879","14848","16202","943","943","943","1694","1661","1855"
"05.04.2025 15:00 - 05.04.2025 16:00","14502","14648","15640","955","955","955","1834","1808","1984"
"05.04.2025 16:00 - 05.04.2025 17:00","12997","13300","13842","945","945","945","2005","1977","2145"
"05.04.2025 17:00 - 05.04.2025 18:00","10373","10633","11114","960","960","960","2302","2199","2433"
"05.04.2025 18:00 - 05.04.2025 19:00","6792","6779","7206","979","979","979","2820","2640","2944"
"05.04.2025 19:00 - 05.04.2025 20:00","2691","2682","2822","981","981","981","3405","3274","3525"
"05.04.2025 20:00 - 05.04.2025 21:00","208","211","222","979","979","979","4556","4319","4679"
"05.04.2025 21:00 - 05.04.2025 22:00","0","0","0","977","977","977","5403","5232","5533"
"05.04.2025 22:00 - 05.04.2025 23:00","0","0","0","973","973","973","6210","6166","6340"
"05.04.2025 23:00 - 06.04.2025 00:00","0","0","0","968","968","968","6759","6580","6883"
"06.04.2025 00:00 - 06.04.2025 01:00","0","0","0","954","954","954","6862","7556","7091"
"06.04.2025 01:00 - 06.04.2025 02:00","0","0","0","924","924","924","6856","7491","7056"
"06.04.2025 02:00 - 06.04.2025 03:00","0","0","0","887","887","887","6928","7511","7108"
"06.04.2025 03:00 - 06.04.2025 04:00","0","0","0","831","831","831","7064","7610","7228"
"06.04.2025 04:00 - 06.04.2025 05:00","0","0","0","773","773","773","7149","7669","7302"
"06.04.2025 05:00 - 06.04.2025 06:00","0","0","0","735","735","735","7341","7838","7485"
"06.04.2025 06:00 - 06.04.2025 07:00","0","0","0","745","745","745","7429","7951","7564"
"06.04.2025 07:00 - 06.04.2025 08:00","0","0","0","728","728","728","7585","7438","7714"
"06.04.2025 08:00 - 06.04.2025 09:00","866","904","904","731","731","731","7541","7349","7665"
"06.04.2025 09:00 - 06.04.2025 10:00","4430","4618","4618","712","712","712","6815","7074","6935"
"06.04.2025 10:00 - 06.04.2025 11:00","9071","9440","9567","636","636","636","5409","5422","5526"
"06.04.2025 11:00 - 06.04.2025 12:00","12846","13392","13445","566","566","566","5091","5019","5205"
"06.04.2025 12:00 - 06.04.2025 13:00","15368","15935","16025","586","586","586","4995","4895","5108"
"06.04.2025 13:00 - 06.04.2025 14:00","16748","17286","17165","655","655","655","5171","5102","5282"
"06.04.2025 14:00 - 06.04.2025 15:00","16814","17426","17481","703","703","703","5403","5335","5512"
"06.04.2025 15:00 - 06.04.2025 16:00","16411","16735","16702","759","759","759","5641","5463","5749"
"06.04.2025 16:00 - 06.04.2025 17:00","14826","15035","14926","822","822","822","5638","5482","5745"
"06.04.2025 17:00 - 06.04.2025 18:00","11834","11939","11773","882","882","882","5638","5568","5743"
"06.04.2025 18:00 - 06.04.2025 19:00","7669","7695","7651","878","878","878","5768","5712","5872"
"06.04.2025 19:00 - 06.04.2025 20:00","3044","3049","3029","875","875","875","5846","5820","5948"
"06.04.2025 20:00 - 06.04.2025 21:00","263","265","263","910","910","910","6911","6667","7010"
"06.04.2025 21:00 - 06.04.2025 22:00","0","0","0","932","932","932","8140","7896","8234"
"06.04.2025 22:00 - 06.04.2025 23:00","0","0","0","941","941","941","8542","8357","8632"
"06.04.2025 23:00 - 07.04.2025 00:00","0","0","0","948","948","948","8115","8035","8199"
"07.04.2025 00:00 - 07.04.2025 01:00","0","0","0","926","926","926","6488","7427","6910"
"07.04.2025 01:00 - 07.04.2025 02:00","0","0","0","821","821","821","5890","6716","6266"
"07.04.2025 02:00 - 07.04.2025 03:00","0","0","0","650","650","650","5273","5949","5612"
"07.04.2025 03:00 - 07.04.2025 04:00","0","0","0","572","572","572","4772","5426","5079"
"07.04.2025 04:00 - 07.04.2025 05:00","0","0","0","475","475","475","4510","5104","4789"
"07.04.2025 05:00 - 07.04.2025 06:00","0","0","0","382","382","382","4339","4871","4594"
"07.04.2025 06:00 - 07.04.2025 07:00","0","0","0","314","314","314","4007","4470","4243"
"07.04.2025 07:00 - 07.04.2025 08:00","0","0","0","285","285","285","3703","4463","3922"
"07.04.2025 08:00 - 07.04.2025 09:00","949","916","916","270","270","270","3442","4008","3647"
"07.04.2025 09:00 - 07.04.2025 10:00","4609","4448","4448","232","232","232","3300","3774","3494"
"07.04.2025 10:00 - 07.04.2025 11:00","9252","9101","9089","205","205","205","1606","1983","1794"
"07.04.2025 11:00 - 07.04.2025 12:00","12672","12904","13085","200","200","200","1354","1546","1537"
"07.04.2025 12:00 - 07.04.2025 13:00","15675","15580","16000","258","258","258","1363","1493","1545"
"07.04.2025 13:00 - 07.04.2025 14:00","17433","17245","17703","274","274","274","1498","1638","1683"
"07.04.2025 14:00 - 07.04.2025 15:00","17929","17887","18227","331","331","331","1460","1684","1647"
"07.04.2025 15:00 - 07.04.2025 16:00","17264","17225","17696","380","380","380","1480","1677","1673"
"07.04.2025 16:00 - 07.04.2025 17:00","15486","15507","15879","403","403","403","1534","1710","1732"
"07.04.2025 17:00 - 07.04.2025 18:00","12379","12449","12598","474","474","474","1629","1820","1830"
"07.04.2025 18:00 - 07.04.2025 19:00","8101","8099","8218","586","586","586","1787","1938","1987"
"07.04.2025 19:00 - 07.04.2025 20:00","3256","3261","3298","636","636","636","2135","2243","2328"
"07.04.2025 20:00 - 07.04.2025 21:00","310","311","315","689","689","689","2710","2926","2897"
"07.04.2025 21:00 - 07.04.2025 22:00","0","0","0","699","699","699","3760","4082","3933"
"07.04.2025 22:00 - 07.04.2025 23:00","0","0","0","665","665","665","4458","4776","4619"
"07.04.2025 23:00 - 08.04.2025 00:00","0","0","0","636","636","636","4502","4769","4656"
"08.04.2025 00:00 - 08.04.2025 01:00","0","0","0","547","547","547","4163","4383","4096"
"08.04.2025 01:00 - 08.04.2025 02:00","0","0","0","503","503","503","3740","3952","3680"
"08.04.2025 02:00 - 08.04.2025 03:00","0","0","0","420","420","420","3223","3389","3167"
"08.04.2025 03:00 - 08.04.2025 04:00","0","0","0","307","307","307","2767","2914","2716"
"08.04.2025 04:00 - 08.04.2025 05:00","0","0","0","206","206","206","2445","2556","2398"
"08.04.2025 05:00 - 08.04.2025 06:00","0","0","0","138","138","138","2341","2416","2296"
"08.04.2025 06:00 - 08.04.2025 07:00","0","0","0","121","121","121","2360","2427","2318"
"08.04.2025 07:00 - 08.04.2025 08:00","0","0","0","124","124","124","2504","2356","2466"
"08.04.2025 08:00 - 08.04.2025 09:00","1070","1040","1040","110","110","110","2633","2271","2595"
"08.04.2025 09:00 - 08.04.2025 10:00","5087","4977","4977","93","93","93","3074","2327","3036"
"08.04.2025 10:00 - 08.04.2025 11:00","10256","10070","10056","95","95","95","1653","1315","1623"
"08.04.2025 11:00 - 08.04.2025 12:00","14319","14075","14137","90","90","90","1109","947","1079"
"08.04.2025 12:00 - 08.04.2025 13:00","16959","16644","16700","83","83","83","1278","1022","1246"
"08.04.2025 13:00 - 08.04.2025 14:00","18089","17945","18004","81","81","81","1376","1083","1344"
"08.04.2025 14:00 - 08.04.2025 15:00","18225","18137","18076","78","78","78","1255","1049","1223"
"08.04.2025 15:00 - 08.04.2025 16:00","17324","17219","17222","88","88","88","1209","1003","1178"
"08.04.2025 16:00 - 08.04.2025 17:00","15428","15174","15256","105","105","105","1248","982","1216"
"08.04.2025 17:00 - 08.04.2025 18:00","12214","11863","12021","148","148","148","1307","994","1276"
"08.04.2025 18:00 - 08.04.2025 19:00","7987","7821","7850","286","286","286","1399","951","1369"
"08.04.2025 19:00 - 08.04.2025 20:00","3240","3230","3220","455","455","455","1709","1143","1680"
"08.04.2025 20:00 - 08.04.2025 21:00","334","337","334","566","566","566","2557","1926","2531"
"08.04.2025 21:00 - 08.04.2025 22:00","0","0","0","621","621","621","3776","3072","3751"
"08.04.2025 22:00 - 08.04.2025 23:00","0","0","0","618","618","618","4334","3788","4310"
"08.04.2025 23:00 - 09.04.2025 00:00","0","0","0","629","629","629","4318","3856","4295"
"09.04.2025 00:00 - 09.04.2025 01:00","0","0","0","639","639","639","3488","4020","3486"
"09.04.2025 01:00 - 09.04.2025 02:00","0","0","0","638","638","638","3464","4006","3463"
"09.04.2025 02:00 - 09.04.2025 03:00","0","0","0","616","616","616","3336","3852","3333"
"09.04.2025 03:00 - 09.04.2025 04:00","0","0","0","698","698","698","2970","3541","2968"
"09.04.2025 04:00 - 09.04.2025 05:00","0","0","0","750","750","750","2912","3470","2909"
"09.04.2025 05:00 - 09.04.2025 06:00","0","0","0","716","716","716","3176","3667","3173"
"09.04.2025 06:00 - 09.04.2025 07:00","0","0","0","719","719","719","3422","3895","3419"
"09.04.2025 07:00 - 09.04.2025 08:00","0","0","0","786","786","786","3426","3833","3424"
"09.04.2025 08:00 - 09.04.2025 09:00","1052","977","977","830","830","830","3266","3605","3264"
"09.04.2025 09:00 - 09.04.2025 10:00","4725","4483","4483","865","865","865","3396","3782","3393"
"09.04.2025 10:00 - 09.04.2025 11:00","9272","8901","8636","849","849","849","1983","2285","1981"
"09.04.2025 11:00 - 09.04.2025 12:00","12721","12209","11771","832","832","832","1758","1792","1757"
"09.04.2025 12:00 - 09.04.2025 13:00","15185","14520","14266","889","889","889","2202","2015","2201"
"09.04.2025 13:00 - 09.04.2025 14:00","16300","15647","15332","924","924","924","2830","2537","2829"
"09.04.2025 14:00 - 09.04.2025 15:00","16573","15874","15999","933","933","933","3108","2989","3107"
"09.04.2025 15:00 - 09.04.2025 16:00","16129","15489","15613","927","927","927","3463","3358","3462"
"09.04.2025 16:00 - 09.04.2025 17:00","14560","14372","14545","917","917","917","4031","3968","4031"
"09.04.2025 17:00 - 09.04.2025 18:00","11860","11664","11936","965","965","965","4700","4619","4699"
"09.04.2025 18:00 - 09.04.2025 19:00","7927","7906","8017","1030","1030","1030","5181","5335","5181"
"09.04.2025 19:00 - 09.04.2025 20:00","3339","3336","3370","1102","1102","1102","5180","5484","5180"
"09.04.2025 20:00 - 09.04.2025 21:00","387","387","389","1171","1171","1171","5895","5959","5896"
"09.04.2025 21:00 - 09.04.2025 22:00","0","0","0","1219","1219","1219","7437","7494","7438"
"09.04.2025 22:00 - 09.04.2025 23:00","0","0","0","1233","1233","1233","8271","8442","8272"
"09.04.2025 23:00 - 10.04.2025 00:00","0","0","0","1237","1237","1237","8247","8249","8249"
"10.04.2025 00:00 - 10.04.2025 01:00","0","0","0","1196","1196","1196","7337","8624","7885"
"10.04.2025 01:00 - 10.04.2025 02:00","0","0","0","1148","1148","1148","7137","8319","7617"
"10.04.2025 02:00 - 10.04.2025 03:00","0","0","0","1133","1133","1133","6731","7883","7162"
"10.04.2025 03:00 - 10.04.2025 04:00","0","0","0","1085","1085","1085","6366","7426","6759"
"10.04.2025 04:00 - 10.04.2025 05:00","0","0","0","1083","1083","1083","6098","7130","6463"
"10.04.2025 05:00 - 10.04.2025 06:00","0","0","0","1023","1023","1023","5605","6572","5948"
"10.04.2025 06:00 - 10.04.2025 07:00","0","0","0","979","979","979","5205","6091","5529"
"10.04.2025 07:00 - 10.04.2025 08:00","0","0","0","933","933","933","5005","5617","5314"
"10.04.2025 08:00 - 10.04.2025 09:00","1156","1090","1090","881","881","881","4701","4990","4998"
"10.04.2025 09:00 - 10.04.2025 10:00","5148","4931","4931","745","745","745","4752","4983","5039"
"10.04.2025 10:00 - 10.04.2025 11:00","10234","9952","10325","696","696","696","2953","3318","3231"
"10.04.2025 11:00 - 10.04.2025 12:00","14256","14066","14388","659","659","659","2401","2859","2672"
"10.04.2025 12:00 - 10.04.2025 13:00","17024","16670","17117","569","569","569","2423","2835","2689"
"10.04.2025 13:00 - 10.04.2025 14:00","18231","18032","18412","557","557","557","2702","3007","2963"
"10.04.2025 14:00 - 10.04.2025 15:00","18309","18076","18661","558","558","558","3037","3425","3293"
"10.04.2025 15:00 - 10.04.2025 16:00","17665","17481","17898","568","568","568","3254","3749","3508"
"10.04.2025 16:00 - 10.04.2025 17:00","15714","15769","16116","587","587","587","3345","4002","3597"
"10.04.2025 17:00 - 10.04.2025 18:00","12564","12570","12812","658","658","658","3420","4046","3670"
"10.04.2025 18:00 - 10.04.2025 19:00","8265","8333","8413","741","741","741","3588","4045","3835"
"10.04.2025 19:00 - 10.04.2025 20:00","3479","3500","3516","772","772","772","3754","3951","3998"
"10.04.2025 20:00 - 10.04.2025 21:00","426","428","431","784","784","784","4124","4182","4361"
"10.04.2025 21:00 - 10.04.2025 22:00","0","0","0","774","774","774","4793","4855","5021"
"10.04.2025 22:00 - 10.04.2025 23:00","0","0","0","715","715","715","5151","5334","5368"
"10.04.2025 23:00 - 11.04.2025 00:00","0","0","0","637","637","637","4957","5145","5162"
"11.04.2025 00:00 - 11.04.2025 01:00","0","0","0","578","578","578","4429","5087","4693"
"11.04.2025 01:00 - 11.04.2025 02:00","0","0","0","520","520","520","4056","4643","4289"
"11.04.2025 02:00 - 11.04.2025 03:00","0","0","0","462","462","462","3665","4213","3876"
"11.04.2025 03:00 - 11.04.2025 04:00","0","0","0","441","441","441","3365","3882","3558"
"11.04.2025 04:00 - 11.04.2025 05:00","0","0","0","419","419","419","3077","3570","3257"
"11.04.2025 05:00 - 11.04.2025 06:00","0","0","0","415","415","415","2791","3252","2959"
"11.04.2025 06:00 - 11.04.2025 07:00","0","0","0","470","470","470","2511","2965","2668"
"11.04.2025 07:00 - 11.04.2025 08:00","0","0","0","447","447","447","2402","2716","2554"
"11.04.2025 08:00 - 11.04.2025 09:00","1196","1140","1140","396","396","396","2341","2545","2487"
"11.04.2025 09:00 - 11.04.2025 10:00","5033","4805","4805","420","420","420","2399","2586","2543"
"11.04.2025 10:00 - 11.04.2025 11:00","9803","9370","9069","475","475","475","1210","1541","1346"
"11.04.2025 11:00 - 11.04.2025 12:00","13528","12984","12739","492","492","492","958","1141","1085"
"11.04.2025 12:00 - 11.04.2025 13:00","16310","15554","15228","489","489","489","1142","1323","1269"
"11.04.2025 13:00 - 11.04.2025 14:00","17577","16927","16543","427","427","427","1520","1603","1647"
"11.04.2025 14:00 - 11.04.2025 15:00","17851","17321","16901","459","459","459","1712","1737","1840"
"11.04.2025 15:00 - 11.04.2025 16:00","17167","16637","16508","499","499","499","1875","1869","2001"
"11.04.2025 16:00 - 11.04.2025 17:00","15343","14792","14843","537","537","537","2050","2036","2174"
"11.04.2025 17:00 - 11.04.2025 18:00","12169","11761","11945","606","606","606","2241","2160","2365"
"11.04.2025 18:00 - 11.04.2025 19:00","8019","7962","7913","713","713","713","2410","2335","2533"
"11.04.2025 19:00 - 11.04.2025 20:00","3405","3354","3391","831","831","831","2584","2599","2707"
"11.04.2025 20:00 - 11.04.2025 21:00","446","437","441","958","958","958","3399","3472","3518"
"11.04.2025 21:00 - 11.04.2025 22:00","0","0","0","1073","1073","1073","4835","4863","4949"
"11.04.2025 22:00 - 11.04.2025 23:00","0","0","0","1082","1082","1082","6058","5913","6165"
"11.04.2025 23:00 - 12.04.2025 00:00","0","0","0","995","995","995","6507","6196","6607"
"12.04.2025 00:00 - 12.04.2025 01:00","0","0","0","836","836","836","6056","6658","6118"
"12.04.2025 01:00 - 12.04.2025 02:00","0","0","0","753","753","753","5847","6424","5904"
"12.04.2025 02:00 - 12.04.2025 03:00","0","0","0","658","658","658","5664","6150","5717"
"12.04.2025 03:00 - 12.04.2025 04:00","0","0","0","508","508","508","5705","6047","5755"
"12.04.2025 04:00 - 12.04.2025 05:00","0","0","0","400","400","400","5791","6011","5841"
"12.04.2025 05:00 - 12.04.2025 06:00","0","0","0","360","360","360","6067","6287","6114"
"12.04.2025 06:00 - 12.04.2025 07:00","0","0","0","313","313","313","6356","6585","6401"
"12.04.2025 07:00 - 12.04.2025 08:00","0","0","0","288","288","288","6580","6906","6624"
"12.04.2025 08:00 - 12.04.2025 09:00","978","884","884","286","286","286","6403","6563","6447"
"12.04.2025 09:00 - 12.04.2025 10:00","3764","3451","3451","291","291","291","7483","7313","7529"
"12.04.2025 10:00 - 12.04.2025 11:00","6653","6446","6753","303","303","303","4456","4726","4503"
"12.04.2025 11:00 - 12.04.2025 12:00","8493","8970","9090","300","300","300","3791","4072","3838"
"12.04.2025 12:00 - 12.04.2025 13:00","9928","10617","10563","284","284","284","3955","4366","4003"
"12.04.2025 13:00 - 12.04.2025 14:00","10428","11038","11098","252","252","252","4725","4969","4773"
"12.04.2025 14:00 - 12.04.2025 15:00","10339","11323","10920","230","230","230","5512","6003","5560"
"12.04.2025 15:00 - 12.04.2025 16:00","9854","10685","10494","166","166","166","6965","6892","7012"
"12.04.2025 16:00 - 12.04.2025 17:00","8792","9336","9244","168","168","168","7809","7305","7856"
"12.04.2025 17:00 - 12.04.2025 18:00","7109","7415","6996","205","205","205","8060","7518","8105"
"12.04.2025 18:00 - 12.04.2025 19:00","5001","5297","5253","265","265","265","7939","8515","7982"
"12.04.2025 19:00 - 12.04.2025 20:00","2383","2469","2405","379","379","379","7866","8418","7908"
"12.04.2025 20:00 - 12.04.2025 21:00","348","378","362","477","477","477","7326","7617","7365"
"12.04.2025 21:00 - 12.04.2025 22:00","0","0","0","629","629","629","7096","6871","7131"
"12.04.2025 22:00 - 12.04.2025 23:00","0","0","0","899","899","899","7257","6953","7290"
"12.04.2025 23:00 - 13.04.2025 00:00","0","0","0","984","984","984","7809","7849","7838"
"13.04.2025 00:00 - 13.04.2025 01:00","0","0","0","945","945","945","7395","8533","7950"
"13.04.2025 01:00 - 13.04.2025 02:00","0","0","0","954","954","954","7353","8424","7836"
"13.04.2025 02:00 - 13.04.2025 03:00","0","0","0","918","918","918","7725","8704","8164"
"13.04.2025 03:00 - 13.04.2025 04:00","0","0","0","898","898","898","7778","8673","8178"
"13.04.2025 04:00 - 13.04.2025 05:00","0","0","0","882","882","882","7677","8592","8050"
"13.04.2025 05:00 - 13.04.2025 06:00","0","0","0","817","817","817","7283","8209","7635"
"13.04.2025 06:00 - 13.04.2025 07:00","0","0","0","735","735","735","6823","7714","7159"
"13.04.2025 07:00 - 13.04.2025 08:00","1","1","1","626","626","626","6525","6562","6848"
"13.04.2025 08:00 - 13.04.2025 09:00","836","726","726","655","655","655","6171","5998","6481"
"13.04.2025 09:00 - 13.04.2025 10:00","2938","2897","2897","647","647","647","5554","5476","5855"
"13.04.2025 10:00 - 13.04.2025 11:00","5244","5255","4632","554","554","554","5626","5259","5930"
"13.04.2025 11:00 - 13.04.2025 12:00","6745","7363","6412","444","444","444","5854","5269","6149"
"13.04.2025 12:00 - 13.04.2025 13:00","8321","8540","7737","405","405","405","5491","5151","5772"
"13.04.2025 13:00 - 13.04.2025 14:00","9089","9801","8686","477","477","477","5186","5206","5462"
"13.04.2025 14:00 - 13.04.2025 15:00","9330","10155","9279","554","554","554","4957","5216","5234"
"13.04.2025 15:00 - 13.04.2025 16:00","9508","10078","9019","540","540","540","4764","5311","5040"
"13.04.2025 16:00 - 13.04.2025 17:00","8713","9412","8504","492","492","492","4265","5041","4536"
"13.04.2025 17:00 - 13.04.2025 18:00","7108","7761","7289","437","437","437","3645","4526","3908"
"13.04.2025 18:00 - 13.04.2025 19:00","5565","5930","5539","350","350","350","3108","3935","3363"
"13.04.2025 19:00 - 13.04.2025 20:00","2662","2769","2660","287","287","287","2381","3253","2624"
"13.04.2025 20:00 - 13.04.2025 21:00","446","458","461","272","272","272","1804","2509","2037"
"13.04.2025 21:00 - 13.04.2025 22:00","0","0","0","206","206","206","1638","2175","1855"
"13.04.2025 22:00 - 13.04.2025 23:00","0","0","0","171","171","171","1558","1991","1757"
"13.04.2025 23:00 - 14.04.2025 00:00","0","0","0","127","127","127","1592","1915","1777"
"14.04.2025 00:00 - 14.04.2025 01:00","0","0","0","91","91","91","1310","1618","1546"
"14.04.2025 01:00 - 14.04.2025 02:00","0","0","0","86","86","86","1189","1472","1404"
"14.04.2025 02:00 - 14.04.2025 03:00","0","0","0","91","91","91","1010","1272","1217"
"14.04.2025 03:00 - 14.04.2025 04:00","0","0","0","97","97","97","838","1098","1031"
"14.04.2025 04:00 - 14.04.2025 05:00","0","0","0","97","97","97","648","897","823"
"14.04.2025 05:00 - 14.04.2025 06:00","0","0","0","88","88","88","514","736","672"
"14.04.2025 06:00 - 14.04.2025 07:00","0","0","0","71","71","71","414","591","555"
"14.04.2025 07:00 - 14.04.2025 08:00","2","2","2","71","71","71","417","759","545"
"14.04.2025 08:00 - 14.04.2025 09:00","960","1021","1021","127","127","127","515","851","637"
"14.04.2025 09:00 - 14.04.2025 10:00","3626","3775","3775","240","240","240","582","1052","701"
"14.04.2025 10:00 - 14.04.2025 11:00","6531","6731","6835","343","343","343","504","1016","615"
"14.04.2025 11:00 - 14.04.2025 12:00","8650","9024","9196","334","334","334","967","1661","1101"
"14.04.2025 12:00 - 14.04.2025 13:00","10028","9985","10879","318","318","318","1480","2245","1641"
"14.04.2025 13:00 - 14.04.2025 14:00","10865","10800","11563","283","283","283","1930","2826","2099"
"14.04.2025 14:00 - 14.04.2025 15:00","11430","10577","11348","275","275","275","2346","3414","2513"
"14.04.2025 15:00 - 14.04.2025 16:00","10365","9741","10748","321","321","321","2616","3522","2784"
"14.04.2025 16:00 - 14.04.2025 17:00","9221","8498","9115","284","284","284","2540","3382","2711"
"14.04.2025 17:00 - 14.04.2025 18:00","7042","6436","7013","152","152","152","2485","3327","2650"
"14.04.2025 18:00 - 14.04.2025 19:00","5331","4837","5096","198","198","198","2622","2949","2781"
"14.04.2025 19:00 - 14.04.2025 20:00","2496","2350","2297","163","163","163","2797","2888","2950"
"14.04.2025 20:00 - 14.04.2025 21:00","428","401","394","96","96","96","3307","3088","3447"
"14.04.2025 21:00 - 14.04.2025 22:00","0","0","0","111","111","111","4071","3916","4200"
"14.04.2025 22:00 - 14.04.2025 23:00","0","0","0","134","134","134","4612","4847","4738"
"14.04.2025 23:00 - 15.04.2025 00:00","0","0","0","152","152","152","5019","5282","5139"
"15.04.2025 00:00 - 15.04.2025 01:00","0","0","0","117","117","117","5920","6004","5918"
"15.04.2025 01:00 - 15.04.2025 02:00","0","0","0","148","148","148","6052","6154","6056"
"15.04.2025 02:00 - 15.04.2025 03:00","0","0","0","248","248","248","6126","6322","6131"
"15.04.2025 03:00 - 15.04.2025 04:00","0","0","0","354","354","354","6140","6460","6147"
"15.04.2025 04:00 - 15.04.2025 05:00","0","0","0","390","390","390","5572","5919","5578"
"15.04.2025 05:00 - 15.04.2025 06:00","0","0","0","423","423","423","5160","5548","5168"
"15.04.2025 06:00 - 15.04.2025 07:00","0","0","0","462","462","462","4884","5331","4896"
"15.04.2025 07:00 - 15.04.2025 08:00","3","3","3","512","512","512","4995","5012","5006"
"15.04.2025 08:00 - 15.04.2025 09:00","781","743","743","532","532","532","4904","4870","4912"
"15.04.2025 09:00 - 15.04.2025 10:00","2718","2532","2532","661","661","661","5142","4883","5159"
"15.04.2025 10:00 - 15.04.2025 11:00","4623","4237","5007","640","640","640","5444","4964","5463"
"15.04.2025 11:00 - 15.04.2025 12:00","5924","5744","6442","700","700","700","5621","5321","5640"
"15.04.2025 12:00 - 15.04.2025 13:00","6800","6768","7199","639","639","639","6009","6159","6029"
"15.04.2025 13:00 - 15.04.2025 14:00","7292","7227","7539","691","691","691","6770","6458","6791"
"15.04.2025 14:00 - 15.04.2025 15:00","7442","7484","7204","757","757","757","7460","7235","7480"
"15.04.2025 15:00 - 15.04.2025 16:00","7761","7465","7250","719","719","719","8424","8080","8445"
"15.04.2025 16:00 - 15.04.2025 17:00","7193","6928","6719","912","912","912","9467","9042","9488"
"15.04.2025 17:00 - 15.04.2025 18:00","6190","5816","5514","1199","1199","1199","9435","9402","9455"
"15.04.2025 18:00 - 15.04.2025 19:00","5313","4765","4673","1241","1241","1241","9212","9271","9229"
"15.04.2025 19:00 - 15.04.2025 20:00","2580","2376","2282","1246","1246","1246","8709","8688","8724"
"15.04.2025 20:00 - 15.04.2025 21:00","497","474","444","1233","1233","1233","9107","8290","9119"
"15.04.2025 21:00 - 15.04.2025 22:00","0","0","0","1194","1194","1194","8770","7967","8779"
"15.04.2025 22:00 - 15.04.2025 23:00","0","0","0","1166","1166","1166","8884","8122","8891"
"15.04.2025 23:00 - 16.04.2025 00:00","0","0","0","1144","1144","1144","9379","7722","9386"
"16.04.2025 00:00 - 16.04.2025 01:00","0","0","0","1103","1103","1103","5487","6829","6210"
"16.04.2025 01:00 - 16.04.2025 02:00","0","0","0","1074","1074","1074","5228","6479","5863"
"16.04.2025 02:00 - 16.04.2025 03:00","0","0","0","1037","1037","1037","4557","5745","5135"
"16.04.2025 03:00 - 16.04.2025 04:00","0","0","0","1015","1015","1015","4383","5558","4928"
"16.04.2025 04:00 - 16.04.2025 05:00","0","0","0","971","971","971","3852","4968","4382"
"16.04.2025 05:00 - 16.04.2025 06:00","0","0","0","944","944","944","3307","4363","3792"
"16.04.2025 06:00 - 16.04.2025 07:00","0","0","0","909","909","909","2961","3985","3420"
"16.04.2025 07:00 - 16.04.2025 08:00","4","4","4","819","819","819","2801","3099","3257"
"16.04.2025 08:00 - 16.04.2025 09:00","829","727","727","751","751","751","2825","2716","3276"
"16.04.2025 09:00 - 16.04.2025 10:00","2995","2727","2727","697","697","697","2461","2541","2889"
"16.04.2025 10:00 - 16.04.2025 11:00","5196","5082","5223","613","613","613","2181","2304","2569"
"16.04.2025 11:00 - 16.04.2025 12:00","6826","7126","7652","533","533","533","2034","2210","2417"
"16.04.2025 12:00 - 16.04.2025 13:00","8553","8630","8990","501","501","501","1966","2183","2326"
"16.04.2025 13:00 - 16.04.2025 14:00","9565","9529","10179","458","458","458","1890","2153","2252"
"16.04.2025 14:00 - 16.04.2025 15:00","9886","10348","10258","571","571","571","1705","1827","2053"
"16.04.2025 15:00 - 16.04.2025 16:00","9716","9745","9858","359","359","359","1606","1943","1946"
"16.04.2025 16:00 - 16.04.2025 17:00","8993","8817","8708","340","340","340","1550","1725","1882"
"16.04.2025 17:00 - 16.04.2025 18:00","7602","7147","7158","279","279","279","1414","1621","1754"
"16.04.2025 18:00 - 16.04.2025 19:00","5809","5600","5214","216","216","216","1326","1466","1666"
"16.04.2025 19:00 - 16.04.2025 20:00","2802","2738","2584","164","164","164","1253","1305","1575"
"16.04.2025 20:00 - 16.04.2025 21:00","578","553","515","136","136","136","1209","1279","1495"
"16.04.2025 21:00 - 16.04.2025 22:00","0","0","0","134","134","134","1317","1524","1590"
"16.04.2025 22:00 - 16.04.2025 23:00","0","0","0","144","144","144","1506","1932","1775"
"16.04.2025 23:00 - 17.04.2025 00:00","0","0","0","149","149","149","1768","2258","2030"
"17.04.2025 00:00 - 17.04.2025 01:00","0","0","0","135","135","135","2593","2943","2850"
"17.04.2025 01:00 - 17.04.2025 02:00","0","0","0","114","114","114","2755","3053","2982"
"17.04.2025 02:00 - 17.04.2025 03:00","0","0","0","119","119","119","2726","3001","2934"
"17.04.2025 03:00 - 17.04.2025 04:00","0","0","0","112","112","112","2669","2944","2860"
"17.04.2025 04:00 - 17.04.2025 05:00","0","0","0","91","91","91","2647","2901","2826"
"17.04.2025 05:00 - 17.04.2025 06:00","0","0","0","85","85","85","2613","2854","2780"
"17.04.2025 06:00 - 17.04.2025 07:00","0","0","0","86","86","86","2596","2834","2755"
"17.04.2025 07:00 - 17.04.2025 08:00","6","4","4","84","84","84","2636","2843","2788"
"17.04.2025 08:00 - 17.04.2025 09:00","1099","1132","1132","82","82","82","2644","2818","2789"
"17.04.2025 09:00 - 17.04.2025 10:00","3793","4053","4053","88","88","88","2681","2898","2821"
"17.04.2025 10:00 - 17.04.2025 11:00","6832","7491","7195","77","77","77","2639","3000","2774"
"17.04.2025 11:00 - 17.04.2025 12:00","8841","10053","9765","67","67","67","2891","3422","3024"
"17.04.2025 12:00 - 17.04.2025 13:00","10348","11590","11357","49","49","49","3291","3510","3420"
"17.04.2025 13:00 - 17.04.2025 14:00","11461","12581","12000","44","44","44","3715","3588","3842"
"17.04.2025 14:00 - 17.04.2025 15:00","11228","12777","12172","48","48","48","3774","3771","3900"
"17.04.2025 15:00 - 17.04.2025 16:00","11449","12652","11875","48","48","48","3687","3840","3810"
"17.04.2025 16:00 - 17.04.2025 17:00","10066","11594","10796","45","45","45","3514","3675","3635"
"17.04.2025 17:00 - 17.04.2025 18:00","8270","9691","8952","46","46","46","3419","3505","3540"
"17.04.2025 18:00 - 17.04.2025 19:00","6187","7075","6610","43","43","43","3187","3254","3307"
"17.04.2025 19:00 - 17.04.2025 20:00","3060","3342","3255","66","66","66","3088","2926","3207"
"17.04.2025 20:00 - 17.04.2025 21:00","633","679","656","163","163","163","2946","2682","3063"
"17.04.2025 21:00 - 17.04.2025 22:00","0","0","0","272","272","272","2798","2681","2912"
"17.04.2025 22:00 - 17.04.2025 23:00","0","0","0","382","382","382","2507","2519","2616"
"17.04.2025 23:00 - 18.04.2025 00:00","0","0","0","463","463","463","2506","2563","2611"
"18.04.2025 00:00 - 18.04.2025 01:00","0","0","0","567","567","567","2435","2839","2465"
"18.04.2025 01:00 - 18.04.2025 02:00","0","0","0","743","743","743","2641","3192","2669"
"18.04.2025 02:00 - 18.04.2025 03:00","0","0","0","818","818","818","2808","3413","2837"
"18.04.2025 03:00 - 18.04.2025 04:00","0","0","0","809","809","809","2980","3495","3009"
"18.04.2025 04:00 - 18.04.2025 05:00","0","0","0","842","842","842","2999","3535","3027"
"18.04.2025 05:00 - 18.04.2025 06:00","0","0","0","829","829","829","3064","3599","3092"
"18.04.2025 06:00 - 18.04.2025 07:00","0","0","0","911","911","911","3132","3690","3160"
"18.04.2025 07:00 - 18.04.2025 08:00","9","8","8","932","932","932","3238","3486","3264"
"18.04.2025 08:00 - 18.04.2025 09:00","1491","1553","1553","955","955","955","3112","3543","3134"
"18.04.2025 09:00 - 18.04.2025 10:00","5098","5282","5282","1030","1030","1030","3507","4259","3530"
"18.04.2025 10:00 - 18.04.2025 11:00","9212","9487","9500","962","962","962","2749","3109","2771"
"18.04.2025 11:00 - 18.04.2025 12:00","12260","12479","12579","995","995","995","2596","2731","2619"
"18.04.2025 12:00 - 18.04.2025 13:00","14156","14403","14334","1021","1021","1021","2892","3109","2915"
"18.04.2025 13:00 - 18.04.2025 14:00","14747","15382","14872","937","937","937","3739","3922","3762"
"18.04.2025 14:00 - 18.04.2025 15:00","14523","15288","14859","953","953","953","4288","4355","4313"
"18.04.2025 15:00 - 18.04.2025 16:00","14118","14490","14288","896","896","896","4680","4408","4705"
"18.04.2025 16:00 - 18.04.2025 17:00","12806","13015","12580","899","899","899","5186","4652","5210"
"18.04.2025 17:00 - 18.04.2025 18:00","10224","10276","10202","820","820","820","5234","4894","5257"
"18.04.2025 18:00 - 18.04.2025 19:00","6986","7242","7096","716","716","716","5372","4916","5394"
"18.04.2025 19:00 - 18.04.2025 20:00","3331","3326","3306","677","677","677","5421","4926","5442"
"18.04.2025 20:00 - 18.04.2025 21:00","638","636","634","735","735","735","6294","5658","6314"
"18.04.2025 21:00 - 18.04.2025 22:00","0","0","0","816","816","816","7602","7209","7621"
"18.04.2025 22:00 - 18.04.2025 23:00","0","0","0","916","916","916","8642","8258","8658"
"18.04.2025 23:00 - 19.04.2025 00:00","0","0","0","900","900","900","9246","9028","9261"
"19.04.2025 00:00 - 19.04.2025 01:00","0","0","0","989","989","989","7971","8910","8292"
"19.04.2025 01:00 - 19.04.2025 02:00","0","0","0","969","969","969","8198","9159","8497"
"19.04.2025 02:00 - 19.04.2025 03:00","0","0","0","893","893","893","7791","8710","8073"
"19.04.2025 03:00 - 19.04.2025 04:00","0","0","0","828","828","828","7290","8162","7554"
"19.04.2025 04:00 - 19.04.2025 05:00","0","0","0","778","778","778","7129","7993","7381"
"19.04.2025 05:00 - 19.04.2025 06:00","0","0","0","640","640","640","7123","7821","7363"
"19.04.2025 06:00 - 19.04.2025 07:00","0","0","0","565","565","565","7432","8059","7663"
"19.04.2025 07:00 - 19.04.2025 08:00","16","17","17","495","495","495","7816","8457","8012"
"19.04.2025 08:00 - 19.04.2025 09:00","1030","1061","1061","424","424","424","7788","7696","7985"
"19.04.2025 09:00 - 19.04.2025 10:00","3271","3296","3296","388","388","388","7291","6344","7499"
"19.04.2025 10:00 - 19.04.2025 11:00","5615","5644","5411","326","326","326","4966","4805","5179"
"19.04.2025 11:00 - 19.04.2025 12:00","6750","6636","7246","289","289","289","4763","4646","4971"
"19.04.2025 12:00 - 19.04.2025 13:00","8067","7028","8053","343","343","343","4787","4667","4986"
"19.04.2025 13:00 - 19.04.2025 14:00","8479","7823","8560","390","390","390","4716","4593","4911"
"19.04.2025 14:00 - 19.04.2025 15:00","8477","7658","8516","448","448","448","4665","4739","4858"
"19.04.2025 15:00 - 19.04.2025 16:00","8166","7391","8123","480","480","480","4798","4787","4990"
"19.04.2025 16:00 - 19.04.2025 17:00","7319","6394","7037","614","614","614","4940","5060","5134"
"19.04.2025 17:00 - 19.04.2025 18:00","5650","5123","5635","757","757","757","4794","5284","4990"
"19.04.2025 18:00 - 19.04.2025 19:00","4670","4431","4592","913","913","913","4366","5177","4562"
"19.04.2025 19:00 - 19.04.2025 20:00","2363","2319","2270","975","975","975","4345","4902","4540"
"19.04.2025 20:00 - 19.04.2025 21:00","522","504","489","997","997","997","4528","5079","4715"
"19.04.2025 21:00 - 19.04.2025 22:00","0","0","0","1013","1013","1013","4851","5711","5025"
"19.04.2025 22:00 - 19.04.2025 23:00","0","0","0","1054","1054","1054","5551","6557","5718"
"19.04.2025 23:00 - 20.04.2025 00:00","0","0","0","1042","1042","1042","6180","6899","6337"
"20.04.2025 00:00 - 20.04.2025 01:00","0","0","0","989","989","989","6378","6999","6354"
"20.04.2025 01:00 - 20.04.2025 02:00","0","0","0","1128","1128","1128","6070","6774","6059"
"20.04.2025 02:00 - 20.04.2025 03:00","0","0","0","1196","1196","1196","5687","6463","5679"
"20.04.2025 03:00 - 20.04.2025 04:00","0","0","0","1241","1241","1241","5811","6573","5805"
"20.04.2025 04:00 - 20.04.2025 05:00","0","0","0","1252","1252","1252","5972","6783","5971"
"20.04.2025 05:00 - 20.04.2025 06:00","0","0","0","1287","1287","1287","5944","6797","5947"
"20.04.2025 06:00 - 20.04.2025 07:00","0","0","0","1274","1274","1274","5812","6654","5823"
"20.04.2025 07:00 - 20.04.2025 08:00","21","17","17","1257","1257","1257","5818","4677","5838"
"20.04.2025 08:00 - 20.04.2025 09:00","1365","1328","1328","1164","1164","1164","5705","4626","5730"
"20.04.2025 09:00 - 20.04.2025 10:00","4344","4241","4241","1001","1001","1001","5677","4603","5703"
"20.04.2025 10:00 - 20.04.2025 11:00","7608","7431","7294","962","962","962","5421","4190","5448"
"20.04.2025 11:00 - 20.04.2025 12:00","9873","9910","9517","662","662","662","5540","4544","5573"
"20.04.2025 12:00 - 20.04.2025 13:00","11072","10879","10319","462","462","462","6192","4848","6229"
"20.04.2025 13:00 - 20.04.2025 14:00","10982","11112","10511","354","354","354","6763","4844","6800"
"20.04.2025 14:00 - 20.04.2025 15:00","10486","10666","10081","344","344","344","7140","4691","7177"
"20.04.2025 15:00 - 20.04.2025 16:00","9818","9590","9357","395","395","395","7586","4736","7622"
"20.04.2025 16:00 - 20.04.2025 17:00","8682","8493","8104","359","359","359","7211","4746","7245"
"20.04.2025 17:00 - 20.04.2025 18:00","7024","6591","6467","291","291","291","7095","4461","7124"
"20.04.2025 18:00 - 20.04.2025 19:00","5268","4824","5171","282","282","282","6648","3864","6669"
"20.04.2025 19:00 - 20.04.2025 20:00","2660","2617","2612","289","289","289","5847","3612","5867"
"20.04.2025 20:00 - 20.04.2025 21:00","622","576","622","305","305","305","5292","3469","5314"
"20.04.2025 21:00 - 20.04.2025 22:00","0","0","0","332","332","332","4763","3874","4781"
"20.04.2025 22:00 - 20.04.2025 23:00","0","0","0","359","359","359","5118","4464","5135"
"20.04.2025 23:00 - 21.04.2025 00:00","0","0","0","446","446","446","5601","4711","5613"
"21.04.2025 00:00 - 21.04.2025 01:00","0","0","0","389","389","389","4921","5440","5149"
"21.04.2025 01:00 - 21.04.2025 02:00","0","0","0","410","410","410","4856","5355","5075"
"21.04.2025 02:00 - 21.04.2025 03:00","0","0","0","415","415","415","4691","5142","4881"
"21.04.2025 03:00 - 21.04.2025 04:00","0","0","0","395","395","395","4638","5111","4823"
"21.04.2025 04:00 - 21.04.2025 05:00","0","0","0","361","361","361","4555","5019","4740"
"21.04.2025 05:00 - 21.04.2025 06:00","0","0","0","300","300","300","4266","4660","4443"
"21.04.2025 06:00 - 21.04.2025 07:00","0","0","0","203","203","203","4068","4364","4231"
"21.04.2025 07:00 - 21.04.2025 08:00","22","19","19","157","157","157","3894","3800","4052"
"21.04.2025 08:00 - 21.04.2025 09:00","1272","1174","1174","122","122","122","3612","3496","3768"
"21.04.2025 09:00 - 21.04.2025 10:00","4084","3688","3688","110","110","110","3036","3186","3196"
"21.04.2025 10:00 - 21.04.2025 11:00","7259","6678","6639","97","97","97","2896","2776","3043"
"21.04.2025 11:00 - 21.04.2025 12:00","9683","8779","9018","84","84","84","2697","2693","2838"
"21.04.2025 12:00 - 21.04.2025 13:00","10627","9863","10060","109","109","109","2678","2788","2822"
"21.04.2025 13:00 - 21.04.2025 14:00","11247","10073","10547","127","127","127","2816","2965","2959"
"21.04.2025 14:00 - 21.04.2025 15:00","10001","9405","10110","153","153","153","2884","3154","3030"
"21.04.2025 15:00 - 21.04.2025 16:00","10545","9777","9712","323","323","323","3045","3274","3191"
"21.04.2025 16:00 - 21.04.2025 17:00","9508","9192","9109","543","543","543","2867","3591","3012"
"21.04.2025 17:00 - 21.04.2025 18:00","7992","7682","7522","619","619","619","2936","3861","3079"
"21.04.2025 18:00 - 21.04.2025 19:00","6057","6052","5657","636","636","636","2911","3679","3052"
"21.04.2025 19:00 - 21.04.2025 20:00","3126","3176","2946","617","617","617","2652","3311","2783"
"21.04.2025 20:00 - 21.04.2025 21:00","714","745","662","598","598","598","2350","2800","2466"
"21.04.2025 21:00 - 21.04.2025 22:00","0","0","0","577","577","577","2494","2904","2599"
"21.04.2025 22:00 - 21.04.2025 23:00","0","0","0","563","563","563","2647","3059","2752"
"21.04.2025 23:00 - 22.04.2025 00:00","0","0","0","543","543","543","2718","2913","2818"
"22.04.2025 00:00 - 22.04.2025 01:00","0","0","0","471","471","471","2839","3162","2833"
"22.04.2025 01:00 - 22.04.2025 02:00","0","0","0","330","330","330","2845","3069","2843"
"22.04.2025 02:00 - 22.04.2025 03:00","0","0","0","193","193","193","2818","2967","2821"
"22.04.2025 03:00 - 22.04.2025 04:00","0","0","0","100","100","100","2698","2789","2703"
"22.04.2025 04:00 - 22.04.2025 05:00","0","0","0","79","79","79","2285","2356","2293"
"22.04.2025 05:00 - 22.04.2025 06:00","0","0","0","76","76","76","1960","2027","1969"
"22.04.2025 06:00 - 22.04.2025 07:00","0","0","0","75","75","75","1786","1836","1796"
"22.04.2025 07:00 - 22.04.2025 08:00","33","31","31","86","86","86","1662","1526","1674"
"22.04.2025 08:00 - 22.04.2025 09:00","1246","1266","1266","103","103","103","1351","1338","1365"
"22.04.2025 09:00 - 22.04.2025 10:00","3811","3696","3696","93","93","93","936","1056","947"
"22.04.2025 10:00 - 22.04.2025 11:00","6438","6039","5835","91","91","91","810","898","819"
"22.04.2025 11:00 - 22.04.2025 12:00","8139","8062","7434","64","64","64","873","1057","881"
"22.04.2025 12:00 - 22.04.2025 13:00","9630","8867","8787","41","41","41","1035","1193","1045"
"22.04.2025 13:00 - 22.04.2025 14:00","9971","9534","9045","38","38","38","1326","1374","1337"
"22.04.2025 14:00 - 22.04.2025 15:00","10013","9651","9150","43","43","43","1610","1602","1628"
"22.04.2025 15:00 - 22.04.2025 16:00","10040","9871","9246","47","47","47","1900","1785","1917"
"22.04.2025 16:00 - 22.04.2025 17:00","9249","8994","8381","53","53","53","2113","1983","2130"
"22.04.2025 17:00 - 22.04.2025 18:00","7673","7716","6914","64","64","64","2327","2153","2344"
"22.04.2025 18:00 - 22.04.2025 19:00","5935","6034","5632","86","86","86","2473","2272","2486"
"22.04.2025 19:00 - 22.04.2025 20:00","3176","3241","2960","119","119","119","2586","2397","2594"
"22.04.2025 20:00 - 22.04.2025 21:00","795","830","787","251","251","251","2532","2399","2541"
"22.04.2025 21:00 - 22.04.2025 22:00","0","0","0","514","514","514","2694","2361","2703"
"22.04.2025 22:00 - 22.04.2025 23:00","0","0","0","717","717","717","2831","2498","2840"
"22.04.2025 23:00 - 23.04.2025 00:00","0","0","0","877","877","877","3074","2686","3083"
"23.04.2025 00:00 - 23.04.2025 01:00","0","0","0","1068","1068","1068","3146","3734","3150"
"23.04.2025 01:00 - 23.04.2025 02:00","0","0","0","1173","1173","1173","3561","4251","3563"
"23.04.2025 02:00 - 23.04.2025 03:00","0","0","0","1224","1224","1224","4018","4759","4020"
"23.04.2025 03:00 - 23.04.2025 04:00","0","0","0","1239","1239","1239","4644","5419","4647"
"23.04.2025 04:00 - 23.04.2025 05:00","0","0","0","1310","1310","1310","5164","6004","5167"
"23.04.2025 05:00 - 23.04.2025 06:00","0","0","0","1286","1286","1286","5812","6671","5816"
"23.04.2025 06:00 - 23.04.2025 07:00","0","0","0","1322","1322","1322","6268","7230","6272"
"23.04.2025 07:00 - 23.04.2025 08:00","42","41","41","1289","1289","1289","6951","6764","6955"
"23.04.2025 08:00 - 23.04.2025 09:00","1455","1459","1459","1228","1228","1228","7300","7210","7304"
"23.04.2025 09:00 - 23.04.2025 10:00","4398","4388","4388","1139","1139","1139","7541","7640","7545"
"23.04.2025 10:00 - 23.04.2025 11:00","7206","7542","7291","1124","1124","1124","8095","8088","8099"
"23.04.2025 11:00 - 23.04.2025 12:00","9561","9705","9121","1078","1078","1078","8860","8826","8864"
"23.04.2025 12:00 - 23.04.2025 13:00","10371","10568","9605","1046","1046","1046","9269","9301","9272"
"23.04.2025 13:00 - 23.04.2025 14:00","10402","9967","9359","1030","1030","1030","9303","9532","9307"
"23.04.2025 14:00 - 23.04.2025 15:00","9497","9161","8472","985","985","985","9155","9019","9159"
"23.04.2025 15:00 - 23.04.2025 16:00","9314","8582","7442","918","918","918","8226","8217","8230"
"23.04.2025 16:00 - 23.04.2025 17:00","8649","7965","7026","952","952","952","7384","7170","7387"
"23.04.2025 17:00 - 23.04.2025 18:00","6918","6679","5821","881","881","881","6370","6386","6374"
"23.04.2025 18:00 - 23.04.2025 19:00","5718","5477","5157","787","787","787","5532","5814","5536"
"23.04.2025 19:00 - 23.04.2025 20:00","3090","3056","2924","793","793","793","4866","4991","4870"
"23.04.2025 20:00 - 23.04.2025 21:00","811","792","785","804","804","804","4484","4528","4488"
"23.04.2025 21:00 - 23.04.2025 22:00","1","1","1","823","823","823","4374","4378","4378"
"23.04.2025 22:00 - 23.04.2025 23:00","0","0","0","793","793","793","4588","4344","4592"
"23.04.2025 23:00 - 24.04.2025 00:00","0","0","0","712","712","712","4585","4309","4589"
"24.04.2025 00:00 - 24.04.2025 01:00","0","0","0","598","598","598","4173","4543","4120"
"24.04.2025 01:00 - 24.04.2025 02:00","0","0","0","502","502","502","3829","4107","3788"
"24.04.2025 02:00 - 24.04.2025 03:00","0","0","0","457","457","457","3742","3970","3709"
"24.04.2025 03:00 - 24.04.2025 04:00","0","0","0","409","409","409","3747","3950","3719"
"24.04.2025 04:00 - 24.04.2025 05:00","0","0","0","438","438","438","3515","3774","3491"
"24.04.2025 05:00 - 24.04.2025 06:00","0","0","0","402","402","402","3343","3607","3323"
"24.04.2025 06:00 - 24.04.2025 07:00","0","0","0","346","346","346","3291","3526","3274"
"24.04.2025 07:00 - 24.04.2025 08:00","54","44","44","256","256","256","3285","2375","3269"
"24.04.2025 08:00 - 24.04.2025 09:00","1592","1399","1399","181","181","181","3007","2261","2992"
"24.04.2025 09:00 - 24.04.2025 10:00","4859","4264","4264","131","131","131","2824","2096","2811"
"24.04.2025 10:00 - 24.04.2025 11:00","8304","7315","7902","109","109","109","3105","2523","3093"
"24.04.2025 11:00 - 24.04.2025 12:00","10999","9788","10687","99","99","99","3427","3045","3416"
"24.04.2025 12:00 - 24.04.2025 13:00","12890","11477","12187","88","88","88","3826","3594","3814"
"24.04.2025 13:00 - 24.04.2025 14:00","13854","12303","13015","78","78","78","4013","3918","4002"
"24.04.2025 14:00 - 24.04.2025 15:00","13965","12620","13354","64","64","64","4112","4175","4102"
"24.04.2025 15:00 - 24.04.2025 16:00","13974","12332","13150","50","50","50","4383","4500","4372"
"24.04.2025 16:00 - 24.04.2025 17:00","12856","11606","12221","34","34","34","4738","4735","4728"
"24.04.2025 17:00 - 24.04.2025 18:00","10572","9296","10028","28","28","28","4849","4797","4839"
"24.04.2025 18:00 - 24.04.2025 19:00","7851","7262","7630","34","34","34","4824","4693","4815"
"24.04.2025 19:00 - 24.04.2025 20:00","4041","3861","4024","37","37","37","4386","4524","4377"
"24.04.2025 20:00 - 24.04.2025 21:00","1012","986","1018","51","51","51","3877","3930","3869"
"24.04.2025 21:00 - 24.04.2025 22:00","1","1","1","81","81","81","3815","3782","3807"
"24.04.2025 22:00 - 24.04.2025 23:00","0","0","0","94","94","94","4052","3992","4044"
"24.04.2025 23:00 - 25.04.2025 00:00","0","0","0","124","124","124","4109","4051","4102"
"25.04.2025 00:00 - 25.04.2025 01:00","0","0","0","92","92","92","4016","4114","4084"
"25.04.2025 01:00 - 25.04.2025 02:00","0","0","0","91","91","91","3660","3778","3729"
"25.04.2025 02:00 - 25.04.2025 03:00","0","0","0","97","97","97","3302","3437","3370"
"25.04.2025 03:00 - 25.04.2025 04:00","0","0","0","104","104","104","3009","3150","3072"
"25.04.2025 04:00 - 25.04.2025 05:00","0","0","0","101","101","101","2786","2916","2846"
"25.04.2025 05:00 - 25.04.2025 06:00","0","0","0","137","137","137","2546","2681","2603"
"25.04.2025 06:00 - 25.04.2025 07:00","0","0","0","186","186","186","2386","2528","2439"
"25.04.2025 07:00 - 25.04.2025 08:00","66","58","58","196","196","196","2332","2407","2383"
"25.04.2025 08:00 - 25.04.2025 09:00","1836","1787","1787","175","175","175","2199","2230","2250"
"25.04.2025 09:00 - 25.04.2025 10:00","5522","5332","5332","172","172","172","2074","2115","2124"
"25.04.2025 10:00 - 25.04.2025 11:00","9531","9502","9540","179","179","179","1650","1623","1698"
"25.04.2025 11:00 - 25.04.2025 12:00","12599","12802","12678","204","204","204","1562","1714","1609"
"25.04.2025 12:00 - 25.04.2025 13:00","14916","14920","14666","206","206","206","1673","2000","1720"
"25.04.2025 13:00 - 25.04.2025 14:00","16010","16018","15569","156","156","156","1935","2118","1982"
"25.04.2025 14:00 - 25.04.2025 15:00","16072","16206","15603","163","163","163","1938","2113","1984"
"25.04.2025 15:00 - 25.04.2025 16:00","15551","15504","15099","194","194","194","2017","2107","2064"
"25.04.2025 16:00 - 25.04.2025 17:00","14056","14153","13802","236","236","236","2102","2110","2148"
"25.04.2025 17:00 - 25.04.2025 18:00","11692","11622","11139","264","264","264","2202","2313","2247"
"25.04.2025 18:00 - 25.04.2025 19:00","8202","8137","7925","293","293","293","2272","2448","2315"
"25.04.2025 19:00 - 25.04.2025 20:00","4170","4049","3914","431","431","431","2158","2372","2199"
"25.04.2025 20:00 - 25.04.2025 21:00","1051","1017","990","592","592","592","2306","2360","2345"
"25.04.2025 21:00 - 25.04.2025 22:00","1","1","1","663","663","663","3043","3054","3078"
"25.04.2025 22:00 - 25.04.2025 23:00","0","0","0","642","642","642","3960","3887","3991"
"25.04.2025 23:00 - 26.04.2025 00:00","0","0","0","587","587","587","4252","4157","4280"
"26.04.2025 00:00 - 26.04.2025 01:00","0","0","0","568","568","568","3910","4293","3892"
"26.04.2025 01:00 - 26.04.2025 02:00","0","0","0","480","480","480","3788","4173","3778"
"26.04.2025 02:00 - 26.04.2025 03:00","0","0","0","352","352","352","3729","4040","3723"
"26.04.2025 03:00 - 26.04.2025 04:00","0","0","0","190","190","190","3755","3928","3752"
"26.04.2025 04:00 - 26.04.2025 05:00","0","0","0","132","132","132","3697","3826","3696"
"26.04.2025 05:00 - 26.04.2025 06:00","0","0","0","136","136","136","3645","3783","3646"
"26.04.2025 06:00 - 26.04.2025 07:00","0","0","0","150","150","150","3567","3715","3566"
"26.04.2025 07:00 - 26.04.2025 08:00","89","91","91","143","143","143","3587","4112","3590"
"26.04.2025 08:00 - 26.04.2025 09:00","1408","1517","1517","143","143","143","3376","3807","3380"
"26.04.2025 09:00 - 26.04.2025 10:00","3930","4047","4047","131","131","131","2659","2801","2665"
"26.04.2025 10:00 - 26.04.2025 11:00","6367","6383","6705","126","126","126","2218","2565","2224"
"26.04.2025 11:00 - 26.04.2025 12:00","7877","8002","8392","132","132","132","2428","2650","2435"
"26.04.2025 12:00 - 26.04.2025 13:00","8774","8697","8592","172","172","172","2713","2911","2719"
"26.04.2025 13:00 - 26.04.2025 14:00","9172","9274","8702","200","200","200","3040","3229","3047"
"26.04.2025 14:00 - 26.04.2025 15:00","8665","8824","8593","255","255","255","3235","3504","3243"
"26.04.2025 15:00 - 26.04.2025 16:00","8205","8594","8020","348","348","348","3391","3685","3398"
"26.04.2025 16:00 - 26.04.2025 17:00","7057","7391","7159","456","456","456","3640","3899","3647"
"26.04.2025 17:00 - 26.04.2025 18:00","5703","5654","5759","536","536","536","3674","3946","3679"
"26.04.2025 18:00 - 26.04.2025 19:00","4668","4612","4617","587","587","587","3818","3852","3823"
"26.04.2025 19:00 - 26.04.2025 20:00","2485","2545","2486","617","617","617","3687","3928","3691"
"26.04.2025 20:00 - 26.04.2025 21:00","722","700","696","609","609","609","4102","4360","4104"
"26.04.2025 21:00 - 26.04.2025 22:00","2","2","2","573","573","573","4716","4757","4716"
"26.04.2025 22:00 - 26.04.2025 23:00","0","0","0","518","518","518","5128","5219","5127"
"26.04.2025 23:00 - 27.04.2025 00:00","0","0","0","461","461","461","5098","5383","5097"
"27.04.2025 00:00 - 27.04.2025 01:00","0","0","0","408","408","408","4722","5213","4843"
"27.04.2025 01:00 - 27.04.2025 02:00","0","0","0","343","343","343","4579","4992","4697"
"27.04.2025 02:00 - 27.04.2025 03:00","0","0","0","297","297","297","4421","4759","4533"
"27.04.2025 03:00 - 27.04.2025 04:00","0","0","0","285","285","285","4376","4719","4482"
"27.04.2025 04:00 - 27.04.2025 05:00","0","0","0","260","260","260","4375","4713","4481"
"27.04.2025 05:00 - 27.04.2025 06:00","0","0","0","231","231","231","4243","4549","4347"
"27.04.2025 06:00 - 27.04.2025 07:00","0","0","0","197","197","197","4088","4373","4191"
"27.04.2025 07:00 - 27.04.2025 08:00","76","74","74","160","160","160","3865","3692","3966"
"27.04.2025 08:00 - 27.04.2025 09:00","1425","1404","1404","113","113","113","3400","3209","3501"
"27.04.2025 09:00 - 27.04.2025 10:00","4157","3972","3972","66","66","66","2571","2598","2671"
"27.04.2025 10:00 - 27.04.2025 11:00","7318","6815","6140","43","43","43","1748","1633","1850"
"27.04.2025 11:00 - 27.04.2025 12:00","9180","9017","8602","30","30","30","1602","1582","1704"
"27.04.2025 12:00 - 27.04.2025 13:00","10829","10611","10318","22","22","22","1635","1656","1737"
"27.04.2025 13:00 - 27.04.2025 14:00","11212","11380","11624","23","23","23","1887","1853","1990"
"27.04.2025 14:00 - 27.04.2025 15:00","11472","12069","12131","25","25","25","2032","2135","2133"
"27.04.2025 15:00 - 27.04.2025 16:00","11595","11803","12166","28","28","28","2159","2218","2260"
"27.04.2025 16:00 - 27.04.2025 17:00","10554","10961","11265","49","49","49","2249","2264","2349"
"27.04.2025 17:00 - 27.04.2025 18:00","8895","8830","9263","65","65","65","2313","2336","2411"
"27.04.2025 18:00 - 27.04.2025 19:00","6910","6800","7073","67","67","67","2399","2409","2494"
"27.04.2025 19:00 - 27.04.2025 20:00","3749","3789","3818","76","76","76","2376","2349","2465"
"27.04.2025 20:00 - 27.04.2025 21:00","1090","1094","1105","105","105","105","2739","2618","2819"
"27.04.2025 21:00 - 27.04.2025 22:00","4","4","4","119","119","119","3531","3241","3606"
"27.04.2025 22:00 - 27.04.2025 23:00","0","0","0","127","127","127","4107","3769","4177"
"27.04.2025 23:00 - 28.04.2025 00:00","0","0","0","156","156","156","4038","3873","4105"
"28.04.2025 00:00 - 28.04.2025 01:00","0","0","0","208","208","208","3406","3484","3355"
"28.04.2025 01:00 - 28.04.2025 02:00","0","0","0","197","197","197","3404","3498","3365"
"28.04.2025 02:00 - 28.04.2025 03:00","0","0","0","163","163","163","3264","3343","3232"
"28.04.2025 03:00 - 28.04.2025 04:00","0","0","0","145","145","145","2988","3064","2962"
"28.04.2025 04:00 - 28.04.2025 05:00","0","0","0","149","149","149","2718","2817","2698"
"28.04.2025 05:00 - 28.04.2025 06:00","0","0","0","149","149","149","2621","2725","2606"
"28.04.2025 06:00 - 28.04.2025 07:00","0","0","0","161","161","161","2547","2659","2537"
"28.04.2025 07:00 - 28.04.2025 08:00","132","140","140","171","171","171","2452","2686","2444"
"28.04.2025 08:00 - 28.04.2025 09:00","2165","2200","2200","182","182","182","2052","2337","2046"
"28.04.2025 09:00 - 28.04.2025 10:00","6221","6287","6287","169","169","169","1923","2256","1918"
"28.04.2025 10:00 - 28.04.2025 11:00","10775","10707","10467","148","148","148","804","1026","800"
"28.04.2025 11:00 - 28.04.2025 12:00","14211","14170","13805","131","131","131","757","889","756"
"28.04.2025 12:00 - 28.04.2025 13:00","15952","16096","15947","124","124","124","1043","1086","1043"
"28.04.2025 13:00 - 28.04.2025 14:00","16690","16736","16651","149","149","149","1429","1387","1429"
"28.04.2025 14:00 - 28.04.2025 15:00","16335","16503","16492","187","187","187","1591","1578","1592"
"28.04.2025 15:00 - 28.04.2025 16:00","15365","15438","15860","276","276","276","1696","1646","1699"
"28.04.2025 16:00 - 28.04.2025 17:00","13391","13764","13846","345","345","345","1871","1737","1874"
"28.04.2025 17:00 - 28.04.2025 18:00","10675","10919","11056","448","448","448","1977","1872","1979"
"28.04.2025 18:00 - 28.04.2025 19:00","7854","8000","8103","671","671","671","2238","2050","2238"
"28.04.2025 19:00 - 28.04.2025 20:00","4165","4165","4229","790","790","790","2496","2413","2494"
"28.04.2025 20:00 - 28.04.2025 21:00","1190","1203","1191","868","868","868","3103","3058","3100"
"28.04.2025 21:00 - 28.04.2025 22:00","5","5","5","945","945","945","4046","4014","4039"
"28.04.2025 22:00 - 28.04.2025 23:00","0","0","0","1008","1008","1008","4696","4699","4689"
"28.04.2025 23:00 - 29.04.2025 00:00","0","0","0","1016","1016","1016","4787","4923","4779"
"29.04.2025 00:00 - 29.04.2025 01:00","0","0","0","1012","1012","1012","4522","5606","4594"
"29.04.2025 01:00 - 29.04.2025 02:00","0","0","0","900","900","900","4534","5505","4605"
"29.04.2025 02:00 - 29.04.2025 03:00","0","0","0","808","808","808","4369","5243","4435"
"29.04.2025 03:00 - 29.04.2025 04:00","0","0","0","749","749","749","4057","4869","4120"
"29.04.2025 04:00 - 29.04.2025 05:00","0","0","0","703","703","703","3946","4711","4007"
"29.04.2025 05:00 - 29.04.2025 06:00","0","0","0","657","657","657","3880","4598","3941"
"29.04.2025 06:00 - 29.04.2025 07:00","0","0","0","621","621","621","3818","4498","3877"
"29.04.2025 07:00 - 29.04.2025 08:00","162","170","170","600","600","600","3787","4045","3844"
"29.04.2025 08:00 - 29.04.2025 09:00","2293","2387","2387","589","589","589","3471","3583","3527"
"29.04.2025 09:00 - 29.04.2025 10:00","6392","6585","6585","533","533","533","4030","4069","4086"
"29.04.2025 10:00 - 29.04.2025 11:00","10981","11181","11575","496","496","496","1995","2105","2049"
"29.04.2025 11:00 - 29.04.2025 12:00","14508","14676","15041","480","480","480","2112","2028","2164"
"29.04.2025 12:00 - 29.04.2025 13:00","16518","16618","17103","505","505","505","2478","2374","2531"
"29.04.2025 13:00 - 29.04.2025 14:00","16970","17182","17874","573","573","573","2763","2648","2816"
"29.04.2025 14:00 - 29.04.2025 15:00","16906","16989","17528","653","653","653","2899","2816","2952"
"29.04.2025 15:00 - 29.04.2025 16:00","15922","15992","16739","732","732","732","2833","2916","2886"
"29.04.2025 16:00 - 29.04.2025 17:00","14121","14353","14872","789","789","789","2691","2890","2743"
"29.04.2025 17:00 - 29.04.2025 18:00","11230","11394","12068","857","857","857","2633","2775","2685"
"29.04.2025 18:00 - 29.04.2025 19:00","8283","8249","8690","917","917","917","2618","2754","2668"
"29.04.2025 19:00 - 29.04.2025 20:00","4403","4387","4535","970","970","970","2696","2783","2745"
"29.04.2025 20:00 - 29.04.2025 21:00","1268","1272","1299","994","994","994","3317","3217","3363"
"29.04.2025 21:00 - 29.04.2025 22:00","8","8","8","1028","1028","1028","4355","4196","4398"
"29.04.2025 22:00 - 29.04.2025 23:00","0","0","0","1031","1031","1031","5431","5413","5473"
"29.04.2025 23:00 - 30.04.2025 00:00","0","0","0","996","996","996","5573","5658","5613"
"30.04.2025 00:00 - 30.04.2025 01:00","0","0","0","865","865","865","4986","5612","5040"
"30.04.2025 01:00 - 30.04.2025 02:00","0","0","0","792","792","792","4685","5259","4738"
"30.04.2025 02:00 - 30.04.2025 03:00","0","0","0","716","716","716","4358","4871","4408"
"30.04.2025 03:00 - 30.04.2025 04:00","0","0","0","649","649","649","4030","4489","4077"
"30.04.2025 04:00 - 30.04.2025 05:00","0","0","0","560","560","560","3763","4150","3809"
"30.04.2025 05:00 - 30.04.2025 06:00","0","0","0","497","497","497","3527","3862","3574"
"30.04.2025 06:00 - 30.04.2025 07:00","0","0","0","447","447","447","3422","3739","3469"
"30.04.2025 07:00 - 30.04.2025 08:00","187","192","192","405","405","405","3350","3414","3397"
"30.04.2025 08:00 - 30.04.2025 09:00","2368","2466","2466","358","358","358","2971","2935","3019"
"30.04.2025 09:00 - 30.04.2025 10:00","6479","6727","6727","295","295","295","2834","2754","2882"
"30.04.2025 10:00 - 30.04.2025 11:00","10994","11356","11666","264","264","264","1573","1691","1622"
"30.04.2025 11:00 - 30.04.2025 12:00","14595","14967","15173","253","253","253","1478","1553","1526"
"30.04.2025 12:00 - 30.04.2025 13:00","16849","17120","17309","220","220","220","1686","1727","1734"
"30.04.2025 13:00 - 30.04.2025 14:00","17952","18078","18260","213","213","213","1913","1896","1962"
"30.04.2025 14:00 - 30.04.2025 15:00","18001","18045","18414","279","279","279","2100","2121","2149"
"30.04.2025 15:00 - 30.04.2025 16:00","17295","17419","17693","352","352","352","2319","2403","2370"
"30.04.2025 16:00 - 30.04.2025 17:00","15592","15772","16013","407","407","407","2493","2617","2543"
"30.04.2025 17:00 - 30.04.2025 18:00","12890","12866","13158","507","507","507","2542","2645","2591"
"30.04.2025 18:00 - 30.04.2025 19:00","9164","9266","9370","618","618","618","2496","2592","2543"
"30.04.2025 19:00 - 30.04.2025 20:00","4786","4827","4853","706","706","706","2515","2589","2559"
"30.04.2025 20:00 - 30.04.2025 21:00","1379","1390","1407","792","792","792","2825","2909","2865"
"30.04.2025 21:00 - 30.04.2025 22:00","10","10","10","859","859","859","3426","3501","3463"
"30.04.2025 22:00 - 30.04.2025 23:00","0","0","0","911","911","911","4309","4313","4344"
"30.04.2025 23:00 - 01.05.2025 00:00","0","0","0","880","880","880","4696","4721","4730"
"01.05.2025 00:00 - 01.05.2025 01:00","0","0","0","758","758","758","4282","4977","4518"
"01.05.2025 01:00 - 01.05.2025 02:00","0","0","0","716","716","716","4352","5005","4565"
"01.05.2025 02:00 - 01.05.2025 03:00","0","0","0","681","681","681","4203","4807","4397"
"01.05.2025 03:00 - 01.05.2025 04:00","0","0","0","657","657","657","3929","4510","4109"
"01.05.2025 04:00 - 01.05.2025 05:00","0","0","0","629","629","629","3789","4368","3959"
"01.05.2025 05:00 - 01.05.2025 06:00","0","0","0","570","570","570","3774","4342","3935"
"01.05.2025 06:00 - 01.05.2025 07:00","0","0","0","483","483","483","3837","4342","3991"
"01.05.2025 07:00 - 01.05.2025 08:00","214","214","214","423","423","423","3920","3668","4068"
"01.05.2025 08:00 - 01.05.2025 09:00","2391","2347","2347","404","404","404","3586","3503","3730"
"01.05.2025 09:00 - 01.05.2025 10:00","6436","6269","6269","366","366","366","3701","3564","3840"
"01.05.2025 10:00 - 01.05.2025 11:00","10832","10470","10897","329","329","329","2114","2205","2250"
"01.05.2025 11:00 - 01.05.2025 12:00","14174","13735","14203","274","274","274","1886","1882","2020"
"01.05.2025 12:00 - 01.05.2025 13:00","16254","15456","16200","220","220","220","2085","2033","2217"
"01.05.2025 13:00 - 01.05.2025 14:00","17039","15826","16950","162","162","162","2391","2250","2524"
"01.05.2025 14:00 - 01.05.2025 15:00","17130","15682","17146","97","97","97","2553","2399","2682"
"01.05.2025 15:00 - 01.05.2025 16:00","16046","14845","16182","57","57","57","2608","2447","2738"
"01.05.2025 16:00 - 01.05.2025 17:00","14433","12937","14593","37","37","37","2574","2431","2703"
"01.05.2025 17:00 - 01.05.2025 18:00","11653","10511","12004","26","26","26","2442","2406","2569"
"01.05.2025 18:00 - 01.05.2025 19:00","8416","7597","8491","27","27","27","2272","2396","2396"
"01.05.2025 19:00 - 01.05.2025 20:00","4416","3994","4438","76","76","76","2221","2240","2339"
"01.05.2025 20:00 - 01.05.2025 21:00","1278","1189","1278","254","254","254","2270","2205","2386"
"01.05.2025 21:00 - 01.05.2025 22:00","12","10","12","314","314","314","2709","2693","2820"
"01.05.2025 22:00 - 01.05.2025 23:00","0","0","0","313","313","313","3419","3318","3526"
"01.05.2025 23:00 - 02.05.2025 00:00","0","0","0","289","289","289","4214","3848","4315"
"02.05.2025 00:00 - 02.05.2025 01:00","0","0","0","306","306","306","3738","3993","3847"
"02.05.2025 01:00 - 02.05.2025 02:00","0","0","0","293","293","293","3613","3869","3718"
"02.05.2025 02:00 - 02.05.2025 03:00","0","0","0","295","295","295","3369","3661","3467"
"02.05.2025 03:00 - 02.05.2025 04:00","0","0","0","263","263","263","3461","3742","3554"
"02.05.2025 04:00 - 02.05.2025 05:00","0","0","0","300","300","300","3266","3591","3356"
"02.05.2025 05:00 - 02.05.2025 06:00","0","0","0","243","243","243","3065","3355","3152"
"02.05.2025 06:00 - 02.05.2025 07:00","0","0","0","190","190","190","2820","3068","2906"
"02.05.2025 07:00 - 02.05.2025 08:00","219","229","229","157","157","157","2588","2779","2673"
"02.05.2025 08:00 - 02.05.2025 09:00","2319","2437","2437","157","157","157","2336","2484","2420"
"02.05.2025 09:00 - 02.05.2025 10:00","6164","6394","6394","153","153","153","2332","2217","2415"
"02.05.2025 10:00 - 02.05.2025 11:00","10230","10665","9772","159","159","159","1659","1644","1741"
"02.05.2025 11:00 - 02.05.2025 12:00","13334","13752","12818","146","146","146","1789","1817","1870"
"02.05.2025 12:00 - 02.05.2025 13:00","15022","15628","14676","154","154","154","2060","2102","2143"
"02.05.2025 13:00 - 02.05.2025 14:00","15625","15906","15428","166","166","166","2312","2415","2394"
"02.05.2025 14:00 - 02.05.2025 15:00","15443","15283","15245","182","182","182","2455","2595","2537"
"02.05.2025 15:00 - 02.05.2025 16:00","14294","14199","14279","208","208","208","2533","2669","2616"
"02.05.2025 16:00 - 02.05.2025 17:00","12527","12326","12002","232","232","232","2584","2679","2665"
"02.05.2025 17:00 - 02.05.2025 18:00","9782","9283","9007","305","305","305","2689","2684","2769"
"02.05.2025 18:00 - 02.05.2025 19:00","7148","6721","6465","369","369","369","2921","2698","2998"
"02.05.2025 19:00 - 02.05.2025 20:00","3762","3621","3433","431","431","431","3225","3011","3299"
"02.05.2025 20:00 - 02.05.2025 21:00","1134","1103","1027","530","530","530","3845","3486","3914"
"02.05.2025 21:00 - 02.05.2025 22:00","15","14","13","603","603","603","4731","4174","4794"
"02.05.2025 22:00 - 02.05.2025 23:00","0","0","0","654","654","654","5410","5257","5468"
"02.05.2025 23:00 - 03.05.2025 00:00","0","0","0","621","621","621","5765","5945","5821"
"03.05.2025 00:00 - 03.05.2025 01:00","0","0","0","554","554","554","5732","6081","5828"
"03.05.2025 01:00 - 03.05.2025 02:00","0","0","0","566","566","566","5744","6110","5834"
"03.05.2025 02:00 - 03.05.2025 03:00","0","0","0","614","614","614","6067","6450","6156"
"03.05.2025 03:00 - 03.05.2025 04:00","0","0","0","522","522","522","6131","6500","6212"
"03.05.2025 04:00 - 03.05.2025 05:00","0","0","0","597","597","597","5962","6485","6045"
"03.05.2025 05:00 - 03.05.2025 06:00","0","0","0","567","567","567","5540","6139","5625"
"03.05.2025 06:00 - 03.05.2025 07:00","0","0","0","551","551","551","5150","5701","5241"
"03.05.2025 07:00 - 03.05.2025 08:00","183","164","164","379","379","379","5020","5008","5110"
"03.05.2025 08:00 - 03.05.2025 09:00","1902","1976","1976","270","270","270","4596","4672","4684"
"03.05.2025 09:00 - 03.05.2025 10:00","5238","5277","5277","162","162","162","3459","3561","3545"
"03.05.2025 10:00 - 03.05.2025 11:00","8998","9150","8508","127","127","127","2461","2637","2545"
"03.05.2025 11:00 - 03.05.2025 12:00","11897","11910","11574","121","121","121","2393","2582","2473"
"03.05.2025 12:00 - 03.05.2025 13:00","13253","13588","13746","118","118","118","2779","2668","2857"
"03.05.2025 13:00 - 03.05.2025 14:00","14059","14044","14464","93","93","93","3025","2758","3104"
"03.05.2025 14:00 - 03.05.2025 15:00","13707","13663","14300","106","106","106","3084","2978","3158"
"03.05.2025 15:00 - 03.05.2025 16:00","12930","12971","13474","119","119","119","3559","3257","3636"
"03.05.2025 16:00 - 03.05.2025 17:00","11784","11652","11646","112","112","112","3524","3808","3601"
"03.05.2025 17:00 - 03.05.2025 18:00","9329","9205","9008","127","127","127","3980","4014","4055"
"03.05.2025 18:00 - 03.05.2025 19:00","7061","6911","6619","214","214","214","4256","4095","4328"
"03.05.2025 19:00 - 03.05.2025 20:00","3946","3786","3619","332","332","332","4959","3998","5024"
"03.05.2025 20:00 - 03.05.2025 21:00","1247","1217","1137","459","459","459","5554","4706","5613"
"03.05.2025 21:00 - 03.05.2025 22:00","21","21","21","672","672","672","5493","5342","5546"
"03.05.2025 22:00 - 03.05.2025 23:00","0","0","0","717","717","717","5504","5181","5554"
"03.05.2025 23:00 - 04.05.2025 00:00","0","0","0","651","651","651","5325","4751","5371"
"04.05.2025 00:00 - 04.05.2025 01:00","0","0","0","800","800","800","3748","4800","4148"
"04.05.2025 01:00 - 04.05.2025 02:00","0","0","0","904","904","904","3926","4842","4282"
"04.05.2025 02:00 - 04.05.2025 03:00","0","0","0","955","955","955","4326","5129","4646"
"04.05.2025 03:00 - 04.05.2025 04:00","0","0","0","942","942","942","4314","5060","4603"
"04.05.2025 04:00 - 04.05.2025 05:00","0","0","0","928","928","928","4083","4786","4344"
"04.05.2025 05:00 - 04.05.2025 06:00","0","0","0","929","929","929","3934","4617","4165"
"04.05.2025 06:00 - 04.05.2025 07:00","0","0","0","957","957","957","3963","4668","4179"
"04.05.2025 07:00 - 04.05.2025 08:00","192","181","181","1019","1019","1019","4155","3733","4369"
"04.05.2025 08:00 - 04.05.2025 09:00","1716","1578","1578","1080","1080","1080","3913","3367","4114"
"04.05.2025 09:00 - 04.05.2025 10:00","4264","3840","3840","1096","1096","1096","4283","4063","4476"
"04.05.2025 10:00 - 04.05.2025 11:00","6752","6166","4613","1101","1101","1101","4487","4275","4680"
"04.05.2025 11:00 - 04.05.2025 12:00","7966","7788","6251","1123","1123","1123","4689","4357","4878"
"04.05.2025 12:00 - 04.05.2025 13:00","9031","8512","7044","1157","1157","1157","5003","4602","5190"
"04.05.2025 13:00 - 04.05.2025 14:00","9320","8663","7623","1181","1181","1181","5457","4877","5640"
"04.05.2025 14:00 - 04.05.2025 15:00","8832","8031","7700","1173","1173","1173","6104","5557","6295"
"04.05.2025 15:00 - 04.05.2025 16:00","8437","8254","7785","1162","1162","1162","6739","6164","6936"
"04.05.2025 16:00 - 04.05.2025 17:00","7210","7693","7508","1134","1134","1134","7488","7059","7683"
"04.05.2025 17:00 - 04.05.2025 18:00","6027","6353","6144","1120","1120","1120","8392","8236","8591"
"04.05.2025 18:00 - 04.05.2025 19:00","4874","4996","4770","1087","1087","1087","9083","9086","9278"
"04.05.2025 19:00 - 04.05.2025 20:00","2933","2917","2951","1061","1061","1061","9200","9294","9390"
"04.05.2025 20:00 - 04.05.2025 21:00","995","1032","1023","1084","1084","1084","9032","9259","9213"
"04.05.2025 21:00 - 04.05.2025 22:00","29","30","29","1115","1115","1115","9169","9353","9337"
"04.05.2025 22:00 - 04.05.2025 23:00","0","0","0","1183","1183","1183","9564","9712","9721"
"04.05.2025 23:00 - 05.05.2025 00:00","0","0","0","1140","1140","1140","9495","10248","9642"
"05.05.2025 00:00 - 05.05.2025 01:00","0","0","0","1148","1148","1148","9805","11120","10262"
"05.05.2025 01:00 - 05.05.2025 02:00","0","0","0","1182","1182","1182","9797","11038","10208"
"05.05.2025 02:00 - 05.05.2025 03:00","0","0","0","1157","1157","1157","9714","10944","10092"
"05.05.2025 03:00 - 05.05.2025 04:00","0","0","0","1126","1126","1126","9438","10650","9787"
"05.05.2025 04:00 - 05.05.2025 05:00","0","0","0","1135","1135","1135","9059","10162","9389"
"05.05.2025 05:00 - 05.05.2025 06:00","0","0","0","1227","1227","1227","8553","9687","8868"
"05.05.2025 06:00 - 05.05.2025 07:00","0","0","0","1215","1215","1215","8250","9346","8553"
"05.05.2025 07:00 - 05.05.2025 08:00","221","208","208","1181","1181","1181","7736","7702","8027"
"05.05.2025 08:00 - 05.05.2025 09:00","1892","1861","1861","1085","1085","1085","6317","6139","6602"
"05.05.2025 09:00 - 05.05.2025 10:00","4844","4866","4866","993","993","993","6047","5731","6324"
"05.05.2025 10:00 - 05.05.2025 11:00","8112","7995","7140","911","911","911","6449","6203","6720"
"05.05.2025 11:00 - 05.05.2025 12:00","10773","10360","9642","813","813","813","7118","6949","7384"
"05.05.2025 12:00 - 05.05.2025 13:00","12282","11926","10982","701","701","701","7907","7162","8166"
"05.05.2025 13:00 - 05.05.2025 14:00","12586","12501","11807","610","610","610","8256","7370","8511"
"05.05.2025 14:00 - 05.05.2025 15:00","12637","12490","12148","578","578","578","8580","7574","8832"
"05.05.2025 15:00 - 05.05.2025 16:00","12368","12238","12133","635","635","635","8736","8209","8985"
"05.05.2025 16:00 - 05.05.2025 17:00","11531","11131","11247","745","745","745","8682","8712","8931"
"05.05.2025 17:00 - 05.05.2025 18:00","9767","9351","9443","958","958","958","8374","8852","8621"
"05.05.2025 18:00 - 05.05.2025 19:00","7254","7135","7071","1082","1082","1082","8510","8780","8755"
"05.05.2025 19:00 - 05.05.2025 20:00","4075","4053","3993","1185","1185","1185","8437","7932","8676"
"05.05.2025 20:00 - 05.05.2025 21:00","1380","1340","1354","1212","1212","1212","7859","6837","8088"
"05.05.2025 21:00 - 05.05.2025 22:00","39","39","39","1211","1211","1211","7463","6313","7684"
"05.05.2025 22:00 - 05.05.2025 23:00","0","0","0","1229","1229","1229","7715","6844","7925"
"05.05.2025 23:00 - 06.05.2025 00:00","0","0","0","1242","1242","1242","7993","7439","8192"
"06.05.2025 00:00 - 06.05.2025 01:00","0","0","0","1220","1220","1220","7573","7895","7154"
"06.05.2025 01:00 - 06.05.2025 02:00","0","0","0","1209","1209","1209","8208","8563","7838"
"06.05.2025 02:00 - 06.05.2025 03:00","0","0","0","1176","1176","1176","8688","9062","8353"
"06.05.2025 03:00 - 06.05.2025 04:00","0","0","0","1159","1159","1159","8660","9014","8296"
"06.05.2025 04:00 - 06.05.2025 05:00","0","0","0","1184","1184","1184","8552","8818","8068"
"06.05.2025 05:00 - 06.05.2025 06:00","0","0","0","1189","1189","1189","8299","8751","7992"
"06.05.2025 06:00 - 06.05.2025 07:00","0","0","0","1203","1203","1203","8096","8446","7710"
"06.05.2025 07:00 - 06.05.2025 08:00","291","301","301","1150","1150","1150","7977","8195","7495"
"06.05.2025 08:00 - 06.05.2025 09:00","2340","2399","2399","1048","1048","1048","7597","7689","7182"
"06.05.2025 09:00 - 06.05.2025 10:00","5940","6046","6046","945","945","945","5778","5760","5533"
"06.05.2025 10:00 - 06.05.2025 11:00","9806","10046","9440","859","859","859","6295","6153","6063"
"06.05.2025 11:00 - 06.05.2025 12:00","13054","12931","11837","789","789","789","7201","6790","7161"
"06.05.2025 12:00 - 06.05.2025 13:00","14310","14644","13550","758","758","758","8514","8386","8475"
"06.05.2025 13:00 - 06.05.2025 14:00","14664","15062","14214","778","778","778","8817","8720","8526"
"06.05.2025 14:00 - 06.05.2025 15:00","14489","14556","13839","814","814","814","8684","8779","8482"
"06.05.2025 15:00 - 06.05.2025 16:00","13461","13825","13103","831","831","831","8526","8779","8250"
"06.05.2025 16:00 - 06.05.2025 17:00","12294","12129","11745","860","860","860","8439","8788","8038"
"06.05.2025 17:00 - 06.05.2025 18:00","10005","9875","9363","892","892","892","8284","8660","7925"
"06.05.2025 18:00 - 06.05.2025 19:00","7296","7472","7075","916","916","916","8046","8725","7838"
"06.05.2025 19:00 - 06.05.2025 20:00","4083","4144","3959","1002","1002","1002","7294","8164","7212"
"06.05.2025 20:00 - 06.05.2025 21:00","1347","1375","1335","1059","1059","1059","6647","7919","6634"
"06.05.2025 21:00 - 06.05.2025 22:00","47","48","46","1162","1162","1162","6994","8036","7207"
"06.05.2025 22:00 - 06.05.2025 23:00","0","0","0","1160","1160","1160","7553","7998","7523"
"06.05.2025 23:00 - 07.05.2025 00:00","0","0","0","1157","1157","1157","7338","7546","7188"
"07.05.2025 00:00 - 07.05.2025 01:00","0","0","0","1019","1019","1019","6800","8110","7376"
"07.05.2025 01:00 - 07.05.2025 02:00","0","0","0","1041","1041","1041","6849","8059","7373"
"07.05.2025 02:00 - 07.05.2025 03:00","0","0","0","1014","1014","1014","6746","7837","7229"
"07.05.2025 03:00 - 07.05.2025 04:00","0","0","0","949","949","949","6440","7429","6887"
"07.05.2025 04:00 - 07.05.2025 05:00","0","0","0","776","776","776","6369","7209","6792"
"07.05.2025 05:00 - 07.05.2025 06:00","0","0","0","719","719","719","5978","6819","6384"
"07.05.2025 06:00 - 07.05.2025 07:00","0","0","0","748","748","748","5614","6518","6006"
"07.05.2025 07:00 - 07.05.2025 08:00","331","286","286","750","750","750","5327","5345","5707"
"07.05.2025 08:00 - 07.05.2025 09:00","2466","2278","2278","702","702","702","4581","4822","4953"
"07.05.2025 09:00 - 07.05.2025 10:00","6273","5845","5845","643","643","643","3634","4066","3997"
"07.05.2025 10:00 - 07.05.2025 11:00","10509","9881","8503","583","583","583","4205","4220","4562"
"07.05.2025 11:00 - 07.05.2025 12:00","13820","12826","11035","561","561","561","4451","4407","4802"
"07.05.2025 12:00 - 07.05.2025 13:00","15712","14720","12815","516","516","516","4760","4710","5107"
"07.05.2025 13:00 - 07.05.2025 14:00","16156","15394","13479","495","495","495","4903","5030","5247"
"07.05.2025 14:00 - 07.05.2025 15:00","15838","14954","13344","506","506","506","4631","4777","4974"
"07.05.2025 15:00 - 07.05.2025 16:00","14775","14158","12807","511","511","511","4574","4771","4915"
"07.05.2025 16:00 - 07.05.2025 17:00","13024","12360","11284","549","549","549","4520","4828","4858"
"07.05.2025 17:00 - 07.05.2025 18:00","10326","9897","9068","608","608","608","4432","4913","4765"
"07.05.2025 18:00 - 07.05.2025 19:00","7628","7392","6829","630","630","630","4320","4830","4644"
"07.05.2025 19:00 - 07.05.2025 20:00","4203","4127","3864","721","721","721","4024","4424","4336"
"07.05.2025 20:00 - 07.05.2025 21:00","1421","1400","1354","772","772","772","3430","3713","3723"
"07.05.2025 21:00 - 07.05.2025 22:00","55","54","54","799","799","799","3163","3572","3439"
"07.05.2025 22:00 - 07.05.2025 23:00","0","0","0","776","776","776","3678","4353","3939"
"07.05.2025 23:00 - 08.05.2025 00:00","0","0","0","723","723","723","4126","4645","4372"
"08.05.2025 00:00 - 08.05.2025 01:00","0","0","0","794","794","794","4692","5284","4656"
"08.05.2025 01:00 - 08.05.2025 02:00","0","0","0","759","759","759","4560","5098","4526"
"08.05.2025 02:00 - 08.05.2025 03:00","0","0","0","720","720","720","4505","4956","4473"
"08.05.2025 03:00 - 08.05.2025 04:00","0","0","0","697","697","697","4620","5072","4589"
"08.05.2025 04:00 - 08.05.2025 05:00","0","0","0","683","683","683","4449","4874","4421"
"08.05.2025 05:00 - 08.05.2025 06:00","0","0","0","728","728","728","4240","4674","4214"
"08.05.2025 06:00 - 08.05.2025 07:00","0","0","0","748","748","748","4063","4498","4035"
"08.05.2025 07:00 - 08.05.2025 08:00","367","353","353","785","785","785","3949","3805","3922"
"08.05.2025 08:00 - 08.05.2025 09:00","2486","2454","2454","768","768","768","3571","3556","3545"
"08.05.2025 09:00 - 08.05.2025 10:00","6111","6054","6054","726","726","726","2067","2044","2045"
"08.05.2025 10:00 - 08.05.2025 11:00","10006","9952","9029","688","688","688","1806","1878","1784"
"08.05.2025 11:00 - 08.05.2025 12:00","12856","12971","11792","596","596","596","2044","2115","2022"
"08.05.2025 12:00 - 08.05.2025 13:00","14487","14602","13406","572","572","572","2506","2604","2485"
"08.05.2025 13:00 - 08.05.2025 14:00","14808","15166","14057","566","566","566","3084","3156","3063"
"08.05.2025 14:00 - 08.05.2025 15:00","13993","14644","13747","580","580","580","3291","3329","3269"
"08.05.2025 15:00 - 08.05.2025 16:00","13069","13759","13077","638","638","638","3407","3350","3380"
"08.05.2025 16:00 - 08.05.2025 17:00","11602","11998","11510","689","689","689","3565","3503","3539"
"08.05.2025 17:00 - 08.05.2025 18:00","9191","8900","8979","720","720","720","3765","3711","3741"
"08.05.2025 18:00 - 08.05.2025 19:00","6829","6965","6650","773","773","773","3992","3888","3970"
"08.05.2025 19:00 - 08.05.2025 20:00","3766","3874","3764","905","905","905","4140","3921","4121"
"08.05.2025 20:00 - 08.05.2025 21:00","1289","1316","1314","961","961","961","4202","4051","4186"
"08.05.2025 21:00 - 08.05.2025 22:00","58","60","62","1005","1005","1005","4787","4708","4773"
"08.05.2025 22:00 - 08.05.2025 23:00","0","0","0","1005","1005","1005","5206","5554","5192"
"08.05.2025 23:00 - 09.05.2025 00:00","0","0","0","962","962","962","5173","5490","5160"
"09.05.2025 00:00 - 09.05.2025 01:00","0","0","0","592","592","592","5430","N/A",""
"09.05.2025 01:00 - 09.05.2025 02:00","0","0","0","562","562","562","5194","N/A",""
"09.05.2025 02:00 - 09.05.2025 03:00","0","0","0","531","531","531","4824","N/A",""
"09.05.2025 03:00 - 09.05.2025 04:00","0","0","0","506","506","506","4645","N/A",""
"09.05.2025 04:00 - 09.05.2025 05:00","0","0","0","494","494","494","4769","N/A",""
"09.05.2025 05:00 - 09.05.2025 06:00","0","0","0","464","464","464","5003","N/A",""
"09.05.2025 06:00 - 09.05.2025 07:00","0","0","0","434","434","434","5123","N/A",""
"09.05.2025 07:00 - 09.05.2025 08:00","352","388","388","418","418","418","5042","4667",""
"09.05.2025 08:00 - 09.05.2025 09:00","2194","2505","2505","386","386","386","5032","4765",""
"09.05.2025 09:00 - 09.05.2025 10:00","5462","5962","5962","346","346","346","2804","2708",""
"09.05.2025 10:00 - 09.05.2025 11:00","9271","9623","9322","298","298","298","2390","2285","2401"
"09.05.2025 11:00 - 09.05.2025 12:00","12195","12204","11901","272","272","272","2604","2603","2687"
"09.05.2025 12:00 - 09.05.2025 13:00","13730","13696","13316","263","263","263","3144","3317","3387"
"09.05.2025 13:00 - 09.05.2025 14:00","13648","13670","13493","278","278","278","4069","4139","4199"
"09.05.2025 14:00 - 09.05.2025 15:00","13386","13153","13176","312","312","312","4515","4254","4308"
"09.05.2025 15:00 - 09.05.2025 16:00","12315","12269","12050","360","360","360","4760","4300","4348"
"09.05.2025 16:00 - 09.05.2025 17:00","10827","10683","10289","409","409","409","5007","4520","4566"
"09.05.2025 17:00 - 09.05.2025 18:00","8541","8434","8421","448","448","448","5359","4729","4768"
"09.05.2025 18:00 - 09.05.2025 19:00","6317","6326","6250","464","464","464","5452","5069","5106"
"09.05.2025 19:00 - 09.05.2025 20:00","3588","3614","3433","459","459","459","5110","4834","4872"
"09.05.2025 20:00 - 09.05.2025 21:00","1293","1275","1211","450","450","450","4848","4335","4372"
"09.05.2025 21:00 - 09.05.2025 22:00","72","68","65","460","460","460","5249","4975","5008"
"09.05.2025 22:00 - 09.05.2025 23:00","0","0","0","480","480","480","5985","6071","6103"
"09.05.2025 23:00 - 10.05.2025 00:00","0","0","0","502","502","502","6473","6400","6429"
"10.05.2025 00:00 - 10.05.2025 01:00","0","0","0","812","812","812","5510","6477","5665"
"10.05.2025 01:00 - 10.05.2025 02:00","0","0","0","766","766","766","6132","7045","6279"
"10.05.2025 02:00 - 10.05.2025 03:00","0","0","0","744","744","744","6309","7190","6447"
"10.05.2025 03:00 - 10.05.2025 04:00","0","0","0","729","729","729","6252","7108","6380"
"10.05.2025 04:00 - 10.05.2025 05:00","0","0","0","701","701","701","6064","6888","6187"
"10.05.2025 05:00 - 10.05.2025 06:00","0","0","0","696","696","696","6001","6817","6121"
"10.05.2025 06:00 - 10.05.2025 07:00","0","0","0","738","738","738","6175","7030","6292"
"10.05.2025 07:00 - 10.05.2025 08:00","403","415","415","758","758","758","6393","5882","6506"
"10.05.2025 08:00 - 10.05.2025 09:00","2350","2446","2446","746","746","746","6076","5687","6189"
"10.05.2025 09:00 - 10.05.2025 10:00","5548","5795","5795","732","732","732","4377","4363","4488"
"10.05.2025 10:00 - 10.05.2025 11:00","8917","9112","9243","638","638","638","3101","3285","3212"
"10.05.2025 11:00 - 10.05.2025 12:00","11486","11395","11491","564","564","564","3649","3869","3759"
"10.05.2025 12:00 - 10.05.2025 13:00","12518","12539","12782","567","567","567","4535","4711","4645"
"10.05.2025 13:00 - 10.05.2025 14:00","12515","12661","13035","597","597","597","5000","5314","5109"
"10.05.2025 14:00 - 10.05.2025 15:00","12144","12004","12746","615","615","615","4949","5307","5058"
"10.05.2025 15:00 - 10.05.2025 16:00","11124","11478","12246","619","619","619","4734","5120","4844"
"10.05.2025 16:00 - 10.05.2025 17:00","9747","9678","9988","665","665","665","4337","4699","4446"
"10.05.2025 17:00 - 10.05.2025 18:00","7592","7906","8265","765","765","765","4084","4311","4191"
"10.05.2025 18:00 - 10.05.2025 19:00","5836","6077","5983","838","838","838","3967","4077","4078"
"10.05.2025 19:00 - 10.05.2025 20:00","3254","3352","3306","651","651","651","4274","4048","4377"
"10.05.2025 20:00 - 10.05.2025 21:00","1138","1171","1167","465","465","465","4425","4303","4518"
"10.05.2025 21:00 - 10.05.2025 22:00","58","58","60","544","544","544","5213","4964","5298"
"10.05.2025 22:00 - 10.05.2025 23:00","0","0","0","680","680","680","6399","5864","6479"
"10.05.2025 23:00 - 11.05.2025 00:00","0","0","0","668","668","668","7017","6586","7092"
"11.05.2025 00:00 - 11.05.2025 01:00","0","0","0","489","489","489","6944","7334","7334"
"11.05.2025 01:00 - 11.05.2025 02:00","0","0","0","452","452","452","7137","7488","7488"
"11.05.2025 02:00 - 11.05.2025 03:00","0","0","0","403","403","403","6894","7211","7211"
"11.05.2025 03:00 - 11.05.2025 04:00","0","0","0","324","324","324","6525","6818","6818"
"11.05.2025 04:00 - 11.05.2025 05:00","0","0","0","305","305","305","6139","6423","6423"
"11.05.2025 05:00 - 11.05.2025 06:00","0","0","0","294","294","294","5793","6066","6066"
"11.05.2025 06:00 - 11.05.2025 07:00","0","0","0","275","275","275","5668","5931","5931"
"11.05.2025 07:00 - 11.05.2025 08:00","380","383","383","266","266","266","5506","5229","5760"
"11.05.2025 08:00 - 11.05.2025 09:00","1854","2015","2015","253","253","253","5321","4903","5569"
"11.05.2025 09:00 - 11.05.2025 10:00","4348","4714","4714","188","188","188","3639","3302","3881"
"11.05.2025 10:00 - 11.05.2025 11:00","6969","7195","7020","142","142","142","2830","2500","3069"
"11.05.2025 11:00 - 11.05.2025 12:00","8629","9162","8361","111","111","111","2988","2599","3223"
"11.05.2025 12:00 - 11.05.2025 13:00","9192","9806","8993","130","130","130","3254","2906","3483"
"11.05.2025 13:00 - 11.05.2025 14:00","9224","9194","9167","146","146","146","4056","3846","4280"
"11.05.2025 14:00 - 11.05.2025 15:00","8584","8615","8618","102","102","102","4708","4737","4925"
"11.05.2025 15:00 - 11.05.2025 16:00","8354","7993","7998","126","126","126","4572","4574","4784"
"11.05.2025 16:00 - 11.05.2025 17:00","7816","7075","7027","102","102","102","4359","4317","4568"
"11.05.2025 17:00 - 11.05.2025 18:00","6743","5813","5821","89","89","89","4172","3563","4373"
"11.05.2025 18:00 - 11.05.2025 19:00","5108","4665","4549","92","92","92","3948","3360","4136"
"11.05.2025 19:00 - 11.05.2025 20:00","2965","2812","2686","80","80","80","3393","2884","3571"
"11.05.2025 20:00 - 11.05.2025 21:00","1090","1033","964","89","89","89","2892","2410","3082"
"11.05.2025 21:00 - 11.05.2025 22:00","72","70","67","108","108","108","2859","1996","3042"
"11.05.2025 22:00 - 11.05.2025 23:00","0","0","0","246","246","246","2638","2212","2808"
"11.05.2025 23:00 - 12.05.2025 00:00","0","0","0","265","265","265","2510","2503","2673"
"12.05.2025 00:00 - 12.05.2025 01:00","0","0","0","85","85","85","2451","2740","2740"
"12.05.2025 01:00 - 12.05.2025 02:00","0","0","0","97","97","97","2384","2629","2629"
"12.05.2025 02:00 - 12.05.2025 03:00","0","0","0","127","127","127","2436","2660","2660"
"12.05.2025 03:00 - 12.05.2025 04:00","0","0","0","151","151","151","2502","2714","2714"
"12.05.2025 04:00 - 12.05.2025 05:00","0","0","0","166","166","166","2540","2741","2741"
"12.05.2025 05:00 - 12.05.2025 06:00","0","0","0","131","131","131","2551","2738","2738"
"12.05.2025 06:00 - 12.05.2025 07:00","0","0","0","133","133","133","2509","2688","2688"
"12.05.2025 07:00 - 12.05.2025 08:00","370","394","394","135","135","135","2507","2682","2682"
"12.05.2025 08:00 - 12.05.2025 09:00","2070","2199","2199","132","132","132","2229","2395","2395"
"12.05.2025 09:00 - 12.05.2025 10:00","4921","5161","5161","91","91","91","2090","2242","2242"
"12.05.2025 10:00 - 12.05.2025 11:00","8075","8329","8140","77","77","77","2116","2267","2267"
"12.05.2025 11:00 - 12.05.2025 12:00","10636","10637","10206","81","81","81","2104","2251","2251"
"12.05.2025 12:00 - 12.05.2025 13:00","11805","11768","11542","100","100","100","2133","2281","2281"
"12.05.2025 13:00 - 12.05.2025 14:00","12087","12066","11774","122","122","122","2356","2502","2502"
"12.05.2025 14:00 - 12.05.2025 15:00","11591","11616","11430","190","190","190","2481","2628","2628"
"12.05.2025 15:00 - 12.05.2025 16:00","11309","10710","10658","284","284","284","2468","2611","2611"
"12.05.2025 16:00 - 12.05.2025 17:00","10099","10098","9317","346","346","346","2356","2491","2491"
"12.05.2025 17:00 - 12.05.2025 18:00","8302","8160","7616","305","305","305","2286","2415","2415"
"12.05.2025 18:00 - 12.05.2025 19:00","6322","6298","5812","282","282","282","2024","2159","2159"
"12.05.2025 19:00 - 12.05.2025 20:00","3650","3650","3320","279","279","279","1788","1927","1927"
"12.05.2025 20:00 - 12.05.2025 21:00","1357","1287","1190","267","267","267","1436","1567","1567"
"12.05.2025 21:00 - 12.05.2025 22:00","88","93","84","257","257","257","1272","1395","1395"
"12.05.2025 22:00 - 12.05.2025 23:00","0","0","0","238","238","238","1266","1379","1379"
"12.05.2025 23:00 - 13.05.2025 00:00","0","0","0","341","341","341","1238","1342","1342"
"13.05.2025 00:00 - 13.05.2025 01:00","0","0","0","141","141","141","1113","N/A","1253"
"13.05.2025 01:00 - 13.05.2025 02:00","0","0","0","134","134","134","1120","N/A","1243"
"13.05.2025 02:00 - 13.05.2025 03:00","0","0","0","128","128","128","1081","N/A","1192"
"13.05.2025 03:00 - 13.05.2025 04:00","0","0","0","138","138","138","982","N/A","1085"
"13.05.2025 04:00 - 13.05.2025 05:00","0","0","0","127","127","127","908","N/A","1006"
"13.05.2025 05:00 - 13.05.2025 06:00","0","0","0","125","125","125","906","N/A","998"
"13.05.2025 06:00 - 13.05.2025 07:00","0","0","0","132","132","132","950","N/A","1037"
"13.05.2025 07:00 - 13.05.2025 08:00","494","502","502","131","131","131","966","927","1049"
"13.05.2025 08:00 - 13.05.2025 09:00","2486","2570","2570","121","121","121","972","924","1051"
"13.05.2025 09:00 - 13.05.2025 10:00","5892","6072","6072","105","105","105","861","779","935"
"13.05.2025 10:00 - 13.05.2025 11:00","9535","9510","9342","98","98","98","743","684","809"
"13.05.2025 11:00 - 13.05.2025 12:00","12279","12068","11694","89","89","89","739","690","804"
"13.05.2025 12:00 - 13.05.2025 13:00","13465","13226","12931","74","74","74","754","754","816"
"13.05.2025 13:00 - 13.05.2025 14:00","13532","13596","12895","61","61","61","889","788","952"
"13.05.2025 14:00 - 13.05.2025 15:00","12740","12597","12549","49","49","49","960","826","1022"
"13.05.2025 15:00 - 13.05.2025 16:00","11859","11505","11448","39","39","39","1029","854","1091"
"13.05.2025 16:00 - 13.05.2025 17:00","9601","9575","9837","32","32","32","1011","818","1072"
"13.05.2025 17:00 - 13.05.2025 18:00","7434","7595","7826","36","36","36","903","811","964"
"13.05.2025 18:00 - 13.05.2025 19:00","5707","5811","6010","47","47","47","872","791","933"
"13.05.2025 19:00 - 13.05.2025 20:00","3156","3360","3374","74","74","74","916","708","976"
"13.05.2025 20:00 - 13.05.2025 21:00","1219","1234","1279","90","90","90","909","791","965"
"13.05.2025 21:00 - 13.05.2025 22:00","98","94","98","84","84","84","960","991","1015"
"13.05.2025 22:00 - 13.05.2025 23:00","0","0","0","77","77","77","1169","1286","1226"
"13.05.2025 23:00 - 14.05.2025 00:00","0","0","0","82","82","82","1595","1660","1651"
"14.05.2025 00:00 - 14.05.2025 01:00","0","0","0","148","148","148","1485","1647","1795"
"14.05.2025 01:00 - 14.05.2025 02:00","0","0","0","143","143","143","1536","1677","1819"
"14.05.2025 02:00 - 14.05.2025 03:00","0","0","0","133","133","133","1548","1671","1804"
"14.05.2025 03:00 - 14.05.2025 04:00","0","0","0","132","132","132","1665","1776","1908"
"14.05.2025 04:00 - 14.05.2025 05:00","0","0","0","148","148","148","1608","1710","1858"
"14.05.2025 05:00 - 14.05.2025 06:00","0","0","0","159","159","159","1422","1518","1676"
"14.05.2025 06:00 - 14.05.2025 07:00","0","0","0","160","160","160","1357","1446","1605"
"14.05.2025 07:00 - 14.05.2025 08:00","583","608","608","167","167","167","1360","1267","1611"
"14.05.2025 08:00 - 14.05.2025 09:00","2901","3096","3096","180","145","145","1214","1027","1329"
"14.05.2025 09:00 - 14.05.2025 10:00","6779","7107","7107","192","115","115","938","893","1092"
"14.05.2025 10:00 - 14.05.2025 11:00","10779","11107","11574","185","131","131","444","435","360"
"14.05.2025 11:00 - 14.05.2025 12:00","14008","13967","14404","189","116","116","435","474","373"
"14.05.2025 12:00 - 14.05.2025 13:00","15302","15501","15803","226","32","32","489","665","448"
"14.05.2025 13:00 - 14.05.2025 14:00","15662","15518","16080","265","37","37","620","789","539"
"14.05.2025 14:00 - 14.05.2025 15:00","14824","14672","15711","338","50","50","608","814","507"
"14.05.2025 15:00 - 14.05.2025 16:00","13838","13870","14127","436","148","148","660","835","528"
"14.05.2025 16:00 - 14.05.2025 17:00","12151","12279","12770","477","435","435","928","866","806"
"14.05.2025 17:00 - 14.05.2025 18:00","9640","10085","10081","507","486","486","1412","1290","1251"
"14.05.2025 18:00 - 14.05.2025 19:00","7236","7511","7412","582","532","532","1998","1879","1814"
"14.05.2025 19:00 - 14.05.2025 20:00","4078","4271","4279","683","589","589","2813","2704","2595"
"14.05.2025 20:00 - 14.05.2025 21:00","1496","1543","1527","771","621","621","3816","3768","3604"
"14.05.2025 21:00 - 14.05.2025 22:00","121","126","128","824","635","635","4481","4558","4357"
"14.05.2025 22:00 - 14.05.2025 23:00","0","0","0","844","651","651","4840","4751","4544"
"14.05.2025 23:00 - 15.05.2025 00:00","0","0","0","828","666","666","5114","4887","4713"
"15.05.2025 00:00 - 15.05.2025 01:00","0","0","0","625","625","625","4670","4965","5589"
"15.05.2025 01:00 - 15.05.2025 02:00","0","0","0","668","668","668","4909","5170","5838"
"15.05.2025 02:00 - 15.05.2025 03:00","0","0","0","750","750","750","5246","5483","6233"
"15.05.2025 03:00 - 15.05.2025 04:00","0","0","0","791","791","791","5273","5489","6280"
"15.05.2025 04:00 - 15.05.2025 05:00","0","0","0","711","711","711","5239","5441","6152"
"15.05.2025 05:00 - 15.05.2025 06:00","0","0","0","668","668","668","4898","5089","5757"
"15.05.2025 06:00 - 15.05.2025 07:00","0","0","0","666","666","666","4728","4909","5575"
"15.05.2025 07:00 - 15.05.2025 08:00","625","631","631","618","618","618","4725","5769","5515"
"15.05.2025 08:00 - 15.05.2025 09:00","2979","3085","3085","586","613","613","4317","5205","4455"
"15.05.2025 09:00 - 15.05.2025 10:00","6862","7050","7050","519","547","547","3749","4486","3879"
"15.05.2025 10:00 - 15.05.2025 11:00","10977","11054","10751","436","466","466","3431","3784","3553"
"15.05.2025 11:00 - 15.05.2025 12:00","14298","13993","13870","389","417","417","3619","3871","3708"
"15.05.2025 12:00 - 15.05.2025 13:00","16024","15636","15554","389","409","409","4037","4402","4267"
"15.05.2025 13:00 - 15.05.2025 14:00","16703","16317","16367","399","421","421","4501","4885","4775"
"15.05.2025 14:00 - 15.05.2025 15:00","16879","16254","16368","410","425","425","5059","5601","5504"
"15.05.2025 15:00 - 15.05.2025 16:00","16109","15418","15610","422","433","433","5669","6058","5974"
"15.05.2025 16:00 - 15.05.2025 17:00","14645","14089","13984","456","479","479","6111","6495","6434"
"15.05.2025 17:00 - 15.05.2025 18:00","12150","11907","11741","507","547","547","6651","7238","7202"
"15.05.2025 18:00 - 15.05.2025 19:00","8992","8837","8751","571","635","635","7304","7444","7436"
"15.05.2025 19:00 - 15.05.2025 20:00","5052","4993","4890","613","689","689","7520","7110","7119"
"15.05.2025 20:00 - 15.05.2025 21:00","1866","1856","1829","660","734","734","7396","7347","7359"
"15.05.2025 21:00 - 15.05.2025 22:00","159","159","158","704","776","776","7917","8210","8223"
"15.05.2025 22:00 - 15.05.2025 23:00","0","0","0","725","791","791","8356","8560","8569"
"15.05.2025 23:00 - 16.05.2025 00:00","0","0","0","717","770","770","8071","8426","8423"
"16.05.2025 00:00 - 16.05.2025 01:00","0","0","0","673","673","673","8207","8677","9349"
"16.05.2025 01:00 - 16.05.2025 02:00","0","0","0","681","681","681","7808","8236","8917"
"16.05.2025 02:00 - 16.05.2025 03:00","0","0","0","689","689","689","7509","7905","8593"
"16.05.2025 03:00 - 16.05.2025 04:00","0","0","0","687","687","687","7416","7785","8472"
"16.05.2025 04:00 - 16.05.2025 05:00","0","0","0","679","679","679","7293","7644","8323"
"16.05.2025 05:00 - 16.05.2025 06:00","0","0","0","655","655","655","7202","7541","8195"
"16.05.2025 06:00 - 16.05.2025 07:00","0","0","0","617","617","617","6880","7207","7824"
"16.05.2025 07:00 - 16.05.2025 08:00","698","686","686","570","570","570","6371","7079","7260"
"16.05.2025 08:00 - 16.05.2025 09:00","3289","3295","3295","507","498","498","6234","6172","6556"
"16.05.2025 09:00 - 16.05.2025 10:00","7617","7619","7619","447","405","405","3449","3833","3796"
"16.05.2025 10:00 - 16.05.2025 11:00","12129","12147","11675","395","347","347","3151","3526","3039"
"16.05.2025 11:00 - 16.05.2025 12:00","15496","15652","15025","354","307","307","3231","3685","3321"
"16.05.2025 12:00 - 16.05.2025 13:00","17466","17545","17029","255","229","229","3767","4165","3889"
"16.05.2025 13:00 - 16.05.2025 14:00","18185","18285","17940","57","59","59","4328","4791","4585"
"16.05.2025 14:00 - 16.05.2025 15:00","18158","18179","18248","54","58","58","4433","4990","4820"
"16.05.2025 15:00 - 16.05.2025 16:00","17709","17797","17848","92","76","76","4502","5133","4967"
"16.05.2025 16:00 - 16.05.2025 17:00","16358","16361","16437","159","95","95","4728","5384","5187"
"16.05.2025 17:00 - 16.05.2025 18:00","13808","13887","13896","128","80","80","5082","5532","5364"
"16.05.2025 18:00 - 16.05.2025 19:00","10162","10193","10263","110","77","77","5483","5728","5586"
"16.05.2025 19:00 - 16.05.2025 20:00","5780","5769","5835","120","100","100","5775","5792","5668"
"16.05.2025 20:00 - 16.05.2025 21:00","2147","2165","2193","177","155","155","5976","5380","5260"
"16.05.2025 21:00 - 16.05.2025 22:00","194","194","196","271","258","258","6327","5761","5656"
"16.05.2025 22:00 - 16.05.2025 23:00","0","0","0","341","336","336","7072","6693","6601"
"16.05.2025 23:00 - 17.05.2025 00:00","0","0","0","367","361","361","6931","6863","6773"
"17.05.2025 00:00 - 17.05.2025 01:00","0","0","0","303","303","303","5827","6303","6606"
"17.05.2025 01:00 - 17.05.2025 02:00","0","0","0","300","300","300","5277","5704","6003"
"17.05.2025 02:00 - 17.05.2025 03:00","0","0","0","305","305","305","4703","5090","5394"
"17.05.2025 03:00 - 17.05.2025 04:00","0","0","0","317","317","317","4295","4651","4967"
"17.05.2025 04:00 - 17.05.2025 05:00","0","0","0","333","333","333","3786","4120","4453"
"17.05.2025 05:00 - 17.05.2025 06:00","0","0","0","335","335","335","3425","3742","4076"
"17.05.2025 06:00 - 17.05.2025 07:00","0","0","0","331","331","331","3205","3508","3838"
"17.05.2025 07:00 - 17.05.2025 08:00","735","705","705","314","314","314","3007","3672","3613"
"17.05.2025 08:00 - 17.05.2025 09:00","3404","3358","3358","288","332","332","2748","2985","2988"
"17.05.2025 09:00 - 17.05.2025 10:00","7805","7698","7698","252","270","270","2300","2530","2556"
"17.05.2025 10:00 - 17.05.2025 11:00","12332","12359","11976","181","190","190","2093","2293","1925"
"17.05.2025 11:00 - 17.05.2025 12:00","15907","15843","15330","59","63","63","2030","2347","2077"
"17.05.2025 12:00 - 17.05.2025 13:00","17792","17917","17535","48","65","65","2027","2364","2164"
"17.05.2025 13:00 - 17.05.2025 14:00","18695","18798","18541","37","51","51","2002","2418","2248"
"17.05.2025 14:00 - 17.05.2025 15:00","18819","18842","18860","33","40","40","1965","2426","2276"
"17.05.2025 15:00 - 17.05.2025 16:00","18120","18326","18267","31","34","34","2083","2462","2331"
"17.05.2025 16:00 - 17.05.2025 17:00","16334","16680","16661","62","60","60","2140","2492","2373"
"17.05.2025 17:00 - 17.05.2025 18:00","13854","14112","14144","152","138","138","2255","2577","2457"
"17.05.2025 18:00 - 17.05.2025 19:00","10201","10362","10454","157","147","147","2677","2792","2686"
"17.05.2025 19:00 - 17.05.2025 20:00","5775","5891","5910","172","165","165","3194","3118","3020"
"17.05.2025 20:00 - 17.05.2025 21:00","2191","2216","2235","186","169","169","3478","3314","3212"
"17.05.2025 21:00 - 17.05.2025 22:00","212","213","215","189","170","170","3606","3634","3534"
"17.05.2025 22:00 - 17.05.2025 23:00","0","0","0","189","174","174","3757","3976","3885"
"17.05.2025 23:00 - 18.05.2025 00:00","0","0","0","186","176","176","3713","3794","3713"
"18.05.2025 00:00 - 18.05.2025 01:00","0","0","0","153","153","153","3360","3506","3659"
"18.05.2025 01:00 - 18.05.2025 02:00","0","0","0","168","168","168","3235","3368","3536"
"18.05.2025 02:00 - 18.05.2025 03:00","0","0","0","183","183","183","3066","3191","3373"
"18.05.2025 03:00 - 18.05.2025 04:00","0","0","0","183","183","183","2993","3108","3291"
"18.05.2025 04:00 - 18.05.2025 05:00","0","0","0","170","170","170","2725","2835","3005"
"18.05.2025 05:00 - 18.05.2025 06:00","0","0","0","170","170","170","2356","2463","2633"
"18.05.2025 06:00 - 18.05.2025 07:00","0","0","0","177","177","177","2140","2244","2421"
"18.05.2025 07:00 - 18.05.2025 08:00","765","760","760","180","180","180","2132","2412","2414"
"18.05.2025 08:00 - 18.05.2025 09:00","3402","3402","3402","167","193","193","1915","1955","1989"
"18.05.2025 09:00 - 18.05.2025 10:00","7656","7604","7604","134","165","165","1313","1385","1382"
"18.05.2025 10:00 - 18.05.2025 11:00","12054","11968","12009","100","133","133","976","1155","1179"
"18.05.2025 11:00 - 18.05.2025 12:00","15465","15062","15091","78","109","109","1161","1388","1414"
"18.05.2025 12:00 - 18.05.2025 13:00","17145","16798","16826","62","86","86","1272","1470","1493"
"18.05.2025 13:00 - 18.05.2025 14:00","17766","17329","17384","54","73","73","1258","1419","1441"
"18.05.2025 14:00 - 18.05.2025 15:00","17507","17306","17302","51","70","70","1215","1381","1404"
"18.05.2025 15:00 - 18.05.2025 16:00","16838","16615","16536","50","68","68","1196","1376","1399"
"18.05.2025 16:00 - 18.05.2025 17:00","15230","14887","15070","53","67","67","1204","1363","1378"
"18.05.2025 17:00 - 18.05.2025 18:00","12681","12586","12722","61","72","72","1231","1329","1340"
"18.05.2025 18:00 - 18.05.2025 19:00","9430","9228","9472","83","88","88","1444","1487","1499"
"18.05.2025 19:00 - 18.05.2025 20:00","5363","5343","5383","123","123","123","1662","1738","1745"
"18.05.2025 20:00 - 18.05.2025 21:00","2021","2033","2072","175","174","174","2063","2180","2188"
"18.05.2025 21:00 - 18.05.2025 22:00","209","209","212","239","244","244","2860","3128","3141"
"18.05.2025 22:00 - 18.05.2025 23:00","0","0","0","303","317","317","3990","4425","4446"
"18.05.2025 23:00 - 19.05.2025 00:00","0","0","0","349","376","376","4825","4926","4961"
"19.05.2025 00:00 - 19.05.2025 01:00","0","0","0","382","382","382","4874","4876","5258"
"19.05.2025 01:00 - 19.05.2025 02:00","0","0","0","440","440","440","4701","4701","5141"
"19.05.2025 02:00 - 19.05.2025 03:00","0","0","0","483","483","483","4637","4637","5120"
"19.05.2025 03:00 - 19.05.2025 04:00","0","0","0","494","494","494","4511","4510","5004"
"19.05.2025 04:00 - 19.05.2025 05:00","0","0","0","485","485","485","4449","4447","4932"
"19.05.2025 05:00 - 19.05.2025 06:00","0","0","0","474","474","474","4284","4283","4757"
"19.05.2025 06:00 - 19.05.2025 07:00","0","0","0","463","463","463","4135","4134","4597"
"19.05.2025 07:00 - 19.05.2025 08:00","669","640","640","442","442","442","4074","4657","4515"
"19.05.2025 08:00 - 19.05.2025 09:00","2637","2652","2652","407","428","428","4017","4139","3996"
"19.05.2025 09:00 - 19.05.2025 10:00","5680","5605","5605","388","398","398","2308","2153","2299"
"19.05.2025 10:00 - 19.05.2025 11:00","8646","8401","7013","377","389","389","1883","1845","1763"
"19.05.2025 11:00 - 19.05.2025 12:00","10623","10424","8773","367","374","374","2200","1943","1872"
"19.05.2025 12:00 - 19.05.2025 13:00","11688","11180","9551","369","373","373","2935","2331","2277"
"19.05.2025 13:00 - 19.05.2025 14:00","11738","11053","10094","380","383","383","3248","2650","2605"
"19.05.2025 14:00 - 19.05.2025 15:00","10540","10169","10106","399","408","408","3147","2588","2558"
"19.05.2025 15:00 - 19.05.2025 16:00","10014","9569","10291","424","434","434","3117","2655","2635"
"19.05.2025 16:00 - 19.05.2025 17:00","9047","9085","9163","448","453","453","3370","2943","2927"
"19.05.2025 17:00 - 19.05.2025 18:00","7531","7615","7771","468","477","477","3611","3098","3091"
"19.05.2025 18:00 - 19.05.2025 19:00","5762","5857","5972","487","514","514","3785","3236","3249"
"19.05.2025 19:00 - 19.05.2025 20:00","3459","3487","3500","514","573","573","3811","3283","3328"
"19.05.2025 20:00 - 19.05.2025 21:00","1355","1418","1406","566","624","624","3906","3595","3639"
"19.05.2025 21:00 - 19.05.2025 22:00","171","173","183","619","673","673","4870","4251","4293"
"19.05.2025 22:00 - 19.05.2025 23:00","0","0","0","645","712","712","6309","5339","5396"
"19.05.2025 23:00 - 20.05.2025 00:00","0","0","0","647","712","712","6973","6482","6541"
"20.05.2025 00:00 - 20.05.2025 01:00","0","0","0","658","658","658","6743","6628","7286"
"20.05.2025 01:00 - 20.05.2025 02:00","0","0","0","595","595","595","6396","6298","6893"
"20.05.2025 02:00 - 20.05.2025 03:00","0","0","0","535","535","535","6237","6148","6683"
"20.05.2025 03:00 - 20.05.2025 04:00","0","0","0","482","482","482","5983","5904","6386"
"20.05.2025 04:00 - 20.05.2025 05:00","0","0","0","438","438","438","5569","5499","5937"
"20.05.2025 05:00 - 20.05.2025 06:00","0","0","0","400","400","400","5092","5027","5427"
"20.05.2025 06:00 - 20.05.2025 07:00","0","0","0","370","370","370","4721","4661","5030"
"20.05.2025 07:00 - 20.05.2025 08:00","560","520","520","343","343","343","4444","3915","4731"
"20.05.2025 08:00 - 20.05.2025 09:00","2332","2280","2280","302","305","305","4165","3398","4109"
"20.05.2025 09:00 - 20.05.2025 10:00","5061","5166","5166","258","225","225","2469","1972","2453"
"20.05.2025 10:00 - 20.05.2025 11:00","7586","8368","6814","221","190","190","1751","1463","1246"
"20.05.2025 11:00 - 20.05.2025 12:00","9184","10735","8909","189","166","166","1782","1517","1381"
"20.05.2025 12:00 - 20.05.2025 13:00","10654","12264","10660","171","160","160","2034","1775","1673"
"20.05.2025 13:00 - 20.05.2025 14:00","11174","13158","11645","165","160","160","2416","2239","2151"
"20.05.2025 14:00 - 20.05.2025 15:00","11354","13321","12844","171","162","162","2664","2618","2550"
"20.05.2025 15:00 - 20.05.2025 16:00","11665","13289","12645","181","155","155","2956","2989","2919"
"20.05.2025 16:00 - 20.05.2025 17:00","11002","12790","12150","189","153","153","3265","3424","3354"
"20.05.2025 17:00 - 20.05.2025 18:00","9661","11097","10595","192","151","151","3879","4016","3948"
"20.05.2025 18:00 - 20.05.2025 19:00","7696","8330","8154","191","156","156","4640","4693","4637"
"20.05.2025 19:00 - 20.05.2025 20:00","4666","4962","4870","194","164","164","5368","5050","5004"
"20.05.2025 20:00 - 20.05.2025 21:00","1911","1991","1982","190","168","168","6085","5634","5599"
"20.05.2025 21:00 - 20.05.2025 22:00","240","243","245","178","161","161","6252","6123","6095"
"20.05.2025 22:00 - 20.05.2025 23:00","0","0","0","152","143","143","6242","6112","6096"
"20.05.2025 23:00 - 21.05.2025 00:00","0","0","0","124","116","116","5961","5952","5939"
"21.05.2025 00:00 - 21.05.2025 01:00","0","0","0","107","107","107","5195","5196","5303"
"21.05.2025 01:00 - 21.05.2025 02:00","0","0","0","98","98","98","4571","4583","4681"
"21.05.2025 02:00 - 21.05.2025 03:00","0","0","0","95","95","95","4024","4042","4137"
"21.05.2025 03:00 - 21.05.2025 04:00","0","0","0","87","87","87","3526","3545","3632"
"21.05.2025 04:00 - 21.05.2025 05:00","0","0","0","81","81","81","3001","3027","3107"
"21.05.2025 05:00 - 21.05.2025 06:00","0","0","0","77","77","77","2610","2643","2720"
"21.05.2025 06:00 - 21.05.2025 07:00","0","0","0","72","72","72","2339","2377","2449"
"21.05.2025 07:00 - 21.05.2025 08:00","702","644","644","66","66","66","2331","2044","2433"
"21.05.2025 08:00 - 21.05.2025 09:00","2810","2605","2605","63","132","132","2143","1767","2111"
"21.05.2025 09:00 - 21.05.2025 10:00","6016","5702","5702","65","154","154","1862","1609","1820"
"21.05.2025 10:00 - 21.05.2025 11:00","9015","8555","7595","60","175","175","1883","1919","2183"
"21.05.2025 11:00 - 21.05.2025 12:00","11012","10165","9589","62","235","235","2139","2111","2404"
"21.05.2025 12:00 - 21.05.2025 13:00","12080","11661","10444","62","257","257","2344","2382","2680"
"21.05.2025 13:00 - 21.05.2025 14:00","12312","11405","10790","62","257","257","2383","2613","2898"
"21.05.2025 14:00 - 21.05.2025 15:00","11175","10839","11051","63","211","211","2372","2504","2735"
"21.05.2025 15:00 - 21.05.2025 16:00","10914","10350","10427","70","163","163","2395","2630","2798"
"21.05.2025 16:00 - 21.05.2025 17:00","10006","9247","9252","88","178","178","2539","2750","2911"
"21.05.2025 17:00 - 21.05.2025 18:00","7904","7785","7534","125","256","256","2871","2884","3083"
"21.05.2025 18:00 - 21.05.2025 19:00","6437","6033","6076","179","316","316","3190","3156","3357"
"21.05.2025 19:00 - 21.05.2025 20:00","3796","3661","3531","250","413","413","3608","3327","3550"
"21.05.2025 20:00 - 21.05.2025 21:00","1532","1472","1407","310","446","446","3802","3389","3582"
"21.05.2025 21:00 - 21.05.2025 22:00","218","212","201","344","475","475","4051","3625","3813"
"21.05.2025 22:00 - 21.05.2025 23:00","0","0","0","358","510","510","4393","4132","4339"
"21.05.2025 23:00 - 22.05.2025 00:00","0","0","0","354","504","504","4880","4762","4965"
"22.05.2025 00:00 - 22.05.2025 01:00","0","0","0","339","339","339","5412","5299","5637"
"22.05.2025 01:00 - 22.05.2025 02:00","0","0","0","276","276","276","5676","5581","5857"
"22.05.2025 02:00 - 22.05.2025 03:00","0","0","0","206","206","206","5766","5685","5891"
"22.05.2025 03:00 - 22.05.2025 04:00","0","0","0","138","138","138","5918","5845","5983"
"22.05.2025 04:00 - 22.05.2025 05:00","0","0","0","95","95","95","5770","5706","5801"
"22.05.2025 05:00 - 22.05.2025 06:00","0","0","0","79","79","79","5561","5502","5581"
"22.05.2025 06:00 - 22.05.2025 07:00","0","0","0","73","73","73","5335","5280","5352"
"22.05.2025 07:00 - 22.05.2025 08:00","623","556","556","58","58","58","5094","4909","5100"
"22.05.2025 08:00 - 22.05.2025 09:00","2644","2553","2553","41","151","151","4277","4001","4119"
"22.05.2025 09:00 - 22.05.2025 10:00","6115","5949","5949","26","103","103","4150","3963","4026"
"22.05.2025 10:00 - 22.05.2025 11:00","9977","10048","8804","16","84","84","4514","3847","3854"
"22.05.2025 11:00 - 22.05.2025 12:00","13305","13096","12079","16","103","103","4598","3894","3957"
"22.05.2025 12:00 - 22.05.2025 13:00","14932","15336","14419","26","164","164","4793","4190","4321"
"22.05.2025 13:00 - 22.05.2025 14:00","15844","16464","15751","48","225","225","5682","4803","4981"
"22.05.2025 14:00 - 22.05.2025 15:00","15599","16585","16274","91","318","318","6233","5449","5684"
"22.05.2025 15:00 - 22.05.2025 16:00","15706","16309","16039","153","444","444","6948","6247","6552"
"22.05.2025 16:00 - 22.05.2025 17:00","14868","15103","14914","215","549","549","7660","6788","7140"
"22.05.2025 17:00 - 22.05.2025 18:00","12804","12861","12688","269","619","619","7739","7174","7545"
"22.05.2025 18:00 - 22.05.2025 19:00","9703","9751","9493","318","673","673","7494","6853","7230"
"22.05.2025 19:00 - 22.05.2025 20:00","5687","5663","5573","373","737","737","6690","5990","6377"
"22.05.2025 20:00 - 22.05.2025 21:00","2268","2269","2213","404","825","825","5535","4998","5442"
"22.05.2025 21:00 - 22.05.2025 22:00","301","300","294","382","840","840","4881","4509","4989"
"22.05.2025 22:00 - 22.05.2025 23:00","0","0","0","328","765","765","4847","4371","4831"
"22.05.2025 23:00 - 23.05.2025 00:00","0","0","0","274","639","639","4857","4304","4692"
"23.05.2025 00:00 - 23.05.2025 01:00","0","0","0","493","493","493","3748","4180","4673"
"23.05.2025 01:00 - 23.05.2025 02:00","0","0","0","394","394","394","3646","4050","4444"
"23.05.2025 02:00 - 23.05.2025 03:00","0","0","0","324","324","324","3603","3982","4306"
"23.05.2025 03:00 - 23.05.2025 04:00","0","0","0","268","268","268","3621","3976","4244"
"23.05.2025 04:00 - 23.05.2025 05:00","0","0","0","206","206","206","3577","3915","4121"
"23.05.2025 05:00 - 23.05.2025 06:00","0","0","0","160","160","160","3355","3681","3841"
"23.05.2025 06:00 - 23.05.2025 07:00","1","1","1","126","126","126","3177","3494","3620"
"23.05.2025 07:00 - 23.05.2025 08:00","860","863","863","91","91","91","2967","3320","3367"
"23.05.2025 08:00 - 23.05.2025 09:00","3316","3430","3430","72","72","72","2243","2532","2547"
"23.05.2025 09:00 - 23.05.2025 10:00","7290","7521","7521","51","46","46","1765","2156","2065"
"23.05.2025 10:00 - 23.05.2025 11:00","11597","11732","11657","37","35","35","2226","2664","2610"
"23.05.2025 11:00 - 23.05.2025 12:00","14875","14950","14930","32","31","31","2465","2767","2725"
"23.05.2025 12:00 - 23.05.2025 13:00","16779","16955","17052","25","31","31","2678","2842","2815"
"23.05.2025 13:00 - 23.05.2025 14:00","17437","17844","18014","28","35","35","2794","2920","2898"
"23.05.2025 14:00 - 23.05.2025 15:00","17419","17930","18098","37","50","50","2847","3089","3079"
"23.05.2025 15:00 - 23.05.2025 16:00","17223","17394","17456","61","79","79","2962","3248","3246"
"23.05.2025 16:00 - 23.05.2025 17:00","15918","15926","15898","91","112","112","3150","3426","3428"
"23.05.2025 17:00 - 23.05.2025 18:00","13377","13507","13528","120","138","138","3376","3699","3698"
"23.05.2025 18:00 - 23.05.2025 19:00","9993","10094","9892","146","167","167","3538","3717","3721"
"23.05.2025 19:00 - 23.05.2025 20:00","5796","5843","5744","168","202","202","3613","3631","3648"
"23.05.2025 20:00 - 23.05.2025 21:00","2297","2334","2279","181","224","224","3324","3389","3416"
"23.05.2025 21:00 - 23.05.2025 22:00","309","311","308","195","238","238","2869","3270","3296"
"23.05.2025 22:00 - 23.05.2025 23:00","0","0","0","208","238","238","2631","3044","3057"
"23.05.2025 23:00 - 24.05.2025 00:00","0","0","0","225","242","242","2449","2544","2544"
"24.05.2025 00:00 - 24.05.2025 01:00","0","0","0","316","316","316","2365","2348","2664"
"24.05.2025 01:00 - 24.05.2025 02:00","0","0","0","381","381","381","2311","2303","2683"
"24.05.2025 02:00 - 24.05.2025 03:00","0","0","0","448","448","448","2473","2470","2918"
"24.05.2025 03:00 - 24.05.2025 04:00","0","0","0","479","479","479","2771","2766","3245"
"24.05.2025 04:00 - 24.05.2025 05:00","0","0","0","463","463","463","3116","3113","3576"
"24.05.2025 05:00 - 24.05.2025 06:00","0","0","0","450","450","450","3470","3468","3918"
"24.05.2025 06:00 - 24.05.2025 07:00","1","1","1","474","474","474","3710","3710","4184"
"24.05.2025 07:00 - 24.05.2025 08:00","822","806","806","522","522","522","4015","4491","4536"
"24.05.2025 08:00 - 24.05.2025 09:00","3038","3043","3043","577","563","563","4223","3932","4237"
"24.05.2025 09:00 - 24.05.2025 10:00","6659","6543","6543","602","596","596","3874","4072","3880"
"24.05.2025 10:00 - 24.05.2025 11:00","10382","9900","10161","607","607","607","3546","3910","3660"
"24.05.2025 11:00 - 24.05.2025 12:00","12976","12364","12566","612","606","606","4344","4981","4786"
"24.05.2025 12:00 - 24.05.2025 13:00","14407","13787","13871","633","618","618","5326","5640","5474"
"24.05.2025 13:00 - 24.05.2025 14:00","14623","14293","14331","652","644","644","6280","6187","6052"
"24.05.2025 14:00 - 24.05.2025 15:00","14277","14031","14114","653","706","706","6536","6452","6397"
"24.05.2025 15:00 - 24.05.2025 16:00","13487","13116","13113","685","765","765","6789","6423","6408"
"24.05.2025 16:00 - 24.05.2025 17:00","12199","11547","11389","754","847","847","7089","6952","6959"
"24.05.2025 17:00 - 24.05.2025 18:00","10017","9423","9247","755","879","879","7183","7283","7327"
"24.05.2025 18:00 - 24.05.2025 19:00","7703","7259","7177","787","832","832","6995","7557","7530"
"24.05.2025 19:00 - 24.05.2025 20:00","4579","4264","4220","770","807","807","6769","7131","7101"
"24.05.2025 20:00 - 24.05.2025 21:00","1863","1709","1653","794","797","797","6469","6628","6567"
"24.05.2025 21:00 - 24.05.2025 22:00","267","244","239","811","798","798","6123","6540","6466"
"24.05.2025 22:00 - 24.05.2025 23:00","0","0","0","828","838","838","5906","6245","6196"
"24.05.2025 23:00 - 25.05.2025 00:00","0","0","0","863","899","899","5961","6133","6112"
"25.05.2025 00:00 - 25.05.2025 01:00","0","0","0","933","933","933","6287","6024","6956"
"25.05.2025 01:00 - 25.05.2025 02:00","0","0","0","976","976","976","6238","6007","6982"
"25.05.2025 02:00 - 25.05.2025 03:00","0","0","0","1027","1027","1027","6265","6059","7086"
"25.05.2025 03:00 - 25.05.2025 04:00","0","0","0","1100","1100","1100","6468","6281","7382"
"25.05.2025 04:00 - 25.05.2025 05:00","0","0","0","1138","1138","1138","6890","6717","7854"
"25.05.2025 05:00 - 25.05.2025 06:00","0","0","0","1151","1151","1151","7381","7218","8369"
"25.05.2025 06:00 - 25.05.2025 07:00","1","1","1","1164","1164","1164","7922","7768","8932"
"25.05.2025 07:00 - 25.05.2025 08:00","690","669","669","1157","1157","1157","8163","8775","9173"
"25.05.2025 08:00 - 25.05.2025 09:00","2555","2509","2509","1013","1000","1000","8402","7588","8276"
"25.05.2025 09:00 - 25.05.2025 10:00","5564","5282","5282","209","530","530","9240","8531","8787"
"25.05.2025 10:00 - 25.05.2025 11:00","8574","8141","8293","209","533","533","10675","8997","7819"
"25.05.2025 11:00 - 25.05.2025 12:00","10475","10209","10143","209","491","491","11016","10112","9326"
"25.05.2025 12:00 - 25.05.2025 13:00","11680","11112","11490","209","452","452","11004","10096","9510"
"25.05.2025 13:00 - 25.05.2025 14:00","12221","11508","11926","209","441","441","11845","10876","10419"
"25.05.2025 14:00 - 25.05.2025 15:00","11697","11437","11648","209","444","444","11693","11509","11174"
"25.05.2025 15:00 - 25.05.2025 16:00","11374","10872","11636","209","435","435","11665","11079","10825"
"25.05.2025 16:00 - 25.05.2025 17:00","10287","9859","10718","354","602","602","11410","10978","10810"
"25.05.2025 17:00 - 25.05.2025 18:00","8541","8328","8896","1039","1108","1108","10510","10021","9718"
"25.05.2025 18:00 - 25.05.2025 19:00","6671","6549","7027","1066","1147","1147","10348","9802","9548"
"25.05.2025 19:00 - 25.05.2025 20:00","4039","4007","4360","1089","1162","1162","9062","8677","8444"
"25.05.2025 20:00 - 25.05.2025 21:00","1685","1756","1814","1105","1144","1144","7697","7205","6962"
"25.05.2025 21:00 - 25.05.2025 22:00","278","283","298","1098","1120","1120","7039","6393","6152"
"25.05.2025 22:00 - 25.05.2025 23:00","0","0","0","1076","1068","1068","6626","6052","5794"
"25.05.2025 23:00 - 26.05.2025 00:00","0","0","0","1024","999","999","6667","6077","5812"
"26.05.2025 00:00 - 26.05.2025 01:00","0","0","0","979","979","979","5456","6320","7299"
"26.05.2025 01:00 - 26.05.2025 02:00","0","0","0","926","926","926","5450","6245","7171"
"26.05.2025 02:00 - 26.05.2025 03:00","0","0","0","862","862","862","5235","5972","6835"
"26.05.2025 03:00 - 26.05.2025 04:00","0","0","0","776","776","776","4990","5678","6453"
"26.05.2025 04:00 - 26.05.2025 05:00","0","0","0","660","660","660","4475","5126","5787"
"26.05.2025 05:00 - 26.05.2025 06:00","0","0","0","569","569","569","3965","4585","5154"
"26.05.2025 06:00 - 26.05.2025 07:00","2","2","2","506","506","506","3648","4245","4751"
"26.05.2025 07:00 - 26.05.2025 08:00","818","787","787","453","453","453","3278","4858","4295"
"26.05.2025 08:00 - 26.05.2025 09:00","2971","2950","2950","429","426","426","2538","3424","3078"
"26.05.2025 09:00 - 26.05.2025 10:00","6398","6361","6361","424","420","420","3117","3898","3632"
"26.05.2025 10:00 - 26.05.2025 11:00","9728","9903","8589","452","441","441","3119","4079","3835"
"26.05.2025 11:00 - 26.05.2025 12:00","12158","12258","10848","427","426","426","3447","4524","4346"
"26.05.2025 12:00 - 26.05.2025 13:00","13315","13585","12377","386","428","428","4082","5024","4925"
"26.05.2025 13:00 - 26.05.2025 14:00","13540","13476","12779","386","419","419","4641","5544","5460"
"26.05.2025 14:00 - 26.05.2025 15:00","12979","12815","12445","423","471","471","4851","5746","5696"
"26.05.2025 15:00 - 26.05.2025 16:00","12266","11937","11935","472","503","503","5127","5980","5926"
"26.05.2025 16:00 - 26.05.2025 17:00","11151","10664","10553","530","547","547","5361","6032","5973"
"26.05.2025 17:00 - 26.05.2025 18:00","9243","8605","8549","622","601","601","5476","5762","5671"
"26.05.2025 18:00 - 26.05.2025 19:00","7276","6825","6850","646","627","627","5642","5751","5667"
"26.05.2025 19:00 - 26.05.2025 20:00","4490","4094","4000","654","637","637","5023","5216","5139"
"26.05.2025 20:00 - 26.05.2025 21:00","1901","1702","1712","694","676","676","3925","4612","4538"
"26.05.2025 21:00 - 26.05.2025 22:00","313","294","275","744","755","755","3404","3687","3645"
"26.05.2025 22:00 - 26.05.2025 23:00","0","0","0","811","837","837","3748","3861","3836"
"26.05.2025 23:00 - 27.05.2025 00:00","0","0","0","878","893","893","3974","4271","4237"
"27.05.2025 00:00 - 27.05.2025 01:00","0","0","0","998","998","998","4078","4495","5493"
"27.05.2025 01:00 - 27.05.2025 02:00","0","0","0","1060","1060","1060","4497","4910","5969"
"27.05.2025 02:00 - 27.05.2025 03:00","0","0","0","1123","1123","1123","5227","5637","6760"
"27.05.2025 03:00 - 27.05.2025 04:00","0","0","0","1179","1179","1179","5653","6048","7226"
"27.05.2025 04:00 - 27.05.2025 05:00","0","0","0","1194","1194","1194","6261","6646","7840"
"27.05.2025 05:00 - 27.05.2025 06:00","0","0","0","1185","1185","1185","6639","7025","8210"
"27.05.2025 06:00 - 27.05.2025 07:00","2","2","2","1143","1143","1143","6849","7226","8368"
"27.05.2025 07:00 - 27.05.2025 08:00","747","776","776","1082","1082","1082","7100","8266","8557"
"27.05.2025 08:00 - 27.05.2025 09:00","2698","2778","2778","1020","1080","1080","6485","6918","6788"
"27.05.2025 09:00 - 27.05.2025 10:00","5714","5787","5787","971","994","994","6357","6845","6696"
"27.05.2025 10:00 - 27.05.2025 11:00","8879","8510","9369","950","945","945","7459","8225","8239"
"27.05.2025 11:00 - 27.05.2025 12:00","10980","10495","11568","963","948","948","9198","9350","9388"
"27.05.2025 12:00 - 27.05.2025 13:00","12082","11644","12722","988","970","970","9414","10244","10289"
"27.05.2025 13:00 - 27.05.2025 14:00","12107","12256","12473","1026","1009","1009","9590","10349","10395"
"27.05.2025 14:00 - 27.05.2025 15:00","11974","11523","12241","1057","1039","1039","9963","10231","10281"
"27.05.2025 15:00 - 27.05.2025 16:00","11574","11454","11557","1084","1075","1075","9784","10359","10419"
"27.05.2025 16:00 - 27.05.2025 17:00","10636","10153","10540","1106","1098","1098","9494","9988","10049"
"27.05.2025 17:00 - 27.05.2025 18:00","8970","8710","8903","1117","1111","1111","9632","9805","9865"
"27.05.2025 18:00 - 27.05.2025 19:00","6881","6871","6750","1131","1108","1108","9358","9439","9482"
"27.05.2025 19:00 - 27.05.2025 20:00","4226","4250","3955","1144","1111","1111","9094","8599","8633"
"27.05.2025 20:00 - 27.05.2025 21:00","1833","1789","1732","1156","1117","1117","8748","8543","8570"
"27.05.2025 21:00 - 27.05.2025 22:00","295","300","291","1170","1113","1113","8862","8836","8847"
"27.05.2025 22:00 - 27.05.2025 23:00","0","0","0","1183","1127","1127","9065","9643","9654"
"27.05.2025 23:00 - 28.05.2025 00:00","0","0","0","1199","1131","1131","9229","9997","9995"
"28.05.2025 00:00 - 28.05.2025 01:00","0","0","0","1193","1193","1193","11331","11248","12441"
"28.05.2025 01:00 - 28.05.2025 02:00","0","0","0","1202","1202","1202","11916","11852","13054"
"28.05.2025 02:00 - 28.05.2025 03:00","0","0","0","1201","1201","1201","11912","11862","13064"
"28.05.2025 03:00 - 28.05.2025 04:00","0","0","0","1193","1193","1193","11568","11526","12719"
"28.05.2025 04:00 - 28.05.2025 05:00","0","0","0","1177","1177","1177","10928","10894","12071"
"28.05.2025 05:00 - 28.05.2025 06:00","0","0","0","1177","1177","1177","10721","10694","11871"
"28.05.2025 06:00 - 28.05.2025 07:00","2","2","2","1173","1173","1173","10395","10373","11546"
"28.05.2025 07:00 - 28.05.2025 08:00","755","793","793","1147","1147","1147","10120","10955","11248"
"28.05.2025 08:00 - 28.05.2025 09:00","2610","2831","2831","1111","1010","1010","9931","9619","10018"
"28.05.2025 09:00 - 28.05.2025 10:00","5519","5892","5892","1067","1058","1058","10001","10310","9998"
"28.05.2025 10:00 - 28.05.2025 11:00","8418","8814","9087","1018","1048","1048","10379","10951","10361"
"28.05.2025 11:00 - 28.05.2025 12:00","10604","10577","11192","965","1002","1002","10855","11207","10846"
"28.05.2025 12:00 - 28.05.2025 13:00","12134","11901","12351","928","952","952","11417","11519","11250"
"28.05.2025 13:00 - 28.05.2025 14:00","12651","12393","12734","873","915","915","11522","11990","11798"
"28.05.2025 14:00 - 28.05.2025 15:00","12875","12450","12448","834","881","881","11628","11952","11815"
"28.05.2025 15:00 - 28.05.2025 16:00","12040","11982","11565","828","883","883","11668","12108","12017"
"28.05.2025 16:00 - 28.05.2025 17:00","10974","11016","10584","794","860","860","11918","12318","12265"
"28.05.2025 17:00 - 28.05.2025 18:00","8895","8876","8899","766","804","804","11632","12064","12000"
"28.05.2025 18:00 - 28.05.2025 19:00","7057","7237","7388","739","749","749","11043","11373","11297"
"28.05.2025 19:00 - 28.05.2025 20:00","4150","4480","4674","718","713","713","9399","10341","10260"
"28.05.2025 20:00 - 28.05.2025 21:00","1801","1886","2008","673","659","659","7769","8389","8307"
"28.05.2025 21:00 - 28.05.2025 22:00","319","344","354","613","585","585","6744","7165","7077"
"28.05.2025 22:00 - 28.05.2025 23:00","0","0","0","547","507","507","5878","6169","6074"
"28.05.2025 23:00 - 29.05.2025 00:00","0","0","0","470","417","417","5109","5266","5165"
"29.05.2025 00:00 - 29.05.2025 01:00","0","0","0","362","362","362","4247","4417","4779"
"29.05.2025 01:00 - 29.05.2025 02:00","0","0","0","288","288","288","4001","4157","4445"
"29.05.2025 02:00 - 29.05.2025 03:00","0","0","0","243","243","243","3758","3906","4148"
"29.05.2025 03:00 - 29.05.2025 04:00","0","0","0","222","222","222","3391","3534","3756"
"29.05.2025 04:00 - 29.05.2025 05:00","0","0","0","209","209","209","3073","3214","3422"
"29.05.2025 05:00 - 29.05.2025 06:00","0","0","0","238","238","238","2820","2956","3194"
"29.05.2025 06:00 - 29.05.2025 07:00","4","4","4","274","274","274","2562","2693","2966"
"29.05.2025 07:00 - 29.05.2025 08:00","875","896","896","310","310","310","2518","2509","2955"
"29.05.2025 08:00 - 29.05.2025 09:00","3042","3157","3157","356","382","382","2266","2197","2364"
"29.05.2025 09:00 - 29.05.2025 10:00","6658","6594","6594","359","445","445","1903","1655","1937"
"29.05.2025 10:00 - 29.05.2025 11:00","10234","10079","9997","393","429","429","2020","1808","2020"
"29.05.2025 11:00 - 29.05.2025 12:00","12970","12547","12850","379","405","405","2450","2345","2506"
"29.05.2025 12:00 - 29.05.2025 13:00","14873","14311","14858","277","294","294","3071","3043","3174"
"29.05.2025 13:00 - 29.05.2025 14:00","15828","15387","16106","45","40","40","3902","3705","3791"
"29.05.2025 14:00 - 29.05.2025 15:00","16217","15694","16253","45","38","38","4254","4164","4238"
"29.05.2025 15:00 - 29.05.2025 16:00","15685","15410","15955","115","114","114","4332","4347","4425"
"29.05.2025 16:00 - 29.05.2025 17:00","14564","14300","14485","325","317","317","3981","4208","4273"
"29.05.2025 17:00 - 29.05.2025 18:00","12574","12240","12484","311","302","302","3891","4246","4305"
"29.05.2025 18:00 - 29.05.2025 19:00","9584","9448","9526","270","263","263","3503","3967","4023"
"29.05.2025 19:00 - 29.05.2025 20:00","5718","5703","5798","221","244","244","2931","3132","3213"
"29.05.2025 20:00 - 29.05.2025 21:00","2440","2421","2471","204","213","213","2134","2190","2255"
"29.05.2025 21:00 - 29.05.2025 22:00","428","424","431","178","173","173","2092","2012","2062"
"29.05.2025 22:00 - 29.05.2025 23:00","0","0","0","152","135","135","2146","2010","2045"
"29.05.2025 23:00 - 30.05.2025 00:00","0","0","0","136","110","110","2261","2127","2146"
"30.05.2025 00:00 - 30.05.2025 01:00","0","0","0","89","89","89","1568","1762","1851"
"30.05.2025 01:00 - 30.05.2025 02:00","0","0","0","74","74","74","1619","1803","1878"
"30.05.2025 02:00 - 30.05.2025 03:00","0","0","0","65","65","65","1516","1688","1753"
"30.05.2025 03:00 - 30.05.2025 04:00","0","0","0","59","59","59","1437","1598","1656"
"30.05.2025 04:00 - 30.05.2025 05:00","0","0","0","53","53","53","1344","1500","1553"
"30.05.2025 05:00 - 30.05.2025 06:00","0","0","0","49","49","49","1203","1350","1398"
"30.05.2025 06:00 - 30.05.2025 07:00","7","6","6","45","45","45","1074","1212","1257"
"30.05.2025 07:00 - 30.05.2025 08:00","1100","1116","1116","41","41","41","983","1085","1161"
"30.05.2025 08:00 - 30.05.2025 09:00","3843","3921","3921","30","25","25","844","985","985"
"30.05.2025 09:00 - 30.05.2025 10:00","8174","8263","8263","21","13","13","626","809","763"
"30.05.2025 10:00 - 30.05.2025 11:00","12525","12629","12896","17","10","10","487","611","728"
"30.05.2025 11:00 - 30.05.2025 12:00","15864","15932","16239","15","8","8","585","721","800"
"30.05.2025 12:00 - 30.05.2025 13:00","17892","17996","18278","14","6","6","757","1039","1099"
"30.05.2025 13:00 - 30.05.2025 14:00","19000","18921","19203","18","6","6","854","1098","1141"
"30.05.2025 14:00 - 30.05.2025 15:00","19005","19043","19323","23","10","10","864","1095","1129"
"30.05.2025 15:00 - 30.05.2025 16:00","18392","18369","18534","26","8","8","851","1002","1024"
"30.05.2025 16:00 - 30.05.2025 17:00","16813","16798","16719","34","21","21","889","938","961"
"30.05.2025 17:00 - 30.05.2025 18:00","14202","14148","14055","45","47","47","910","956","989"
"30.05.2025 18:00 - 30.05.2025 19:00","10439","10402","10280","61","62","62","732","903","933"
"30.05.2025 19:00 - 30.05.2025 20:00","6108","6096","5960","65","65","65","588","836","864"
"30.05.2025 20:00 - 30.05.2025 21:00","2475","2506","2434","58","62","62","664","853","884"
"30.05.2025 21:00 - 30.05.2025 22:00","427","430","431","57","62","62","922","942","972"
"30.05.2025 22:00 - 30.05.2025 23:00","0","0","0","58","61","61","1094","1159","1186"
"30.05.2025 23:00 - 31.05.2025 00:00","0","0","0","61","57","57","1153","1340","1359"
"31.05.2025 00:00 - 31.05.2025 01:00","0","0","0","44","44","44","1304","1338","1382"
"31.05.2025 01:00 - 31.05.2025 02:00","0","0","0","42","42","42","1238","1269","1310"
"31.05.2025 02:00 - 31.05.2025 03:00","0","0","0","42","42","42","1101","1123","1164"
"31.05.2025 03:00 - 31.05.2025 04:00","0","0","0","42","42","42","1130","1148","1190"
"31.05.2025 04:00 - 31.05.2025 05:00","0","0","0","42","42","42","1149","1167","1208"
"31.05.2025 05:00 - 31.05.2025 06:00","0","0","0","39","39","39","1274","1292","1330"
"31.05.2025 06:00 - 31.05.2025 07:00","7","7","7","34","34","34","1366","1382","1416"
"31.05.2025 07:00 - 31.05.2025 08:00","913","936","936","27","27","27","1357","1188","1399"
"31.05.2025 08:00 - 31.05.2025 09:00","3098","3229","3229","23","35","35","1107","1123","1110"
"31.05.2025 09:00 - 31.05.2025 10:00","6659","6873","6873","21","25","25","736","920","746"
"31.05.2025 10:00 - 31.05.2025 11:00","10317","10556","10290","23","20","20","447","654","656"
"31.05.2025 11:00 - 31.05.2025 12:00","13179","13433","12941","34","29","29","523","736","716"
"31.05.2025 12:00 - 31.05.2025 13:00","14716","15365","14672","49","42","42","741","1011","980"
"31.05.2025 13:00 - 31.05.2025 14:00","15356","16026","15501","57","47","47","957","1350","1312"
"31.05.2025 14:00 - 31.05.2025 15:00","15168","16178","15424","66","54","54","1204","1421","1380"
"31.05.2025 15:00 - 31.05.2025 16:00","14348","15402","14694","103","100","100","1577","1608","1576"
"31.05.2025 16:00 - 31.05.2025 17:00","12685","13811","13028","192","204","204","1650","1680","1664"
"31.05.2025 17:00 - 31.05.2025 18:00","10214","11519","10678","222","259","259","1508","1704","1712"
"31.05.2025 18:00 - 31.05.2025 19:00","7742","8699","8203","257","332","332","1557","1656","1702"
"31.05.2025 19:00 - 31.05.2025 20:00","4752","5156","4884","302","387","387","1464","1879","1935"
"31.05.2025 20:00 - 31.05.2025 21:00","1994","2132","2116","361","450","450","1506","1949","2010"
"31.05.2025 21:00 - 31.05.2025 22:00","380","393","372","383","486","486","1667","2530","2605"
"31.05.2025 22:00 - 31.05.2025 23:00","0","0","0","404","523","523","1949","3360","3450"
"31.05.2025 23:00 - 01.06.2025 00:00","0","0","0","422","529","529","2416","3994","4073"
"01.06.2025 00:00 - 01.06.2025 01:00","0","0","0","517","517","517","3158","3319","3836"
"01.06.2025 01:00 - 01.06.2025 02:00","0","0","0","516","516","516","3298","3449","3964"
"01.06.2025 02:00 - 01.06.2025 03:00","0","0","0","493","493","493","2933","3070","3563"
"01.06.2025 03:00 - 01.06.2025 04:00","0","0","0","462","462","462","2777","2905","3367"
"01.06.2025 04:00 - 01.06.2025 05:00","0","0","0","421","421","421","2620","2743","3164"
"01.06.2025 05:00 - 01.06.2025 06:00","0","0","0","383","383","383","2356","2474","2857"
"01.06.2025 06:00 - 01.06.2025 07:00","6","5","5","338","338","338","2127","2241","2579"
"01.06.2025 07:00 - 01.06.2025 08:00","864","785","785","307","307","307","2058","2025","2471"
"01.06.2025 08:00 - 01.06.2025 09:00","2657","2519","2519","274","215","215","1653","1472","1815"
"01.06.2025 09:00 - 01.06.2025 10:00","5428","5033","5033","204","179","179","1460","1361","1576"
"01.06.2025 10:00 - 01.06.2025 11:00","7943","7342","7093","109","81","81","1530","1419","1335"
"01.06.2025 11:00 - 01.06.2025 12:00","9997","8906","9015","100","73","73","1558","1597","1533"
"01.06.2025 12:00 - 01.06.2025 13:00","11003","9900","10352","105","74","74","1801","1919","1865"
"01.06.2025 13:00 - 01.06.2025 14:00","11583","11031","10820","129","90","90","2164","2211","2154"
"01.06.2025 14:00 - 01.06.2025 15:00","11744","10813","10858","167","115","115","2745","2684","2621"
"01.06.2025 15:00 - 01.06.2025 16:00","11135","10876","10528","206","196","196","3179","3243","3227"
"01.06.2025 16:00 - 01.06.2025 17:00","10123","9704","9298","209","210","210","3767","3350","3348"
"01.06.2025 17:00 - 01.06.2025 18:00","8135","8070","7561","292","323","323","3892","3364","3397"
"01.06.2025 18:00 - 01.06.2025 19:00","6539","6453","6130","773","617","617","3363","2937","2784"
"01.06.2025 19:00 - 01.06.2025 20:00","4175","4141","3703","837","719","719","3292","2785","2671"
"01.06.2025 20:00 - 01.06.2025 21:00","1821","1775","1557","872","774","774","3069","2693","2599"
"01.06.2025 21:00 - 01.06.2025 22:00","387","375","340","889","805","805","2932","2943","2863"
"01.06.2025 22:00 - 01.06.2025 23:00","0","0","0","881","809","809","3311","3120","3053"
"01.06.2025 23:00 - 02.06.2025 00:00","0","0","0","836","779","779","3533","3380","3327"
"02.06.2025 00:00 - 02.06.2025 01:00","0","0","0","657","657","657","2494","2668","3325"
"02.06.2025 01:00 - 02.06.2025 02:00","0","0","0","604","604","604","2294","2450","3055"
"02.06.2025 02:00 - 02.06.2025 03:00","0","0","0","551","551","551","2391","2543","3094"
"02.06.2025 03:00 - 02.06.2025 04:00","0","0","0","499","499","499","2483","2627","3125"
"02.06.2025 04:00 - 02.06.2025 05:00","0","0","0","432","432","432","2465","2602","3034"
"02.06.2025 05:00 - 02.06.2025 06:00","0","0","0","355","355","355","2481","2613","2968"
"02.06.2025 06:00 - 02.06.2025 07:00","5","6","6","285","285","285","2388","2516","2801"
"02.06.2025 07:00 - 02.06.2025 08:00","744","545","545","203","203","203","2209","2195","2535"
"02.06.2025 08:00 - 02.06.2025 09:00","2379","1952","1952","123","154","154","1710","1499","1800"
"02.06.2025 09:00 - 02.06.2025 10:00","4939","4126","4126","76","107","107","1545","1319","1631"
"02.06.2025 10:00 - 02.06.2025 11:00","7293","6237","5479","48","59","59","1316","1178","1273"
"02.06.2025 11:00 - 02.06.2025 12:00","8785","7849","7512","27","24","24","1324","1300","1363"
"02.06.2025 12:00 - 02.06.2025 13:00","9816","9221","8665","15","12","12","1435","1446","1502"
"02.06.2025 13:00 - 02.06.2025 14:00","10443","9582","9528","10","10","10","1709","1609","1661"
"02.06.2025 14:00 - 02.06.2025 15:00","10645","9797","10380","9","10","10","1808","1655","1706"
"02.06.2025 15:00 - 02.06.2025 16:00","10493","9864","10253","13","15","15","1879","1822","1869"
"02.06.2025 16:00 - 02.06.2025 17:00","9894","9287","9778","15","20","20","1748","1908","1953"
"02.06.2025 17:00 - 02.06.2025 18:00","8656","8291","8466","24","28","28","1520","1752","1789"
"02.06.2025 18:00 - 02.06.2025 19:00","6796","6664","6582","33","33","33","1263","1476","1511"
"02.06.2025 19:00 - 02.06.2025 20:00","4386","4184","4067","41","42","42","1075","1227","1258"
"02.06.2025 20:00 - 02.06.2025 21:00","1948","1925","1794","48","50","50","978","987","1017"
"02.06.2025 21:00 - 02.06.2025 22:00","421","424","412","56","59","59","1143","1013","1042"
"02.06.2025 22:00 - 02.06.2025 23:00","0","0","0","60","64","64","1378","1193","1222"
"02.06.2025 23:00 - 03.06.2025 00:00","0","0","0","66","65","65","1428","1215","1238"
"03.06.2025 00:00 - 03.06.2025 01:00","0","0","0","91","91","91","1052","1022","1113"
"03.06.2025 01:00 - 03.06.2025 02:00","0","0","0","126","126","126","1015","990","1116"
"03.06.2025 02:00 - 03.06.2025 03:00","0","0","0","166","166","166","1203","1178","1344"
"03.06.2025 03:00 - 03.06.2025 04:00","0","0","0","178","178","178","1564","1543","1721"
"03.06.2025 04:00 - 03.06.2025 05:00","0","0","0","136","136","136","2102","2085","2220"
"03.06.2025 05:00 - 03.06.2025 06:00","0","0","0","195","195","195","2606","2590","2785"
"03.06.2025 06:00 - 03.06.2025 07:00","10","10","10","296","296","296","3148","3134","3430"
"03.06.2025 07:00 - 03.06.2025 08:00","884","874","874","397","397","397","3479","3414","3863"
"03.06.2025 08:00 - 03.06.2025 09:00","2769","2823","2823","514","520","520","4278","3873","4260"
"03.06.2025 09:00 - 03.06.2025 10:00","5807","5643","5643","665","678","678","2332","1932","2307"
"03.06.2025 10:00 - 03.06.2025 11:00","8798","8567","8435","789","823","823","2518","2391","2500"
"03.06.2025 11:00 - 03.06.2025 12:00","10808","10312","10864","859","880","880","3991","4175","4287"
"03.06.2025 12:00 - 03.06.2025 13:00","12739","11417","12120","780","794","794","5751","6380","6489"
"03.06.2025 13:00 - 03.06.2025 14:00","13437","12433","13048","209","277","277","6459","7090","7250"
"03.06.2025 14:00 - 03.06.2025 15:00","13580","12464","12862","209","209","209","6445","7182","7275"
"03.06.2025 15:00 - 03.06.2025 16:00","13090","12081","12110","318","323","323","6367","7043","7140"
"03.06.2025 16:00 - 03.06.2025 17:00","11802","11136","10866","869","874","874","5736","6436","6530"
"03.06.2025 17:00 - 03.06.2025 18:00","9896","9465","8478","813","974","974","5413","5830","6078"
"03.06.2025 18:00 - 03.06.2025 19:00","7394","7128","6764","777","959","959","4961","5134","5402"
"03.06.2025 19:00 - 03.06.2025 20:00","4454","4262","3988","786","851","851","4240","4503","4654"
"03.06.2025 20:00 - 03.06.2025 21:00","1898","1832","1708","691","782","782","3622","3593","3767"
"03.06.2025 21:00 - 03.06.2025 22:00","391","390","351","652","726","726","3371","3124","3277"
"03.06.2025 22:00 - 03.06.2025 23:00","0","0","0","620","680","680","3639","3043","3179"
"03.06.2025 23:00 - 04.06.2025 00:00","0","0","0","565","623","623","3695","3140","3273"
"04.06.2025 00:00 - 04.06.2025 01:00","0","0","0","566","566","566","3383","3980","4545"
"04.06.2025 01:00 - 04.06.2025 02:00","0","0","0","489","489","489","3198","3750","4238"
"04.06.2025 02:00 - 04.06.2025 03:00","0","0","0","427","427","427","3111","3640","4067"
"04.06.2025 03:00 - 04.06.2025 04:00","0","0","0","386","386","386","3061","3562","3947"
"04.06.2025 04:00 - 04.06.2025 05:00","0","0","0","353","353","353","3129","3603","3956"
"04.06.2025 05:00 - 04.06.2025 06:00","0","0","0","335","335","335","3221","3677","4012"
"04.06.2025 06:00 - 04.06.2025 07:00","6","6","6","330","330","330","3229","3676","4006"
"04.06.2025 07:00 - 04.06.2025 08:00","583","560","560","315","315","315","2827","3176","3579"
"04.06.2025 08:00 - 04.06.2025 09:00","1714","1718","1718","293","245","245","2707","2786","3183"
"04.06.2025 09:00 - 04.06.2025 10:00","3458","3431","3431","301","261","261","2188","2291","2641"
"04.06.2025 10:00 - 04.06.2025 11:00","5062","4826","5334","312","242","242","2671","2735","2528"
"04.06.2025 11:00 - 04.06.2025 12:00","5946","6048","6630","324","233","233","2996","3435","3265"
"04.06.2025 12:00 - 04.06.2025 13:00","7165","7373","7385","296","219","219","3579","3896","3757"
"04.06.2025 13:00 - 04.06.2025 14:00","8230","7979","7718","284","200","200","4264","4518","4382"
"04.06.2025 14:00 - 04.06.2025 15:00","8101","8389","7925","282","193","193","4921","5146","5017"
"04.06.2025 15:00 - 04.06.2025 16:00","8701","8553","8311","290","191","191","5301","5798","5667"
"04.06.2025 16:00 - 04.06.2025 17:00","8617","8540","8071","288","187","187","5653","5590","5466"
"04.06.2025 17:00 - 04.06.2025 18:00","7747","7762","7305","293","183","183","5906","5335","5207"
"04.06.2025 18:00 - 04.06.2025 19:00","6465","6014","5879","297","180","180","5783","5259","5128"
"04.06.2025 19:00 - 04.06.2025 20:00","4119","3933","3818","310","180","180","5258","5113","4970"
"04.06.2025 20:00 - 04.06.2025 21:00","1888","1844","1758","339","192","192","4131","4212","4051"
"04.06.2025 21:00 - 04.06.2025 22:00","424","413","409","346","210","210","3414","3394","3245"
"04.06.2025 22:00 - 04.06.2025 23:00","0","0","0","392","270","270","3611","3557","3425"
"04.06.2025 23:00 - 05.06.2025 00:00","0","0","0","450","325","325","3800","3818","3687"
"05.06.2025 00:00 - 05.06.2025 01:00","0","0","0","417","417","417","3456","3535","3952"
"05.06.2025 01:00 - 05.06.2025 02:00","0","0","0","470","470","470","4034","4102","4572"
"05.06.2025 02:00 - 05.06.2025 03:00","0","0","0","457","457","457","4635","4705","5162"
"05.06.2025 03:00 - 05.06.2025 04:00","0","0","0","257","257","257","5343","5413","5670"
"05.06.2025 04:00 - 05.06.2025 05:00","0","0","0","327","327","327","5758","5830","6157"
"05.06.2025 05:00 - 05.06.2025 06:00","0","0","0","577","577","577","5690","5763","6340"
"05.06.2025 06:00 - 05.06.2025 07:00","10","10","10","904","904","904","6123","6198","7101"
"05.06.2025 07:00 - 05.06.2025 08:00","798","755","755","965","965","965","6652","6093","7692"
"05.06.2025 08:00 - 05.06.2025 09:00","2356","2327","2327","1010","1062","1062","5890","5073","5913"
"05.06.2025 09:00 - 05.06.2025 10:00","4847","4572","4572","1016","1105","1105","8339","7462","8328"
"05.06.2025 10:00 - 05.06.2025 11:00","6899","6598","5454","992","1125","1125","9081","8653","9082"
"05.06.2025 11:00 - 05.06.2025 12:00","8223","8075","6666","975","1117","1117","9834","9491","9969"
"05.06.2025 12:00 - 05.06.2025 13:00","9522","9022","7247","933","1039","1039","10447","10330","10759"
"05.06.2025 13:00 - 05.06.2025 14:00","9710","9179","7649","854","911","911","11083","11109","11472"
"05.06.2025 14:00 - 05.06.2025 15:00","9771","9266","7676","736","841","841","11947","11439","11844"
"05.06.2025 15:00 - 05.06.2025 16:00","9770","9087","8144","698","845","845","12603","12112","12552"
"05.06.2025 16:00 - 05.06.2025 17:00","9187","8436","7445","691","831","831","12257","12752","13172"
"05.06.2025 17:00 - 05.06.2025 18:00","7797","7288","6563","747","804","804","12192","12393","12716"
"05.06.2025 18:00 - 05.06.2025 19:00","6194","5867","5462","818","791","791","11105","11717","11949"
"05.06.2025 19:00 - 05.06.2025 20:00","3769","3745","3308","881","819","819","9952","11970","12163"
"05.06.2025 20:00 - 05.06.2025 21:00","1664","1679","1508","918","836","836","9859","12740","12908"
"05.06.2025 21:00 - 05.06.2025 22:00","342","353","332","973","836","836","9703","12593","12700"
"05.06.2025 22:00 - 05.06.2025 23:00","0","0","0","1029","828","828","9628","12239","12280"
"05.06.2025 23:00 - 06.06.2025 00:00","0","0","0","1049","822","822","10074","11752","11763"
"06.06.2025 00:00 - 06.06.2025 01:00","0","0","0","916","916","916","10550","10915","11831"
"06.06.2025 01:00 - 06.06.2025 02:00","0","0","0","971","971","971","10278","10634","11605"
"06.06.2025 02:00 - 06.06.2025 03:00","0","0","0","1011","1011","1011","10073","10419","11429"
"06.06.2025 03:00 - 06.06.2025 04:00","0","0","0","990","990","990","9412","9742","10731"
"06.06.2025 04:00 - 06.06.2025 05:00","0","0","0","951","951","951","8984","9306","10258"
"06.06.2025 05:00 - 06.06.2025 06:00","0","0","0","913","913","913","8764","9081","9994"
"06.06.2025 06:00 - 06.06.2025 07:00","8","9","9","897","897","897","8299","8609","9505"
"06.06.2025 07:00 - 06.06.2025 08:00","759","801","801","892","892","892","7559","7875","8755"
"06.06.2025 08:00 - 06.06.2025 09:00","2316","2516","2516","919","890","890","7062","6511","7390"
"06.06.2025 09:00 - 06.06.2025 10:00","4961","5097","5097","921","849","849","6362","6130","6734"
"06.06.2025 10:00 - 06.06.2025 11:00","7459","7751","7693","896","842","842","5922","6190","5208"
"06.06.2025 11:00 - 06.06.2025 12:00","9363","9424","9356","859","816","816","6442","6914","6277"
"06.06.2025 12:00 - 06.06.2025 13:00","10688","10680","10258","706","654","654","7315","7816","7328"
"06.06.2025 13:00 - 06.06.2025 14:00","11525","10996","10693","245","224","224","8864","9058","8691"
"06.06.2025 14:00 - 06.06.2025 15:00","11696","10540","10298","307","306","306","9805","9256","8989"
"06.06.2025 15:00 - 06.06.2025 16:00","11542","10436","10088","568","531","531","9886","9329","9075"
"06.06.2025 16:00 - 06.06.2025 17:00","10655","9678","9182","479","447","447","9823","9274","9060"
"06.06.2025 17:00 - 06.06.2025 18:00","9104","8045","7847","400","394","394","9030","8527","8364"
"06.06.2025 18:00 - 06.06.2025 19:00","7194","6353","6275","338","377","377","7878","7386","7290"
"06.06.2025 19:00 - 06.06.2025 20:00","4403","3950","4050","283","313","313","6156","6106","6020"
"06.06.2025 20:00 - 06.06.2025 21:00","1975","1753","1838","298","335","335","4134","4304","4242"
"06.06.2025 21:00 - 06.06.2025 22:00","434","397","396","326","408","408","3044","3303","3296"
"06.06.2025 22:00 - 06.06.2025 23:00","0","0","0","449","507","507","2726","3037","3012"
"06.06.2025 23:00 - 07.06.2025 00:00","0","0","0","649","642","642","2875","3222","3137"
"07.06.2025 00:00 - 07.06.2025 01:00","0","0","0","756","756","756","3231","4032","4788"
"07.06.2025 01:00 - 07.06.2025 02:00","0","0","0","850","850","850","3543","4271","5121"
"07.06.2025 02:00 - 07.06.2025 03:00","0","0","0","986","986","986","4023","4694","5680"
"07.06.2025 03:00 - 07.06.2025 04:00","0","0","0","1099","1099","1099","4810","5439","6537"
"07.06.2025 04:00 - 07.06.2025 05:00","0","0","0","1142","1142","1142","5337","5935","7078"
"07.06.2025 05:00 - 07.06.2025 06:00","0","0","0","1154","1154","1154","6250","6825","7979"
"07.06.2025 06:00 - 07.06.2025 07:00","9","8","8","1137","1137","1137","7015","7573","8710"
"07.06.2025 07:00 - 07.06.2025 08:00","685","642","642","1088","1088","1088","7509","7630","9137"
"07.06.2025 08:00 - 07.06.2025 09:00","1955","2007","2007","1058","973","973","7559","6752","8173"
"07.06.2025 09:00 - 07.06.2025 10:00","4083","4044","4044","1065","975","975","8137","8105","8743"
"07.06.2025 10:00 - 07.06.2025 11:00","6664","6291","5599","1054","995","995","8443","8073","7403"
"07.06.2025 11:00 - 07.06.2025 12:00","7962","8143","7311","1022","972","972","9202","9052","8591"
"07.06.2025 12:00 - 07.06.2025 13:00","9299","9338","8655","942","944","944","9792","9451","9139"
"07.06.2025 13:00 - 07.06.2025 14:00","9801","10103","9303","919","942","942","10416","10615","10379"
"07.06.2025 14:00 - 07.06.2025 15:00","9464","10050","9642","971","956","956","10142","10491","10265"
"07.06.2025 15:00 - 07.06.2025 16:00","10073","10369","10021","1011","931","931","10191","10356","10099"
"07.06.2025 16:00 - 07.06.2025 17:00","9577","9615","9707","1055","948","948","11086","10510","10251"
"07.06.2025 17:00 - 07.06.2025 18:00","8321","8493","8629","1112","1021","1021","10536","10780","10554"
"07.06.2025 18:00 - 07.06.2025 19:00","6717","7123","7106","1182","1124","1124","10507","10507","10327"
"07.06.2025 19:00 - 07.06.2025 20:00","4496","4621","4500","1236","1224","1224","9718","10303","10180"
"07.06.2025 20:00 - 07.06.2025 21:00","2094","2077","2085","1260","1267","1267","8724","9787","9690"
"07.06.2025 21:00 - 07.06.2025 22:00","483","489","487","1234","1261","1261","8332","9261","9191"
"07.06.2025 22:00 - 07.06.2025 23:00","0","0","0","1162","1231","1231","8594","9920","9898"
"07.06.2025 23:00 - 08.06.2025 00:00","0","0","0","1136","1179","1179","9188","10529","10488"
"08.06.2025 00:00 - 08.06.2025 01:00","0","0","0","1203","1203","1203","10867","11337","12540"
"08.06.2025 01:00 - 08.06.2025 02:00","0","0","0","1151","1151","1151","11286","11720","12871"
"08.06.2025 02:00 - 08.06.2025 03:00","0","0","0","1101","1101","1101","11270","11678","12778"
"08.06.2025 03:00 - 08.06.2025 04:00","0","0","0","1071","1071","1071","11147","11529","12600"
"08.06.2025 04:00 - 08.06.2025 05:00","0","0","0","1019","1019","1019","10899","11265","12284"
"08.06.2025 05:00 - 08.06.2025 06:00","0","0","0","933","933","933","10186","10541","11474"
"08.06.2025 06:00 - 08.06.2025 07:00","15","14","14","809","809","809","9345","9690","10499"
"08.06.2025 07:00 - 08.06.2025 08:00","1159","1039","1039","662","662","662","8398","8679","9395"
"08.06.2025 08:00 - 08.06.2025 09:00","3654","3454","3454","464","450","450","7175","6985","7516"
"08.06.2025 09:00 - 08.06.2025 10:00","7627","7379","7379","207","201","201","6923","6814","7252"
"08.06.2025 10:00 - 08.06.2025 11:00","11769","11575","10779","162","160","160","6946","6756","5520"
"08.06.2025 11:00 - 08.06.2025 12:00","14803","14740","14094","143","125","125","6887","7056","6153"
"08.06.2025 12:00 - 08.06.2025 13:00","16804","16817","16285","129","102","102","6972","7633","6911"
"08.06.2025 13:00 - 08.06.2025 14:00","17635","17719","17407","115","90","90","7213","8012","7411"
"08.06.2025 14:00 - 08.06.2025 15:00","17607","17613","17751","113","93","93","7589","8117","7625"
"08.06.2025 15:00 - 08.06.2025 16:00","17063","17279","17428","107","116","116","7967","8502","8114"
"08.06.2025 16:00 - 08.06.2025 17:00","15975","15772","15841","117","144","144","7951","8538","8222"
"08.06.2025 17:00 - 08.06.2025 18:00","13653","13566","13420","182","207","207","7492","7936","7654"
"08.06.2025 18:00 - 08.06.2025 19:00","10192","10185","10201","353","334","334","6549","6833","6539"
"08.06.2025 19:00 - 08.06.2025 20:00","6126","6189","6117","406","357","357","5282","5435","5137"
"08.06.2025 20:00 - 08.06.2025 21:00","2680","2706","2707","433","375","375","3789","3846","3560"
"08.06.2025 21:00 - 08.06.2025 22:00","596","595","598","441","380","380","3194","3168","2891"
"08.06.2025 22:00 - 08.06.2025 23:00","0","0","0","445","372","372","3137","3011","2734"
"08.06.2025 23:00 - 09.06.2025 00:00","0","0","0","422","345","345","3123","2964","2693"
"09.06.2025 00:00 - 09.06.2025 01:00","0","0","0","269","269","269","1967","2432","2701"
"09.06.2025 01:00 - 09.06.2025 02:00","0","0","0","224","224","224","1922","2345","2569"
"09.06.2025 02:00 - 09.06.2025 03:00","0","0","0","196","196","196","1881","2272","2468"
"09.06.2025 03:00 - 09.06.2025 04:00","0","0","0","184","184","184","1832","2202","2385"
"09.06.2025 04:00 - 09.06.2025 05:00","0","0","0","164","164","164","1732","2088","2252"
"09.06.2025 05:00 - 09.06.2025 06:00","0","0","0","137","137","137","1661","2005","2141"
"09.06.2025 06:00 - 09.06.2025 07:00","22","22","22","109","109","109","1589","1916","2025"
"09.06.2025 07:00 - 09.06.2025 08:00","1296","1335","1335","87","87","87","1463","2028","1863"
"09.06.2025 08:00 - 09.06.2025 09:00","3932","4126","4126","73","86","86","1405","1882","1688"
"09.06.2025 09:00 - 09.06.2025 10:00","8227","8399","8399","62","84","84","824","1165","1025"
"09.06.2025 10:00 - 09.06.2025 11:00","12600","12754","13072","52","68","68","735","1023","1022"
"09.06.2025 11:00 - 09.06.2025 12:00","15941","16057","16320","33","34","34","805","1117","1094"
"09.06.2025 12:00 - 09.06.2025 13:00","17952","18149","18548","30","30","30","880","1256","1233"
"09.06.2025 13:00 - 09.06.2025 14:00","18803","19014","19437","29","29","29","922","1411","1395"
"09.06.2025 14:00 - 09.06.2025 15:00","18859","19398","19520","29","28","28","924","1446","1432"
"09.06.2025 15:00 - 09.06.2025 16:00","18057","18614","18770","27","19","19","904","1424","1400"
"09.06.2025 16:00 - 09.06.2025 17:00","16207","16779","17175","20","16","16","949","1398","1377"
"09.06.2025 17:00 - 09.06.2025 18:00","13679","14088","14558","23","18","18","917","1385","1358"
"09.06.2025 18:00 - 09.06.2025 19:00","10280","10555","10851","27","24","24","854","1288","1260"
"09.06.2025 19:00 - 09.06.2025 20:00","6131","6286","6540","32","33","33","813","1168","1146"
"09.06.2025 20:00 - 09.06.2025 21:00","2615","2699","2830","37","41","41","735","1030","1014"
"09.06.2025 21:00 - 09.06.2025 22:00","580","592","613","43","47","47","771","1049","1035"
"09.06.2025 22:00 - 09.06.2025 23:00","0","0","0","53","54","54","871","1049","1032"
"09.06.2025 23:00 - 10.06.2025 00:00","0","0","0","68","67","67","918","1089","1070"
"10.06.2025 00:00 - 10.06.2025 01:00","0","0","0","73","73","73","973","1033","1106"
"10.06.2025 01:00 - 10.06.2025 02:00","0","0","0","95","95","95","1192","1255","1350"
"10.06.2025 02:00 - 10.06.2025 03:00","0","0","0","128","128","128","1466","1523","1651"
"10.06.2025 03:00 - 10.06.2025 04:00","0","0","0","163","163","163","1719","1771","1934"
"10.06.2025 04:00 - 10.06.2025 05:00","0","0","0","192","192","192","1908","1958","2150"
"10.06.2025 05:00 - 10.06.2025 06:00","0","0","0","217","217","217","2000","2048","2265"
"10.06.2025 06:00 - 10.06.2025 07:00","20","21","21","238","238","238","1950","1996","2233"
"10.06.2025 07:00 - 10.06.2025 08:00","1189","1299","1299","254","254","254","1978","2556","2278"
"10.06.2025 08:00 - 10.06.2025 09:00","3562","4010","4010","270","284","284","1936","2331","1968"
"10.06.2025 09:00 - 10.06.2025 10:00","7519","8118","8118","275","356","356","1522","1779","1485"
"10.06.2025 10:00 - 10.06.2025 11:00","11812","12238","12563","268","332","332","1468","1789","1963"
"10.06.2025 11:00 - 10.06.2025 12:00","15115","15256","15406","254","307","307","1859","2294","2421"
"10.06.2025 12:00 - 10.06.2025 13:00","17107","17104","17271","256","302","302","2255","2764","2870"
"10.06.2025 13:00 - 10.06.2025 14:00","17921","17975","18149","264","305","305","2693","3177","3271"
"10.06.2025 14:00 - 10.06.2025 15:00","17872","18044","18148","268","302","302","2899","3460","3542"
"10.06.2025 15:00 - 10.06.2025 16:00","17061","17294","17546","269","307","307","3144","3694","3772"
"10.06.2025 16:00 - 10.06.2025 17:00","15588","15658","15950","258","307","307","3407","3881","3965"
"10.06.2025 17:00 - 10.06.2025 18:00","13175","13198","13140","239","292","292","3369","3791","3874"
"10.06.2025 18:00 - 10.06.2025 19:00","9917","9997","10032","221","273","273","3140","3569","3651"
"10.06.2025 19:00 - 10.06.2025 20:00","5934","6049","5961","200","252","252","2633","3083","3165"
"10.06.2025 20:00 - 10.06.2025 21:00","2592","2629","2587","174","229","229","2116","2395","2479"
"10.06.2025 21:00 - 10.06.2025 22:00","572","581","578","161","208","208","2082","2226","2300"
"10.06.2025 22:00 - 10.06.2025 23:00","0","0","0","163","185","185","2378","2521","2568"
"10.06.2025 23:00 - 11.06.2025 00:00","0","0","0","199","212","212","2564","2568","2606"
"11.06.2025 00:00 - 11.06.2025 01:00","0","0","0","201","201","201","2015","2190","2390"
"11.06.2025 01:00 - 11.06.2025 02:00","0","0","0","260","260","260","1915","2061","2320"
"11.06.2025 02:00 - 11.06.2025 03:00","0","0","0","286","286","286","2136","2255","2540"
"11.06.2025 03:00 - 11.06.2025 04:00","0","0","0","294","294","294","2341","2440","2734"
"11.06.2025 04:00 - 11.06.2025 05:00","0","0","0","302","302","302","2343","2440","2741"
"11.06.2025 05:00 - 11.06.2025 06:00","0","0","0","302","302","302","2469","2585","2887"
"11.06.2025 06:00 - 11.06.2025 07:00","20","21","21","307","307","307","2662","2793","3100"
"11.06.2025 07:00 - 11.06.2025 08:00","1177","1289","1289","316","316","316","2750","3743","3199"
"11.06.2025 08:00 - 11.06.2025 09:00","3481","3964","3964","318","312","312","2750","3561","2881"
"11.06.2025 09:00 - 11.06.2025 10:00","7301","7891","7891","320","342","342","1977","2240","2071"
"11.06.2025 10:00 - 11.06.2025 11:00","11144","11936","12298","316","344","344","1423","1851","1921"
"11.06.2025 11:00 - 11.06.2025 12:00","14371","14908","15310","333","337","337","1598","2113","2139"
"11.06.2025 12:00 - 11.06.2025 13:00","16498","16695","17216","311","306","306","2101","2298","2305"
"11.06.2025 13:00 - 11.06.2025 14:00","17656","17783","18104","187","184","184","2686","2443","2450"
"11.06.2025 14:00 - 11.06.2025 15:00","17794","18067","18094","284","259","259","2789","2342","2323"
"11.06.2025 15:00 - 11.06.2025 16:00","17007","17122","17331","589","450","450","2594","2272","2136"
"11.06.2025 16:00 - 11.06.2025 17:00","15434","15587","15476","651","548","548","2646","2652","2550"
"11.06.2025 17:00 - 11.06.2025 18:00","12843","12922","12716","695","639","639","2807","2974","2917"
"11.06.2025 18:00 - 11.06.2025 19:00","9572","9625","9586","713","709","709","2985","3275","3270"
"11.06.2025 19:00 - 11.06.2025 20:00","5524","5755","5680","775","765","765","3260","3440","3429"
"11.06.2025 20:00 - 11.06.2025 21:00","2399","2416","2443","822","853","853","3583","3729","3757"
"11.06.2025 21:00 - 11.06.2025 22:00","509","523","526","893","912","912","4414","5044","5061"
"11.06.2025 22:00 - 11.06.2025 23:00","0","0","0","943","941","941","6530","7137","7132"
"11.06.2025 23:00 - 12.06.2025 00:00","0","0","0","941","941","941","7813","8235","8234"
"12.06.2025 00:00 - 12.06.2025 01:00","0","0","0","897","897","897","7684","7759","8656"
"12.06.2025 01:00 - 12.06.2025 02:00","0","0","0","862","862","862","7628","7704","8566"
"12.06.2025 02:00 - 12.06.2025 03:00","0","0","0","784","784","784","7668","7745","8529"
"12.06.2025 03:00 - 12.06.2025 04:00","0","0","0","726","726","726","8160","8236","8962"
"12.06.2025 04:00 - 12.06.2025 05:00","0","0","0","641","641","641","8099","8167","8808"
"12.06.2025 05:00 - 12.06.2025 06:00","0","0","0","599","599","599","7553","7626","8225"
"12.06.2025 06:00 - 12.06.2025 07:00","23","24","24","531","531","531","7160","7229","7760"
"12.06.2025 07:00 - 12.06.2025 08:00","1014","1072","1072","445","445","445","6741","7119","7260"
"12.06.2025 08:00 - 12.06.2025 09:00","2918","3213","3213","368","452","452","7096","7153","7087"
"12.06.2025 09:00 - 12.06.2025 10:00","6030","6546","6546","317","339","339","4420","4612","4473"
"12.06.2025 10:00 - 12.06.2025 11:00","9496","9866","10597","266","269","269","3727","3409","3088"
"12.06.2025 11:00 - 12.06.2025 12:00","12189","12578","13610","191","212","212","3999","3600","3410"
"12.06.2025 12:00 - 12.06.2025 13:00","14277","14677","15489","160","171","171","3956","4053","3904"
"12.06.2025 13:00 - 12.06.2025 14:00","15885","15931","16552","106","126","126","3855","3912","3825"
"12.06.2025 14:00 - 12.06.2025 15:00","16411","16525","16689","92","79","79","3883","3634","3513"
"12.06.2025 15:00 - 12.06.2025 16:00","15847","15586","15998","135","127","127","4228","3522","3435"
"12.06.2025 16:00 - 12.06.2025 17:00","14562","14156","14426","287","278","278","3790","3262","3192"
"12.06.2025 17:00 - 12.06.2025 18:00","12170","11751","12031","273","351","351","3412","3114","3136"
"12.06.2025 18:00 - 12.06.2025 19:00","9152","8969","8976","284","384","384","2938","2840","2895"
"12.06.2025 19:00 - 12.06.2025 20:00","5532","5452","5345","291","343","343","2337","2370","2387"
"12.06.2025 20:00 - 12.06.2025 21:00","2409","2326","2282","237","288","288","1907","1801","1816"
"12.06.2025 21:00 - 12.06.2025 22:00","559","541","518","218","225","225","1652","1642","1622"
"12.06.2025 22:00 - 12.06.2025 23:00","0","0","0","209","191","191","1745","1902","1859"
"12.06.2025 23:00 - 13.06.2025 00:00","0","0","0","198","186","186","1919","2054","2023"
"13.06.2025 00:00 - 13.06.2025 01:00","0","0","0","209","209","209","1714","1973","1973"
"13.06.2025 01:00 - 13.06.2025 02:00","0","0","0","194","194","194","1765","2005","2005"
"13.06.2025 02:00 - 13.06.2025 03:00","0","0","0","179","179","179","1767","1991","1991"
"13.06.2025 03:00 - 13.06.2025 04:00","0","0","0","150","150","150","1795","2007","2007"
"13.06.2025 04:00 - 13.06.2025 05:00","0","0","0","106","106","106","1877","2081","2081"
"13.06.2025 05:00 - 13.06.2025 06:00","0","0","0","77","77","77","1976","2173","2173"
"13.06.2025 06:00 - 13.06.2025 07:00","21","21","21","48","48","48","2087","2280","2280"
"13.06.2025 07:00 - 13.06.2025 08:00","1124","1188","1188","32","32","32","2145","2119","2299"
"13.06.2025 08:00 - 13.06.2025 09:00","3354","3652","3652","27","27","27","2215","2235","2342"
"13.06.2025 09:00 - 13.06.2025 10:00","7027","7447","7447","35","35","35","1391","1507","1506"
"13.06.2025 10:00 - 13.06.2025 11:00","10990","11275","11976","50","50","50","1021","1273","1143"
"13.06.2025 11:00 - 13.06.2025 12:00","14000","14268","15205","53","53","53","1253","1529","1388"
"13.06.2025 12:00 - 13.06.2025 13:00","15800","16285","16967","64","64","64","1559","1867","1732"
"13.06.2025 13:00 - 13.06.2025 14:00","16733","17277","17678","84","84","84","1847","2055","2035"
"13.06.2025 14:00 - 13.06.2025 15:00","16658","17347","17249","95","95","95","2028","2093","2213"
"13.06.2025 15:00 - 13.06.2025 16:00","15890","16623","16441","182","182","182","2017","1930","2191"
"13.06.2025 16:00 - 13.06.2025 17:00","14145","14853","14830","217","217","217","2171","1971","2353"
"13.06.2025 17:00 - 13.06.2025 18:00","11820","12462","12340","347","347","347","2516","2091","2698"
"13.06.2025 18:00 - 13.06.2025 19:00","8755","9290","9214","532","532","532","2311","2102","2486"
"13.06.2025 19:00 - 13.06.2025 20:00","5184","5468","5398","549","549","549","2486","1992","2656"
"13.06.2025 20:00 - 13.06.2025 21:00","2264","2316","2314","538","538","538","2896","2262","3053"
"13.06.2025 21:00 - 13.06.2025 22:00","500","520","526","438","438","438","2956","3238","3099"
"13.06.2025 22:00 - 13.06.2025 23:00","0","0","0","375","375","375","3406","3342","3540"
"13.06.2025 23:00 - 14.06.2025 00:00","0","0","0","392","392","392","3834","3597","3968"
"14.06.2025 00:00 - 14.06.2025 01:00","0","0","0","295","295","295","4519","4788","5082"
"14.06.2025 01:00 - 14.06.2025 02:00","0","0","0","323","323","323","4509","4753","5076"
"14.06.2025 02:00 - 14.06.2025 03:00","0","0","0","385","385","385","4060","4282","4667"
"14.06.2025 03:00 - 14.06.2025 04:00","0","0","0","439","439","439","3978","4185","4624"
"14.06.2025 04:00 - 14.06.2025 05:00","0","0","0","461","461","461","4054","4245","4706"
"14.06.2025 05:00 - 14.06.2025 06:00","0","0","0","466","466","466","4377","4554","5020"
"14.06.2025 06:00 - 14.06.2025 07:00","23","23","23","477","477","477","4167","4335","4811"
"14.06.2025 07:00 - 14.06.2025 08:00","977","989","989","476","476","476","3747","4536","4382"
"14.06.2025 08:00 - 14.06.2025 09:00","2817","3036","3036","453","527","527","3282","3959","3361"
"14.06.2025 09:00 - 14.06.2025 10:00","5746","6140","6140","409","429","429","2258","2246","2385"
"14.06.2025 10:00 - 14.06.2025 11:00","8987","9191","9136","312","315","315","1976","1892","2295"
"14.06.2025 11:00 - 14.06.2025 12:00","10858","11376","11220","109","112","112","1899","1895","2231"
"14.06.2025 12:00 - 14.06.2025 13:00","12440","12428","13223","72","73","73","2087","1769","2056"
"14.06.2025 13:00 - 14.06.2025 14:00","12949","13107","13677","53","59","59","2373","1707","1966"
"14.06.2025 14:00 - 14.06.2025 15:00","13266","13188","13787","57","58","58","2567","1770","1979"
"14.06.2025 15:00 - 14.06.2025 16:00","12678","12517","13594","86","94","94","2769","2010","2186"
"14.06.2025 16:00 - 14.06.2025 17:00","11639","11334","12191","137","139","139","2818","2092","2243"
"14.06.2025 17:00 - 14.06.2025 18:00","9545","9387","10373","215","172","172","2263","2247","2336"
"14.06.2025 18:00 - 14.06.2025 19:00","7225","7104","7561","234","165","165","1994","2284","2339"
"14.06.2025 19:00 - 14.06.2025 20:00","4325","4216","4502","188","160","160","1948","2123","2210"
"14.06.2025 20:00 - 14.06.2025 21:00","1885","1842","1879","158","143","143","1928","2395","2488"
"14.06.2025 21:00 - 14.06.2025 22:00","450","424","424","149","135","135","1885","2229","2321"
"14.06.2025 22:00 - 14.06.2025 23:00","0","0","0","148","139","139","2059","2333","2418"
"14.06.2025 23:00 - 15.06.2025 00:00","0","0","0","140","137","137","2247","2524","2612"
"15.06.2025 00:00 - 15.06.2025 01:00","0","0","0","174","174","174","2040","2286","2460"
"15.06.2025 01:00 - 15.06.2025 02:00","0","0","0","185","185","185","2307","2529","2713"
"15.06.2025 02:00 - 15.06.2025 03:00","0","0","0","196","196","196","2064","2269","2464"
"15.06.2025 03:00 - 15.06.2025 04:00","0","0","0","199","199","199","2011","2201","2400"
"15.06.2025 04:00 - 15.06.2025 05:00","0","0","0","197","197","197","1903","2084","2281"
"15.06.2025 05:00 - 15.06.2025 06:00","0","0","0","195","195","195","1783","1954","2149"
"15.06.2025 06:00 - 15.06.2025 07:00","17","17","17","199","199","199","1753","1917","2116"
"15.06.2025 07:00 - 15.06.2025 08:00","879","772","772","191","191","191","1700","1909","2050"
"15.06.2025 08:00 - 15.06.2025 09:00","2582","2447","2447","185","202","202","1398","1331","1535"
"15.06.2025 09:00 - 15.06.2025 10:00","5129","5006","5006","183","180","180","1473","1194","1627"
"15.06.2025 10:00 - 15.06.2025 11:00","7866","7512","6444","180","180","180","1714","1378","1657"
"15.06.2025 11:00 - 15.06.2025 12:00","9356","9347","8329","164","156","156","1920","1651","1884"
"15.06.2025 12:00 - 15.06.2025 13:00","11013","10612","9522","98","94","94","2555","2284","2488"
"15.06.2025 13:00 - 15.06.2025 14:00","11998","11697","10432","111","105","105","3191","2671","2855"
"15.06.2025 14:00 - 15.06.2025 15:00","12206","11933","11103","119","115","115","3900","3211","3381"
"15.06.2025 15:00 - 15.06.2025 16:00","12485","12278","11757","169","159","159","4176","3932","4080"
"15.06.2025 16:00 - 15.06.2025 17:00","11687","11512","11528","326","306","306","4463","4495","4621"
"15.06.2025 17:00 - 15.06.2025 18:00","10396","10127","10023","393","401","401","4888","4768","4912"
"15.06.2025 18:00 - 15.06.2025 19:00","8769","8281","8187","470","490","490","5166","4806","4954"
"15.06.2025 19:00 - 15.06.2025 20:00","5536","5292","5335","553","565","565","5067","4612","4746"
"15.06.2025 20:00 - 15.06.2025 21:00","2580","2426","2475","554","592","592","4513","4612","4766"
"15.06.2025 21:00 - 15.06.2025 22:00","617","609","615","520","544","544","4189","4352","4488"
"15.06.2025 22:00 - 15.06.2025 23:00","0","0","0","486","506","506","4494","4656","4784"
"15.06.2025 23:00 - 16.06.2025 00:00","0","0","0","480","476","476","4772","4975","5076"
"16.06.2025 00:00 - 16.06.2025 01:00","0","0","0","366","366","366","4044","4240","4606"
"16.06.2025 01:00 - 16.06.2025 02:00","0","0","0","322","322","322","3831","4015","4337"
"16.06.2025 02:00 - 16.06.2025 03:00","0","0","0","271","271","271","3606","3779","4050"
"16.06.2025 03:00 - 16.06.2025 04:00","0","0","0","224","224","224","3503","3664","3888"
"16.06.2025 04:00 - 16.06.2025 05:00","0","0","0","178","178","178","3398","3553","3731"
"16.06.2025 05:00 - 16.06.2025 06:00","0","0","0","145","145","145","3148","3300","3444"
"16.06.2025 06:00 - 16.06.2025 07:00","26","24","24","115","115","115","2859","3007","3121"
"16.06.2025 07:00 - 16.06.2025 08:00","1328","1295","1295","85","85","85","2452","2242","2680"
"16.06.2025 08:00 - 16.06.2025 09:00","4066","3996","3996","60","62","62","2023","1872","2151"
"16.06.2025 09:00 - 16.06.2025 10:00","8353","8204","8204","41","52","52","1342","1306","1437"
"16.06.2025 10:00 - 16.06.2025 11:00","12766","12687","12790","25","31","31","1449","1408","1641"
"16.06.2025 11:00 - 16.06.2025 12:00","16083","16069","16032","13","16","16","1539","1526","1712"
"16.06.2025 12:00 - 16.06.2025 13:00","18317","18288","18239","8","9","9","1609","1685","1842"
"16.06.2025 13:00 - 16.06.2025 14:00","19332","19336","19160","9","9","9","1657","1765","1904"
"16.06.2025 14:00 - 16.06.2025 15:00","19475","19438","19353","12","11","11","1728","1822","1942"
"16.06.2025 15:00 - 16.06.2025 16:00","18915","18865","18712","18","15","15","1827","1896","2000"
"16.06.2025 16:00 - 16.06.2025 17:00","17380","17257","17124","28","26","26","1945","1984","2081"
"16.06.2025 17:00 - 16.06.2025 18:00","14774","14723","14604","39","43","43","2116","2073","2170"
"16.06.2025 18:00 - 16.06.2025 19:00","11139","11080","11062","56","64","64","2292","2193","2289"
"16.06.2025 19:00 - 16.06.2025 20:00","6727","6727","6749","85","103","103","2395","2349","2451"
"16.06.2025 20:00 - 16.06.2025 21:00","2961","2962","2981","116","143","143","2388","2359","2465"
"16.06.2025 21:00 - 16.06.2025 22:00","682","679","684","135","160","160","2607","2692","2793"
"16.06.2025 22:00 - 16.06.2025 23:00","0","0","0","144","173","173","3241","3328","3431"
"16.06.2025 23:00 - 17.06.2025 00:00","0","0","0","151","193","193","3578","3719","3833"
"17.06.2025 00:00 - 17.06.2025 01:00","0","0","0","177","177","177","3587","3552","3729"
"17.06.2025 01:00 - 17.06.2025 02:00","0","0","0","181","181","181","3327","3296","3478"
"17.06.2025 02:00 - 17.06.2025 03:00","0","0","0","176","176","176","3022","2995","3171"
"17.06.2025 03:00 - 17.06.2025 04:00","0","0","0","156","156","156","2831","2807","2963"
"17.06.2025 04:00 - 17.06.2025 05:00","0","0","0","133","133","133","2670","2650","2783"
"17.06.2025 05:00 - 17.06.2025 06:00","0","0","0","118","118","118","2475","2457","2574"
"17.06.2025 06:00 - 17.06.2025 07:00","30","31","31","108","108","108","2370","2354","2462"
"17.06.2025 07:00 - 17.06.2025 08:00","1382","1410","1410","90","90","90","2268","2389","2342"
"17.06.2025 08:00 - 17.06.2025 09:00","4133","4247","4247","64","72","72","2196","2208","2172"
"17.06.2025 09:00 - 17.06.2025 10:00","8432","8583","8583","37","43","43","1213","1293","1192"
"17.06.2025 10:00 - 17.06.2025 11:00","12826","12943","13374","19","22","22","1003","1024","1040"
"17.06.2025 11:00 - 17.06.2025 12:00","16214","16193","16673","9","9","9","1073","1147","1157"
"17.06.2025 12:00 - 17.06.2025 13:00","18389","18361","18771","6","5","5","1235","1319","1335"
"17.06.2025 13:00 - 17.06.2025 14:00","19407","19612","19779","7","9","9","1339","1426","1446"
"17.06.2025 14:00 - 17.06.2025 15:00","19643","19745","19921","13","17","17","1286","1391","1414"
"17.06.2025 15:00 - 17.06.2025 16:00","18952","19232","19333","35","38","38","1269","1336","1352"
"17.06.2025 16:00 - 17.06.2025 17:00","17432","17627","17715","59","70","70","1310","1366","1382"
"17.06.2025 17:00 - 17.06.2025 18:00","14865","15061","15122","98","114","114","1344","1428","1450"
"17.06.2025 18:00 - 17.06.2025 19:00","11114","11274","11457","148","175","175","1477","1507","1540"
"17.06.2025 19:00 - 17.06.2025 20:00","6747","6773","6935","216","244","244","1788","1741","1776"
"17.06.2025 20:00 - 17.06.2025 21:00","2971","2995","3055","270","307","307","2337","2102","2145"
"17.06.2025 21:00 - 17.06.2025 22:00","681","688","702","287","336","336","3011","2821","2874"
"17.06.2025 22:00 - 17.06.2025 23:00","0","0","0","290","336","336","3616","3340","3391"
"17.06.2025 23:00 - 18.06.2025 00:00","0","0","0","301","321","321","3792","3626","3649"
"18.06.2025 00:00 - 18.06.2025 01:00","0","0","0","269","269","269","3490","3399","3668"
"18.06.2025 01:00 - 18.06.2025 02:00","0","0","0","256","256","256","3338","3260","3516"
"18.06.2025 02:00 - 18.06.2025 03:00","0","0","0","258","258","258","3059","2990","3248"
"18.06.2025 03:00 - 18.06.2025 04:00","0","0","0","247","247","247","3015","2953","3200"
"18.06.2025 04:00 - 18.06.2025 05:00","0","0","0","226","226","226","2783","2726","2952"
"18.06.2025 05:00 - 18.06.2025 06:00","0","0","0","210","210","210","2614","2560","2770"
"18.06.2025 06:00 - 18.06.2025 07:00","28","27","27","205","205","205","2369","2319","2523"
"18.06.2025 07:00 - 18.06.2025 08:00","1372","1396","1396","185","185","185","2112","2179","2249"
"18.06.2025 08:00 - 18.06.2025 09:00","4146","4255","4255","150","148","148","2009","1798","1966"
"18.06.2025 09:00 - 18.06.2025 10:00","8511","8662","8662","116","115","115","1122","1065","1083"
"18.06.2025 10:00 - 18.06.2025 11:00","12965","13109","13176","88","88","88","892","824","848"
"18.06.2025 11:00 - 18.06.2025 12:00","16401","16429","16515","68","69","69","968","900","911"
"18.06.2025 12:00 - 18.06.2025 13:00","18508","18511","18608","47","50","50","1168","1091","1101"
"18.06.2025 13:00 - 18.06.2025 14:00","19538","19537","19610","31","36","36","1337","1280","1291"
"18.06.2025 14:00 - 18.06.2025 15:00","19559","19676","19750","25","30","30","1407","1403","1415"
"18.06.2025 15:00 - 18.06.2025 16:00","18971","19070","19144","55","31","31","1458","1482","1464"
"18.06.2025 16:00 - 18.06.2025 17:00","17452","17470","17612","85","49","49","1529","1553","1522"
"18.06.2025 17:00 - 18.06.2025 18:00","14886","14942","14985","111","70","70","1660","1676","1641"
"18.06.2025 18:00 - 18.06.2025 19:00","11064","11217","11333","145","107","107","1869","1832","1801"
"18.06.2025 19:00 - 18.06.2025 20:00","6703","6795","6874","227","182","182","2129","2003","1964"
"18.06.2025 20:00 - 18.06.2025 21:00","2960","2978","3038","293","253","253","2487","2244","2209"
"18.06.2025 21:00 - 18.06.2025 22:00","685","690","699","382","337","337","3309","3010","2969"
"18.06.2025 22:00 - 18.06.2025 23:00","0","0","0","486","425","425","4404","4113","4056"
"18.06.2025 23:00 - 19.06.2025 00:00","0","0","0","544","520","520","4873","4502","4482"
"19.06.2025 00:00 - 19.06.2025 01:00","0","0","0","462","462","462","4162","4069","4531"
"19.06.2025 01:00 - 19.06.2025 02:00","0","0","0","490","490","490","4310","4230","4719"
"19.06.2025 02:00 - 19.06.2025 03:00","0","0","0","507","507","507","4239","4166","4673"
"19.06.2025 03:00 - 19.06.2025 04:00","0","0","0","522","522","522","4289","4223","4745"
"19.06.2025 04:00 - 19.06.2025 05:00","0","0","0","531","531","531","4183","4122","4653"
"19.06.2025 05:00 - 19.06.2025 06:00","0","0","0","540","540","540","4073","4017","4557"
"19.06.2025 06:00 - 19.06.2025 07:00","30","31","31","555","555","555","4070","4019","4574"
"19.06.2025 07:00 - 19.06.2025 08:00","1381","1421","1421","538","538","538","3870","4389","4359"
"19.06.2025 08:00 - 19.06.2025 09:00","4163","4289","4289","465","385","385","4068","3808","4102"
"19.06.2025 09:00 - 19.06.2025 10:00","8458","8627","8627","386","288","288","1956","1938","2010"
"19.06.2025 10:00 - 19.06.2025 11:00","12780","12919","13250","334","228","228","1555","1652","1440"
"19.06.2025 11:00 - 19.06.2025 12:00","15867","16101","16460","328","220","220","1694","1839","1634"
"19.06.2025 12:00 - 19.06.2025 13:00","18012","18112","18276","326","257","257","2042","2080","1918"
"19.06.2025 13:00 - 19.06.2025 14:00","18986","19062","19211","349","312","312","2350","2187","2063"
"19.06.2025 14:00 - 19.06.2025 15:00","19055","19169","19255","407","395","395","2484","2117","2025"
"19.06.2025 15:00 - 19.06.2025 16:00","18576","18656","18627","497","460","460","2601","2186","2073"
"19.06.2025 16:00 - 19.06.2025 17:00","17077","17117","17146","592","580","580","2723","2253","2169"
"19.06.2025 17:00 - 19.06.2025 18:00","14601","14549","14605","711","680","680","2841","2519","2419"
"19.06.2025 18:00 - 19.06.2025 19:00","10950","11009","11049","825","812","812","3113","2937","2858"
"19.06.2025 19:00 - 19.06.2025 20:00","6623","6556","6661","877","930","930","3532","3322","3312"
"19.06.2025 20:00 - 19.06.2025 21:00","2922","2858","2927","908","950","950","3751","3523","3504"
"19.06.2025 21:00 - 19.06.2025 22:00","665","652","670","911","939","939","4425","4270","4238"
"19.06.2025 22:00 - 19.06.2025 23:00","0","0","0","924","937","937","5481","5513","5468"
"19.06.2025 23:00 - 20.06.2025 00:00","0","0","0","935","959","959","6216","6323","6286"
"20.06.2025 00:00 - 20.06.2025 01:00","0","0","0","919","919","919","5821","6001","6920"
"20.06.2025 01:00 - 20.06.2025 02:00","0","0","0","920","920","920","5822","5985","6905"
"20.06.2025 02:00 - 20.06.2025 03:00","0","0","0","846","846","846","5773","5924","6770"
"20.06.2025 03:00 - 20.06.2025 04:00","0","0","0","713","713","713","5708","5848","6561"
"20.06.2025 04:00 - 20.06.2025 05:00","0","0","0","608","608","608","5648","5781","6389"
"20.06.2025 05:00 - 20.06.2025 06:00","0","0","0","518","518","518","5563","5690","6207"
"20.06.2025 06:00 - 20.06.2025 07:00","30","31","31","451","451","451","5049","5169","5620"
"20.06.2025 07:00 - 20.06.2025 08:00","1313","1351","1351","390","390","390","4323","4622","4828"
"20.06.2025 08:00 - 20.06.2025 09:00","3961","4090","4090","340","362","362","3691","3735","3781"
"20.06.2025 09:00 - 20.06.2025 10:00","8090","8336","8336","296","331","331","1676","1872","1752"
"20.06.2025 10:00 - 20.06.2025 11:00","12245","12625","12457","272","297","297","1157","1423","1472"
"20.06.2025 11:00 - 20.06.2025 12:00","15429","15776","15653","257","276","276","1093","1398","1420"
"20.06.2025 12:00 - 20.06.2025 13:00","17537","17776","17725","271","246","246","1264","1509","1481"
"20.06.2025 13:00 - 20.06.2025 14:00","18594","18837","18751","295","236","236","1567","1690","1629"
"20.06.2025 14:00 - 20.06.2025 15:00","18644","19012","18899","360","279","279","1547","1737","1656"
"20.06.2025 15:00 - 20.06.2025 16:00","18120","18420","18316","409","367","367","1523","1671","1625"
"20.06.2025 16:00 - 20.06.2025 17:00","16755","16930","16820","469","482","482","1517","1551","1558"
"20.06.2025 17:00 - 20.06.2025 18:00","14268","14372","14421","475","598","598","1583","1492","1609"
"20.06.2025 18:00 - 20.06.2025 19:00","10791","10940","10965","494","651","651","1686","1525","1675"
"20.06.2025 19:00 - 20.06.2025 20:00","6500","6606","6675","412","674","674","1972","1702","1957"
"20.06.2025 20:00 - 20.06.2025 21:00","2871","2895","2942","502","646","646","2146","1962","2100"
"20.06.2025 21:00 - 20.06.2025 22:00","662","674","680","568","596","596","2766","2692","2714"
"20.06.2025 22:00 - 20.06.2025 23:00","0","0","0","589","575","575","3631","3662","3645"
"20.06.2025 23:00 - 21.06.2025 00:00","0","0","0","531","567","567","4169","4185","4216"
"21.06.2025 00:00 - 21.06.2025 01:00","0","0","0","466","466","466","4099","4115","4581"
"21.06.2025 01:00 - 21.06.2025 02:00","0","0","0","414","414","414","4184","4195","4608"
"21.06.2025 02:00 - 21.06.2025 03:00","0","0","0","429","429","429","4075","4081","4509"
"21.06.2025 03:00 - 21.06.2025 04:00","0","0","0","467","467","467","4081","4085","4552"
"21.06.2025 04:00 - 21.06.2025 05:00","0","0","0","484","484","484","4042","4044","4528"
"21.06.2025 05:00 - 21.06.2025 06:00","0","0","0","490","490","490","3950","3950","4439"
"21.06.2025 06:00 - 21.06.2025 07:00","31","31","31","462","462","462","3869","3868","4329"
"21.06.2025 07:00 - 21.06.2025 08:00","1393","1366","1366","377","377","377","3635","3339","4010"
"21.06.2025 08:00 - 21.06.2025 09:00","4186","4154","4154","365","418","418","3284","2868","3228"
"21.06.2025 09:00 - 21.06.2025 10:00","8466","8443","8443","375","385","385","2313","1772","2300"
"21.06.2025 10:00 - 21.06.2025 11:00","12721","12676","12486","377","273","273","1198","923","1007"
"21.06.2025 11:00 - 21.06.2025 12:00","15900","15876","15699","380","254","254","1129","941","976"
"21.06.2025 12:00 - 21.06.2025 13:00","17902","17942","17784","320","280","280","1173","1054","1160"
"21.06.2025 13:00 - 21.06.2025 14:00","18971","18924","18843","247","240","240","1408","1264","1412"
"21.06.2025 14:00 - 21.06.2025 15:00","19137","19059","19069","223","226","226","1515","1268","1419"
"21.06.2025 15:00 - 21.06.2025 16:00","18493","18402","18453","237","237","237","1416","1119","1211"
"21.06.2025 16:00 - 21.06.2025 17:00","16912","16943","17021","382","285","285","1211","1066","1046"
"21.06.2025 17:00 - 21.06.2025 18:00","14289","14357","14405","457","432","432","987","732","796"
"21.06.2025 18:00 - 21.06.2025 19:00","10712","10691","10831","594","592","592","869","711","837"
"21.06.2025 19:00 - 21.06.2025 20:00","6351","6455","6449","681","761","761","1033","725","929"
"21.06.2025 20:00 - 21.06.2025 21:00","2796","2812","2833","833","827","827","1106","887","1005"
"21.06.2025 21:00 - 21.06.2025 22:00","633","641","646","956","888","888","1519","1262","1316"
"21.06.2025 22:00 - 21.06.2025 23:00","0","0","0","979","953","953","2612","2382","2477"
"21.06.2025 23:00 - 22.06.2025 00:00","0","0","0","941","929","929","3715","3496","3602"
"22.06.2025 00:00 - 22.06.2025 01:00","0","0","0","820","820","820","4531","4505","5325"
"22.06.2025 01:00 - 22.06.2025 02:00","0","0","0","733","733","733","4695","4670","5403"
"22.06.2025 02:00 - 22.06.2025 03:00","0","0","0","676","676","676","4595","4569","5244"
"22.06.2025 03:00 - 22.06.2025 04:00","0","0","0","619","619","619","4566","4541","5160"
"22.06.2025 04:00 - 22.06.2025 05:00","0","0","0","556","556","556","4230","4205","4760"
"22.06.2025 05:00 - 22.06.2025 06:00","0","0","0","470","470","470","3791","3766","4236"
"22.06.2025 06:00 - 22.06.2025 07:00","29","29","29","385","385","385","3319","3295","3680"
"22.06.2025 07:00 - 22.06.2025 08:00","1260","1145","1145","306","306","306","3034","3737","3315"
"22.06.2025 08:00 - 22.06.2025 09:00","3699","3509","3509","252","249","249","2399","2743","2377"
"22.06.2025 09:00 - 22.06.2025 10:00","7524","7076","7076","193","215","215","1839","1758","1792"
"22.06.2025 10:00 - 22.06.2025 11:00","11301","10753","10576","70","64","64","1310","1463","1702"
"22.06.2025 11:00 - 22.06.2025 12:00","14127","13910","13582","61","59","59","1431","1618","1776"
"22.06.2025 12:00 - 22.06.2025 13:00","16362","16055","15745","52","63","63","1639","1768","1906"
"22.06.2025 13:00 - 22.06.2025 14:00","17520","17270","16862","50","80","80","1911","2030","2165"
"22.06.2025 14:00 - 22.06.2025 15:00","18027","17744","17318","95","95","95","2200","2306","2396"
"22.06.2025 15:00 - 22.06.2025 16:00","17332","16958","16787","147","139","139","2612","2494","2566"
"22.06.2025 16:00 - 22.06.2025 17:00","15874","15606","15347","233","215","215","3065","2895","2945"
"22.06.2025 17:00 - 22.06.2025 18:00","13545","13233","13032","443","399","399","3209","3147","3165"
"22.06.2025 18:00 - 22.06.2025 19:00","9953","9790","9745","587","508","508","3239","3156","3137"
"22.06.2025 19:00 - 22.06.2025 20:00","5930","5863","5874","626","643","643","3239","3313","3385"
"22.06.2025 20:00 - 22.06.2025 21:00","2578","2585","2588","668","708","708","3147","3245","3337"
"22.06.2025 21:00 - 22.06.2025 22:00","613","612","618","683","703","703","3094","3258","3328"
"22.06.2025 22:00 - 22.06.2025 23:00","0","0","0","670","696","696","3433","3880","3953"
"22.06.2025 23:00 - 23.06.2025 00:00","0","0","0","706","671","671","3596","3920","3931"
"23.06.2025 00:00 - 23.06.2025 01:00","0","0","0","739","739","739","3520","3818","4556"
"23.06.2025 01:00 - 23.06.2025 02:00","0","0","0","782","782","782","3661","3931","4713"
"23.06.2025 02:00 - 23.06.2025 03:00","0","0","0","818","818","818","3770","4019","4837"
"23.06.2025 03:00 - 23.06.2025 04:00","0","0","0","857","857","857","3936","4173","5030"
"23.06.2025 04:00 - 23.06.2025 05:00","0","0","0","886","886","886","4235","4461","5347"
"23.06.2025 05:00 - 23.06.2025 06:00","0","0","0","908","908","908","4870","5086","5994"
"23.06.2025 06:00 - 23.06.2025 07:00","22","24","24","919","919","919","5151","5359","6278"
"23.06.2025 07:00 - 23.06.2025 08:00","1251","1198","1198","841","841","841","5033","6045","6076"
"23.06.2025 08:00 - 23.06.2025 09:00","3768","3666","3666","656","647","647","5216","5053","5422"
"23.06.2025 09:00 - 23.06.2025 10:00","7651","7376","7376","571","518","518","6595","6333","6842"
"23.06.2025 10:00 - 23.06.2025 11:00","11627","11147","10459","490","434","434","7138","6636","5985"
"23.06.2025 11:00 - 23.06.2025 12:00","14513","13997","13390","354","317","317","7432","6808","6354"
"23.06.2025 12:00 - 23.06.2025 13:00","16347","15767","15201","130","96","96","8358","7684","7321"
"23.06.2025 13:00 - 23.06.2025 14:00","17052","16856","16331","129","94","94","9253","9003","8694"
"23.06.2025 14:00 - 23.06.2025 15:00","17225","16896","17102","130","94","94","9540","9609","9342"
"23.06.2025 15:00 - 23.06.2025 16:00","16883","16630","16641","223","185","185","9237","9430","9195"
"23.06.2025 16:00 - 23.06.2025 17:00","15799","15671","15742","484","464","464","8766","8717","8526"
"23.06.2025 17:00 - 23.06.2025 18:00","13511","13416","13521","511","502","502","8346","8068","7906"
"23.06.2025 18:00 - 23.06.2025 19:00","10350","10348","10452","530","525","525","7733","7541","7397"
"23.06.2025 19:00 - 23.06.2025 20:00","6380","6294","6356","555","547","547","6842","6432","6294"
"23.06.2025 20:00 - 23.06.2025 21:00","2877","2850","2844","568","541","541","5512","5233","5084"
"23.06.2025 21:00 - 23.06.2025 22:00","683","682","680","565","529","529","4532","4231","4081"
"23.06.2025 22:00 - 23.06.2025 23:00","0","0","0","550","521","521","4361","4209","4074"
"23.06.2025 23:00 - 24.06.2025 00:00","0","0","0","512","502","502","4091","4171","4062"
"24.06.2025 00:00 - 24.06.2025 01:00","0","0","0","472","472","472","3156","4094","4566"
"24.06.2025 01:00 - 24.06.2025 02:00","0","0","0","418","418","418","2915","3745","4163"
"24.06.2025 02:00 - 24.06.2025 03:00","0","0","0","347","347","347","2720","3450","3797"
"24.06.2025 03:00 - 24.06.2025 04:00","0","0","0","286","286","286","2402","3062","3348"
"24.06.2025 04:00 - 24.06.2025 05:00","0","0","0","244","244","244","1996","2599","2843"
"24.06.2025 05:00 - 24.06.2025 06:00","0","0","0","226","226","226","1705","2270","2496"
"24.06.2025 06:00 - 24.06.2025 07:00","31","31","31","232","232","232","1578","2113","2345"
"24.06.2025 07:00 - 24.06.2025 08:00","1368","1381","1381","247","247","247","1616","2353","2383"
"24.06.2025 08:00 - 24.06.2025 09:00","4131","4164","4164","256","284","284","1249","1807","1728"
"24.06.2025 09:00 - 24.06.2025 10:00","8289","8400","8400","252","295","295","1357","1981","1795"
"24.06.2025 10:00 - 24.06.2025 11:00","12524","12516","12982","245","294","294","1707","2288","2320"
"24.06.2025 11:00 - 24.06.2025 12:00","15547","15634","16073","234","291","291","1669","2518","2561"
"24.06.2025 12:00 - 24.06.2025 13:00","17431","17619","18057","212","278","278","1670","2680","2731"
"24.06.2025 13:00 - 24.06.2025 14:00","18318","18479","19034","195","247","247","1913","2981","3020"
"24.06.2025 14:00 - 24.06.2025 15:00","18404","18509","18897","176","225","225","2330","3337","3372"
"24.06.2025 15:00 - 24.06.2025 16:00","17630","17857","18136","158","220","220","2619","3614","3670"
"24.06.2025 16:00 - 24.06.2025 17:00","16176","16262","16390","144","210","210","2776","3657","3717"
"24.06.2025 17:00 - 24.06.2025 18:00","13509","13641","13735","145","210","210","2635","3548","3609"
"24.06.2025 18:00 - 24.06.2025 19:00","10179","10291","10361","148","222","222","2387","3063","3133"
"24.06.2025 19:00 - 24.06.2025 20:00","6079","6176","6229","145","230","230","1966","2501","2582"
"24.06.2025 20:00 - 24.06.2025 21:00","2689","2687","2742","133","218","218","1464","1928","2010"
"24.06.2025 21:00 - 24.06.2025 22:00","619","622","635","128","202","202","1253","1547","1618"
"24.06.2025 22:00 - 24.06.2025 23:00","0","0","0","120","179","179","1469","1830","1887"
"24.06.2025 23:00 - 25.06.2025 00:00","0","0","0","122","160","160","1522","2024","2058"
"25.06.2025 00:00 - 25.06.2025 01:00","0","0","0","123","123","123","1688","1922","2045"
"25.06.2025 01:00 - 25.06.2025 02:00","0","0","0","109","109","109","1558","1772","1881"
"25.06.2025 02:00 - 25.06.2025 03:00","0","0","0","95","95","95","1583","1778","1873"
"25.06.2025 03:00 - 25.06.2025 04:00","0","0","0","82","82","82","1574","1759","1841"
"25.06.2025 04:00 - 25.06.2025 05:00","0","0","0","63","63","63","1610","1785","1847"
"25.06.2025 05:00 - 25.06.2025 06:00","0","0","0","51","51","51","1614","1781","1832"
"25.06.2025 06:00 - 25.06.2025 07:00","28","27","27","44","44","44","1419","1574","1617"
"25.06.2025 07:00 - 25.06.2025 08:00","1237","1189","1189","30","30","30","1316","1419","1481"
"25.06.2025 08:00 - 25.06.2025 09:00","3718","3670","3670","24","13","13","1162","1304","1292"
"25.06.2025 09:00 - 25.06.2025 10:00","7555","7513","7513","23","25","25","933","1112","1031"
"25.06.2025 10:00 - 25.06.2025 11:00","11449","11565","11172","33","39","39","754","793","776"
"25.06.2025 11:00 - 25.06.2025 12:00","14257","14651","14257","28","34","34","849","863","851"
"25.06.2025 12:00 - 25.06.2025 13:00","16491","16641","16359","27","23","23","964","1050","1030"
"25.06.2025 13:00 - 25.06.2025 14:00","17768","17886","17608","44","32","32","1093","1252","1217"
"25.06.2025 14:00 - 25.06.2025 15:00","17931","18184","17864","76","61","61","1372","1373","1340"
"25.06.2025 15:00 - 25.06.2025 16:00","17209","17436","17433","141","90","90","1584","1641","1577"
"25.06.2025 16:00 - 25.06.2025 17:00","15675","16138","16147","176","130","130","1939","2074","2020"
"25.06.2025 17:00 - 25.06.2025 18:00","13209","13654","13766","190","169","169","2431","2285","2254"
"25.06.2025 18:00 - 25.06.2025 19:00","9723","10083","10164","208","211","211","2868","2236","2231"
"25.06.2025 19:00 - 25.06.2025 20:00","5769","5970","6007","221","227","227","2640","2510","2510"
"25.06.2025 20:00 - 25.06.2025 21:00","2453","2569","2555","263","230","230","2521","2586","2548"
"25.06.2025 21:00 - 25.06.2025 22:00","552","571","568","262","248","248","2983","3176","3162"
"25.06.2025 22:00 - 25.06.2025 23:00","0","0","0","243","259","259","3843","3884","3901"
"25.06.2025 23:00 - 26.06.2025 00:00","0","0","0","253","255","255","5308","4760","4763"
"26.06.2025 00:00 - 26.06.2025 01:00","0","0","0","178","178","178","3015","3280","3458"
"26.06.2025 01:00 - 26.06.2025 02:00","0","0","0","196","196","196","3419","3620","3816"
"26.06.2025 02:00 - 26.06.2025 03:00","0","0","0","262","262","262","4257","4400","4662"
"26.06.2025 03:00 - 26.06.2025 04:00","0","0","0","318","318","318","5399","5520","5837"
"26.06.2025 04:00 - 26.06.2025 05:00","0","0","0","394","394","394","5674","5784","6178"
"26.06.2025 05:00 - 26.06.2025 06:00","0","0","0","440","440","440","6083","6185","6625"
"26.06.2025 06:00 - 26.06.2025 07:00","18","18","18","481","481","481","6975","7071","7552"
"26.06.2025 07:00 - 26.06.2025 08:00","1102","956","956","509","509","509","6992","7191","7592"
"26.06.2025 08:00 - 26.06.2025 09:00","3320","3034","3034","497","513","513","7314","6616","7384"
"26.06.2025 09:00 - 26.06.2025 10:00","6678","6337","6337","536","535","535","7587","7487","7671"
"26.06.2025 10:00 - 26.06.2025 11:00","9769","9747","9336","547","566","566","7846","7838","7058"
"26.06.2025 11:00 - 26.06.2025 12:00","11926","12448","12326","559","619","619","8715","7667","7191"
"26.06.2025 12:00 - 26.06.2025 13:00","13692","14580","14301","568","638","638","9622","7988","7660"
"26.06.2025 13:00 - 26.06.2025 14:00","14535","15662","15584","596","643","643","10277","8918","8647"
"26.06.2025 14:00 - 26.06.2025 15:00","14876","15839","16342","615","649","649","10581","9100","8880"
"26.06.2025 15:00 - 26.06.2025 16:00","14743","15713","16155","657","657","657","10877","9376","9168"
"26.06.2025 16:00 - 26.06.2025 17:00","13994","14647","15269","651","635","635","11143","9985","9791"
"26.06.2025 17:00 - 26.06.2025 18:00","12461","12760","13131","637","585","585","10813","9941","9732"
"26.06.2025 18:00 - 26.06.2025 19:00","9682","9876","10093","590","544","544","9912","9616","9434"
"26.06.2025 19:00 - 26.06.2025 20:00","6009","6022","6152","514","502","502","8609","9310","9178"
"26.06.2025 20:00 - 26.06.2025 21:00","2766","2674","2723","476","453","453","7298","7567","7439"
"26.06.2025 21:00 - 26.06.2025 22:00","631","623","624","428","398","398","5994","6001","5880"
"26.06.2025 22:00 - 26.06.2025 23:00","0","0","0","369","339","339","5515","5263","5149"
"26.06.2025 23:00 - 27.06.2025 00:00","0","0","0","322","281","281","5598","5162","5042"
"27.06.2025 00:00 - 27.06.2025 01:00","0","0","0","233","233","233","4440","4432","4665"
"27.06.2025 01:00 - 27.06.2025 02:00","0","0","0","220","220","220","4129","4129","4349"
"27.06.2025 02:00 - 27.06.2025 03:00","0","0","0","190","190","190","3802","3777","3966"
"27.06.2025 03:00 - 27.06.2025 04:00","0","0","0","170","170","170","3507","3523","3692"
"27.06.2025 04:00 - 27.06.2025 05:00","0","0","0","153","153","153","3272","3294","3447"
"27.06.2025 05:00 - 27.06.2025 06:00","0","0","0","141","141","141","3022","3024","3164"
"27.06.2025 06:00 - 27.06.2025 07:00","13","20","20","136","136","136","2765","2774","2910"
"27.06.2025 07:00 - 27.06.2025 08:00","770","1165","1165","132","132","132","2503","2338","2633"
"27.06.2025 08:00 - 27.06.2025 09:00","2782","3631","3631","123","244","244","2188","1829","2028"
"27.06.2025 09:00 - 27.06.2025 10:00","6116","7398","7398","131","312","312","1941","2036","1787"
"27.06.2025 10:00 - 27.06.2025 11:00","9948","11229","11143","167","315","315","1894","2361","2326"
"27.06.2025 11:00 - 27.06.2025 12:00","13081","14054","14062","205","309","309","2007","2841","2823"
"27.06.2025 12:00 - 27.06.2025 13:00","15392","16036","15862","225","289","289","2320","3257","3229"
"27.06.2025 13:00 - 27.06.2025 14:00","16825","17375","17134","219","257","257","2624","3655","3619"
"27.06.2025 14:00 - 27.06.2025 15:00","17427","17631","17270","198","214","214","2867","3986","3943"
"27.06.2025 15:00 - 27.06.2025 16:00","17360","17340","17158","161","166","166","3092","4080","4035"
"27.06.2025 16:00 - 27.06.2025 17:00","16504","15976","16020","120","130","130","3211","3824","3791"
"27.06.2025 17:00 - 27.06.2025 18:00","14694","13822","13970","100","132","132","3160","3439","3433"
"27.06.2025 18:00 - 27.06.2025 19:00","11729","10515","10671","105","164","164","3011","3134","3161"
"27.06.2025 19:00 - 27.06.2025 20:00","7886","6418","6498","131","170","170","2748","2783","2798"
"27.06.2025 20:00 - 27.06.2025 21:00","4134","2849","2893","160","193","193","2299","2227","2240"
"27.06.2025 21:00 - 27.06.2025 22:00","1456","654","662","176","205","205","1934","2053","2059"
"27.06.2025 22:00 - 27.06.2025 23:00","243","0","0","162","183","183","1975","2234","2232"
"27.06.2025 23:00 - 28.06.2025 00:00","0","0","0","171","164","164","2134","2369","2341"
"28.06.2025 00:00 - 28.06.2025 01:00","0","0","0","203","203","203","2242","2271","2474"
"28.06.2025 01:00 - 28.06.2025 02:00","0","0","0","232","232","232","2133","2163","2395"
"28.06.2025 02:00 - 28.06.2025 03:00","0","0","0","239","239","239","2073","2103","2342"
"28.06.2025 03:00 - 28.06.2025 04:00","0","0","0","233","233","233","2014","2042","2275"
"28.06.2025 04:00 - 28.06.2025 05:00","0","0","0","217","217","217","1896","1923","2140"
"28.06.2025 05:00 - 28.06.2025 06:00","0","0","0","201","201","201","1757","1785","1986"
"28.06.2025 06:00 - 28.06.2025 07:00","26","25","25","189","189","189","1604","1630","1820"
"28.06.2025 07:00 - 28.06.2025 08:00","1348","1325","1325","173","173","173","1513","1710","1713"
"28.06.2025 08:00 - 28.06.2025 09:00","4135","4081","4081","154","140","140","1375","1504","1418"
"28.06.2025 09:00 - 28.06.2025 10:00","8429","8314","8314","137","129","129","1084","1213","1118"
"28.06.2025 10:00 - 28.06.2025 11:00","12676","12488","12411","123","123","123","1324","1258","1262"
"28.06.2025 11:00 - 28.06.2025 12:00","15900","15689","15602","111","117","117","1512","1388","1394"
"28.06.2025 12:00 - 28.06.2025 13:00","17814","17756","17752","98","110","110","1529","1500","1510"
"28.06.2025 13:00 - 28.06.2025 14:00","18913","18732","18798","86","95","95","1490","1443","1451"
"28.06.2025 14:00 - 28.06.2025 15:00","19089","18871","18920","76","90","90","1495","1383","1398"
"28.06.2025 15:00 - 28.06.2025 16:00","18518","18434","18390","84","93","93","1542","1397","1407"
"28.06.2025 16:00 - 28.06.2025 17:00","16996","16979","17046","97","98","98","1572","1467","1464"
"28.06.2025 17:00 - 28.06.2025 18:00","14404","14562","14630","114","114","114","1624","1599","1596"
"28.06.2025 18:00 - 28.06.2025 19:00","10763","10998","11059","137","134","134","1723","1733","1728"
"28.06.2025 19:00 - 28.06.2025 20:00","6505","6582","6676","155","162","162","1859","1910","1915"
"28.06.2025 20:00 - 28.06.2025 21:00","2853","2869","2933","176","195","195","1984","2156","2173"
"28.06.2025 21:00 - 28.06.2025 22:00","641","648","654","192","221","221","2387","2593","2619"
"28.06.2025 22:00 - 28.06.2025 23:00","0","0","0","201","241","241","3349","3521","3559"
"28.06.2025 23:00 - 29.06.2025 00:00","0","0","0","201","249","249","3786","4124","4170"
"29.06.2025 00:00 - 29.06.2025 01:00","0","0","0","223","223","223","3577","3555","3777"
"29.06.2025 01:00 - 29.06.2025 02:00","0","0","0","228","228","228","3453","3443","3671"
"29.06.2025 02:00 - 29.06.2025 03:00","0","0","0","243","243","243","3221","3214","3457"
"29.06.2025 03:00 - 29.06.2025 04:00","0","0","0","244","244","244","3119","3115","3358"
"29.06.2025 04:00 - 29.06.2025 05:00","0","0","0","230","230","230","2813","2812","3042"
"29.06.2025 05:00 - 29.06.2025 06:00","0","0","0","211","211","211","2589","2592","2803"
"29.06.2025 06:00 - 29.06.2025 07:00","25","25","25","196","196","196","2401","2408","2603"
"29.06.2025 07:00 - 29.06.2025 08:00","1328","1317","1317","170","170","170","2131","2500","2309"
"29.06.2025 08:00 - 29.06.2025 09:00","4074","4084","4084","138","169","169","1803","1952","1782"
"29.06.2025 09:00 - 29.06.2025 10:00","8328","8292","8292","107","127","127","1028","1117","1019"
"29.06.2025 10:00 - 29.06.2025 11:00","12577","12490","12656","79","93","93","881","1003","1205"
"29.06.2025 11:00 - 29.06.2025 12:00","15702","15607","15878","57","65","65","795","917","1061"
"29.06.2025 12:00 - 29.06.2025 13:00","17790","17629","17915","39","41","41","747","868","975"
"29.06.2025 13:00 - 29.06.2025 14:00","18869","18667","18935","25","26","26","774","880","968"
"29.06.2025 14:00 - 29.06.2025 15:00","19084","18929","19077","16","18","18","811","910","987"
"29.06.2025 15:00 - 29.06.2025 16:00","18453","18351","18481","37","16","16","900","982","1026"
"29.06.2025 16:00 - 29.06.2025 17:00","16924","16958","17017","65","26","26","1011","1084","1104"
"29.06.2025 17:00 - 29.06.2025 18:00","14476","14503","14491","91","44","44","1134","1223","1231"
"29.06.2025 18:00 - 29.06.2025 19:00","10937","10929","10943","136","80","80","1317","1401","1397"
"29.06.2025 19:00 - 29.06.2025 20:00","6551","6582","6584","135","142","142","1622","1612","1668"
"29.06.2025 20:00 - 29.06.2025 21:00","2867","2864","2881","164","214","214","1774","1762","1857"
"29.06.2025 21:00 - 29.06.2025 22:00","637","642","645","201","277","277","2147","2255","2374"
"29.06.2025 22:00 - 29.06.2025 23:00","0","0","0","228","342","342","3013","3351","3505"
"29.06.2025 23:00 - 30.06.2025 00:00","0","0","0","264","370","370","3512","4186","4332"
"30.06.2025 00:00 - 30.06.2025 01:00","0","0","0","335","335","335","4424","4431","4766"
"30.06.2025 01:00 - 30.06.2025 02:00","0","0","0","349","349","349","4461","4469","4818"
"30.06.2025 02:00 - 30.06.2025 03:00","0","0","0","372","372","372","4232","4240","4612"
"30.06.2025 03:00 - 30.06.2025 04:00","0","0","0","362","362","362","3947","3956","4318"
"30.06.2025 04:00 - 30.06.2025 05:00","0","0","0","323","323","323","3665","3675","3998"
"30.06.2025 05:00 - 30.06.2025 06:00","0","0","0","284","284","284","3510","3521","3805"
"30.06.2025 06:00 - 30.06.2025 07:00","24","24","24","259","259","259","3350","3361","3620"
"30.06.2025 07:00 - 30.06.2025 08:00","1324","1317","1317","214","214","214","2954","3474","3179"
"30.06.2025 08:00 - 30.06.2025 09:00","4101","4108","4108","152","157","157","2676","3014","2681"
"30.06.2025 09:00 - 30.06.2025 10:00","8347","8395","8395","101","102","102","1183","1386","1192"
"30.06.2025 10:00 - 30.06.2025 11:00","12634","12592","12894","73","73","73","789","913","930"
"30.06.2025 11:00 - 30.06.2025 12:00","15778","15776","16036","60","72","72","665","783","797"
"30.06.2025 12:00 - 30.06.2025 13:00","17826","17822","18062","52","80","80","602","706","730"
"30.06.2025 13:00 - 30.06.2025 14:00","18770","18713","18967","55","82","82","593","651","668"
"30.06.2025 14:00 - 30.06.2025 15:00","18890","18906","18937","60","82","82","646","676","687"
"30.06.2025 15:00 - 30.06.2025 16:00","18244","18173","18259","69","85","85","747","753","753"
"30.06.2025 16:00 - 30.06.2025 17:00","16712","16779","16704","97","97","97","805","824","806"
"30.06.2025 17:00 - 30.06.2025 18:00","14238","14159","14208","135","119","119","816","849","813"
"30.06.2025 18:00 - 30.06.2025 19:00","10751","10706","10736","229","122","122","717","826","697"
"30.06.2025 19:00 - 30.06.2025 20:00","6494","6448","6502","222","133","133","787","879","770"
"30.06.2025 20:00 - 30.06.2025 21:00","2855","2828","2850","169","201","201","936","946","962"
"30.06.2025 21:00 - 30.06.2025 22:00","630","629","632","240","311","311","1061","1076","1133"
"30.06.2025 22:00 - 30.06.2025 23:00","0","0","0","321","386","386","1503","1282","1335"
"30.06.2025 23:00 - 01.07.2025 00:00","0","0","0","407","368","368","1575","1483","1434"
"01.07.2025 00:00 - 01.07.2025 01:00","0","0","0","441","441","441","1485","1493","1934"
"01.07.2025 01:00 - 01.07.2025 02:00","0","0","0","459","459","459","1356","1360","1819"
"01.07.2025 02:00 - 01.07.2025 03:00","0","0","0","441","441","441","1285","1285","1726"
"01.07.2025 03:00 - 01.07.2025 04:00","0","0","0","378","378","378","1398","1396","1774"
"01.07.2025 04:00 - 01.07.2025 05:00","0","0","0","347","347","347","1352","1349","1696"
"01.07.2025 05:00 - 01.07.2025 06:00","0","0","0","302","302","302","1256","1251","1553"
"01.07.2025 06:00 - 01.07.2025 07:00","23","23","23","237","237","237","1222","1217","1454"
"01.07.2025 07:00 - 01.07.2025 08:00","1313","1232","1232","169","169","169","1276","1468","1441"
"01.07.2025 08:00 - 01.07.2025 09:00","4085","3933","3933","129","151","151","1187","1171","1160"
"01.07.2025 09:00 - 01.07.2025 10:00","8357","8171","8171","119","125","125","974","1065","963"
"01.07.2025 10:00 - 01.07.2025 11:00","12651","12519","12478","102","111","111","586","566","494"
"01.07.2025 11:00 - 01.07.2025 12:00","15823","15789","15691","107","126","126","640","555","515"
"01.07.2025 12:00 - 01.07.2025 13:00","17841","17876","17784","110","143","143","756","729","724"
"01.07.2025 13:00 - 01.07.2025 14:00","18865","18976","18844","106","146","146","886","898","905"
"01.07.2025 14:00 - 01.07.2025 15:00","19018","19109","19055","107","135","135","1077","1167","1168"
"01.07.2025 15:00 - 01.07.2025 16:00","18354","18408","18474","168","154","154","1146","1272","1240"
"01.07.2025 16:00 - 01.07.2025 17:00","16826","16819","16907","206","191","191","1211","1227","1199"
"01.07.2025 17:00 - 01.07.2025 18:00","14271","14216","14316","238","239","239","1340","1244","1236"
"01.07.2025 18:00 - 01.07.2025 19:00","10814","10694","10829","258","276","276","1449","1371","1383"
"01.07.2025 19:00 - 01.07.2025 20:00","6521","6462","6483","232","340","340","1690","1500","1602"
"01.07.2025 20:00 - 01.07.2025 21:00","2829","2812","2835","216","374","374","1847","1654","1806"
"01.07.2025 21:00 - 01.07.2025 22:00","624","620","621","226","371","371","1941","1811","1951"
"01.07.2025 22:00 - 01.07.2025 23:00","0","0","0","264","379","379","2095","1874","1983"
"01.07.2025 23:00 - 02.07.2025 00:00","0","0","0","337","411","411","2106","1835","1905"
"02.07.2025 00:00 - 02.07.2025 01:00","0","0","0","396","396","396","1643","1627","2023"
"02.07.2025 01:00 - 02.07.2025 02:00","0","0","0","405","405","405","1943","1929","2333"
"02.07.2025 02:00 - 02.07.2025 03:00","0","0","0","402","402","402","2043","2031","2433"
"02.07.2025 03:00 - 02.07.2025 04:00","0","0","0","412","412","412","2112","2101","2513"
"02.07.2025 04:00 - 02.07.2025 05:00","0","0","0","405","405","405","2069","2059","2464"
"02.07.2025 05:00 - 02.07.2025 06:00","0","0","0","371","371","371","2031","2022","2393"
"02.07.2025 06:00 - 02.07.2025 07:00","22","23","23","368","368","368","1814","1806","2174"
"02.07.2025 07:00 - 02.07.2025 08:00","1291","1181","1181","371","371","371","1615","2065","1978"
"02.07.2025 08:00 - 02.07.2025 09:00","3998","3702","3702","372","355","355","1253","1490","1262"
"02.07.2025 09:00 - 02.07.2025 10:00","8117","7553","7553","400","390","390","810","1114","815"
"02.07.2025 10:00 - 02.07.2025 11:00","12070","11601","11165","431","468","468","669","929","1353"
"02.07.2025 11:00 - 02.07.2025 12:00","14929","14514","14171","432","538","538","884","1159","1562"
"02.07.2025 12:00 - 02.07.2025 13:00","16919","16356","16089","456","643","643","1206","1569","2002"
"02.07.2025 13:00 - 02.07.2025 14:00","17828","17222","17276","471","698","698","2036","2142","2585"
"02.07.2025 14:00 - 02.07.2025 15:00","17835","17453","17566","549","718","718","3131","3003","3364"
"02.07.2025 15:00 - 02.07.2025 16:00","17110","16783","17220","708","744","744","4331","4305","4509"
"02.07.2025 16:00 - 02.07.2025 17:00","15602","15219","15720","803","750","750","5029","5638","5738"
"02.07.2025 17:00 - 02.07.2025 18:00","13069","12883","13105","842","775","775","6530","5907","5981"
"02.07.2025 18:00 - 02.07.2025 19:00","9979","9762","10029","868","828","828","5843","6429","6521"
"02.07.2025 19:00 - 02.07.2025 20:00","6076","5931","6007","900","902","902","6855","7058","7184"
"02.07.2025 20:00 - 02.07.2025 21:00","2660","2596","2626","929","959","959","6660","7160","7309"
"02.07.2025 21:00 - 02.07.2025 22:00","600","586","578","934","954","954","6283","6380","6514"
"02.07.2025 22:00 - 02.07.2025 23:00","0","0","0","884","919","919","6801","6803","6947"
"02.07.2025 23:00 - 03.07.2025 00:00","0","0","0","819","872","872","6764","6805","6964"
"03.07.2025 00:00 - 03.07.2025 01:00","0","0","0","902","902","902","6676","6492","7394"
"03.07.2025 01:00 - 03.07.2025 02:00","0","0","0","845","845","845","6370","6209","7053"
"03.07.2025 02:00 - 03.07.2025 03:00","0","0","0","776","776","776","6202","6059","6835"
"03.07.2025 03:00 - 03.07.2025 04:00","0","0","0","698","698","698","5909","5778","6475"
"03.07.2025 04:00 - 03.07.2025 05:00","0","0","0","612","612","612","5537","5418","6030"
"03.07.2025 05:00 - 03.07.2025 06:00","0","0","0","540","540","540","5180","5067","5607"
"03.07.2025 06:00 - 03.07.2025 07:00","18","19","19","474","474","474","4781","4675","5150"
"03.07.2025 07:00 - 03.07.2025 08:00","1212","1082","1082","394","394","394","4268","4399","4563"
"03.07.2025 08:00 - 03.07.2025 09:00","3830","3526","3526","314","327","327","3657","3369","3553"
"03.07.2025 09:00 - 03.07.2025 10:00","7759","7362","7362","246","253","253","3015","2855","2923"
"03.07.2025 10:00 - 03.07.2025 11:00","11624","11136","11078","162","180","180","2529","2513","2555"
"03.07.2025 11:00 - 03.07.2025 12:00","14307","14092","13973","110","126","126","2179","2204","2227"
"03.07.2025 12:00 - 03.07.2025 13:00","16354","16287","15866","83","92","92","2025","2045","2055"
"03.07.2025 13:00 - 03.07.2025 14:00","17781","17449","16836","70","95","95","1954","1931","1953"
"03.07.2025 14:00 - 03.07.2025 15:00","17991","17866","17205","113","130","130","1892","1877","1890"
"03.07.2025 15:00 - 03.07.2025 16:00","17558","17444","16862","188","204","204","1985","1916","1926"
"03.07.2025 16:00 - 03.07.2025 17:00","16178","16073","15627","261","299","299","2238","2113","2144"
"03.07.2025 17:00 - 03.07.2025 18:00","13944","13756","13342","337","378","378","2585","2455","2489"
"03.07.2025 18:00 - 03.07.2025 19:00","10525","10390","10166","385","409","409","2924","2775","2791"
"03.07.2025 19:00 - 03.07.2025 20:00","6389","6302","6165","386","412","412","3288","3066","3085"
"03.07.2025 20:00 - 03.07.2025 21:00","2813","2781","2727","448","433","433","3404","3262","3238"
"03.07.2025 21:00 - 03.07.2025 22:00","611","608","594","528","483","483","3582","3739","3684"
"03.07.2025 22:00 - 03.07.2025 23:00","0","0","0","523","494","494","4775","4981","4944"
"03.07.2025 23:00 - 04.07.2025 00:00","0","0","0","507","455","455","5404","5617","5557"
"04.07.2025 00:00 - 04.07.2025 01:00","0","0","0","456","456","456","5501","5450","5501"
"04.07.2025 01:00 - 04.07.2025 02:00","0","0","0","447","447","447","5471","5453","5471"
"04.07.2025 02:00 - 04.07.2025 03:00","0","0","0","414","414","414","5312","5288","5312"
"04.07.2025 03:00 - 04.07.2025 04:00","0","0","0","396","396","396","5124","5108","5124"
"04.07.2025 04:00 - 04.07.2025 05:00","0","0","0","358","358","358","4826","4801","4826"
"04.07.2025 05:00 - 04.07.2025 06:00","0","0","0","323","323","323","4334","4298","4334"
"04.07.2025 06:00 - 04.07.2025 07:00","13","13","13","305","305","305","3831","3798","3831"
"04.07.2025 07:00 - 04.07.2025 08:00","795","763","763","294","294","294","3330","3383","3330"
"04.07.2025 08:00 - 04.07.2025 09:00","2971","2897","2897","232","232","232","2886","2900","2886"
"04.07.2025 09:00 - 04.07.2025 10:00","6698","6531","6531","142","142","142","1999","2023","1999"
"04.07.2025 10:00 - 04.07.2025 11:00","11004","10818","10440","90","90","90","1467","1505","1467"
"04.07.2025 11:00 - 04.07.2025 12:00","14649","14444","13960","58","58","58","1486","1543","1486"
"04.07.2025 12:00 - 04.07.2025 13:00","17161","17083","16495","35","35","35","1515","1561","1515"
"04.07.2025 13:00 - 04.07.2025 14:00","18548","18518","17973","27","27","27","1439","1452","1439"
"04.07.2025 14:00 - 04.07.2025 15:00","18971","18809","18486","36","36","36","1366","1340","1366"
"04.07.2025 15:00 - 04.07.2025 16:00","18495","18428","18160","51","51","51","1412","1315","1412"
"04.07.2025 16:00 - 04.07.2025 17:00","17196","17064","16925","84","84","84","1479","1349","1479"
"04.07.2025 17:00 - 04.07.2025 18:00","14870","14732","14624","130","130","130","1522","1447","1522"
"04.07.2025 18:00 - 04.07.2025 19:00","11686","11594","11465","198","198","198","1597","1592","1597"
"04.07.2025 19:00 - 04.07.2025 20:00","7787","7755","7593","272","272","272","1790","1801","1790"
"04.07.2025 20:00 - 04.07.2025 21:00","4017","4025","3904","327","327","327","1981","2035","1981"
"04.07.2025 21:00 - 04.07.2025 22:00","1377","1379","1348","339","339","339","2262","2273","2262"
"04.07.2025 22:00 - 04.07.2025 23:00","220","219","219","336","336","336","2816","2741","2816"
"04.07.2025 23:00 - 05.07.2025 00:00","0","0","0","337","337","337","3177","3153","3177"
"05.07.2025 00:00 - 05.07.2025 01:00","0","0","0","316","316","316","3193","3399","3386"
"05.07.2025 01:00 - 05.07.2025 02:00","0","0","0","314","314","314","3147","3317","3301"
"05.07.2025 02:00 - 05.07.2025 03:00","0","0","0","325","325","325","3073","3209","3189"
"05.07.2025 03:00 - 05.07.2025 04:00","0","0","0","329","329","329","3028","3156","3145"
"05.07.2025 04:00 - 05.07.2025 05:00","0","0","0","314","314","314","2999","3099","3108"
"05.07.2025 05:00 - 05.07.2025 06:00","0","0","0","311","311","311","2957","2958","2976"
"05.07.2025 06:00 - 05.07.2025 07:00","12","12","12","319","319","319","2865","2776","2806"
"05.07.2025 07:00 - 05.07.2025 08:00","780","767","767","341","341","341","2683","2375","2610"
"05.07.2025 08:00 - 05.07.2025 09:00","2891","2879","2879","389","389","389","2565","2353","2485"
"05.07.2025 09:00 - 05.07.2025 10:00","6409","6433","6433","383","383","383","1804","1707","1797"
"05.07.2025 10:00 - 05.07.2025 11:00","10460","10511","10225","392","392","392","1254","1281","1373"
"05.07.2025 11:00 - 05.07.2025 12:00","12419","12550","12299","408","408","408","1104","1255","1311"
"05.07.2025 12:00 - 05.07.2025 13:00","11903","12152","11896","408","408","408","989","1319","1260"
"05.07.2025 13:00 - 05.07.2025 14:00","12815","13084","12920","273","273","273","1466","1964","1879"
"05.07.2025 14:00 - 05.07.2025 15:00","13083","13199","13294","286","286","286","1846","2403","2277"
"05.07.2025 15:00 - 05.07.2025 16:00","12834","12826","13033","561","561","561","1890","2470","2308"
"05.07.2025 16:00 - 05.07.2025 17:00","11924","11904","12094","663","663","663","2063","2599","2465"
"05.07.2025 17:00 - 05.07.2025 18:00","13424","13590","13843","738","738","738","3562","4337","4268"
"05.07.2025 18:00 - 05.07.2025 19:00","10820","10936","11090","860","860","860","3792","4596","4497"
"05.07.2025 19:00 - 05.07.2025 20:00","7234","7245","7310","920","920","920","4059","4706","4445"
"05.07.2025 20:00 - 05.07.2025 21:00","3719","3707","3727","953","953","953","3915","4519","4230"
"05.07.2025 21:00 - 05.07.2025 22:00","1252","1247","1246","942","942","942","3640","4217","3958"
"05.07.2025 22:00 - 05.07.2025 23:00","192","195","194","886","886","886","3813","4493","3992"
"05.07.2025 23:00 - 06.07.2025 00:00","0","0","0","813","813","813","4126","4684","4152"
"06.07.2025 00:00 - 06.07.2025 01:00","0","0","0","800","800","800","4079","4152","4192"
"06.07.2025 01:00 - 06.07.2025 02:00","0","0","0","912","912","912","4097","4149","4111"
"06.07.2025 02:00 - 06.07.2025 03:00","0","0","0","873","873","873","4120","4107","4156"
"06.07.2025 03:00 - 06.07.2025 04:00","0","0","0","947","947","947","3929","4062","4101"
"06.07.2025 04:00 - 06.07.2025 05:00","0","0","0","990","990","990","3769","4040","4046"
"06.07.2025 05:00 - 06.07.2025 06:00","0","0","0","1085","1085","1085","3615","4016","3929"
"06.07.2025 06:00 - 06.07.2025 07:00","8","8","8","1000","1000","1000","3611","4179","4156"
"06.07.2025 07:00 - 06.07.2025 08:00","628","537","537","896","896","896","3938","4925","4655"
"06.07.2025 08:00 - 06.07.2025 09:00","2330","2069","2069","901","901","901","4359","5060","4863"
"06.07.2025 09:00 - 06.07.2025 10:00","5055","4709","4709","878","878","878","4563","5103","5130"
"06.07.2025 10:00 - 06.07.2025 11:00","8052","7537","6034","873","873","873","4880","5356","5591"
"06.07.2025 11:00 - 06.07.2025 12:00","10266","9761","8021","908","908","908","5584","6249","6585"
"06.07.2025 12:00 - 06.07.2025 13:00","11659","11574","9638","960","960","960","6448","7109","7742"
"06.07.2025 13:00 - 06.07.2025 14:00","12546","12612","10709","994","994","994","7387","8124","8177"
"06.07.2025 14:00 - 06.07.2025 15:00","12701","12668","11387","1044","1044","1044","8146","8732","8471"
"06.07.2025 15:00 - 06.07.2025 16:00","12371","12423","11403","1106","1106","1106","8703","9057","9092"
"06.07.2025 16:00 - 06.07.2025 17:00","11623","11632","10510","1151","1151","1151","9478","9560","10021"
"06.07.2025 17:00 - 06.07.2025 18:00","10350","10163","9000","1186","1186","1186","10185","9843","10665"
"06.07.2025 18:00 - 06.07.2025 19:00","8460","8284","7269","1208","1208","1208","10587","9616","10886"
"06.07.2025 19:00 - 06.07.2025 20:00","5957","5769","5197","1209","1209","1209","10458","9330","10639"
"06.07.2025 20:00 - 06.07.2025 21:00","3259","3130","2852","1187","1187","1187","9726","8981","9971"
"06.07.2025 21:00 - 06.07.2025 22:00","1163","1125","1023","1119","1119","1119","8696","7935","8785"
"06.07.2025 22:00 - 06.07.2025 23:00","191","184","174","1038","1038","1038","7604","7107","7573"
"06.07.2025 23:00 - 07.07.2025 00:00","0","0","0","992","992","992","6879","6710","6882"
"07.07.2025 00:00 - 07.07.2025 01:00","0","0","0","914","914","914","6278","6279","6312"
"07.07.2025 01:00 - 07.07.2025 02:00","0","0","0","958","958","958","6111","6169","6146"
"07.07.2025 02:00 - 07.07.2025 03:00","0","0","0","849","849","849","6224","6234","6259"
"07.07.2025 03:00 - 07.07.2025 04:00","0","0","0","883","883","883","6056","6133","6093"
"07.07.2025 04:00 - 07.07.2025 05:00","0","0","0","843","843","843","5674","5754","5714"
"07.07.2025 05:00 - 07.07.2025 06:00","0","0","0","844","844","844","5127","5230","5169"
"07.07.2025 06:00 - 07.07.2025 07:00","6","6","6","893","893","893","4732","4838","4774"
"07.07.2025 07:00 - 07.07.2025 08:00","624","551","551","898","898","898","4674","3995","4715"
"07.07.2025 08:00 - 07.07.2025 09:00","2455","2149","2149","949","949","949","4720","4267","4760"
"07.07.2025 09:00 - 07.07.2025 10:00","5382","4803","4803","1034","1034","1034","5016","4680","5053"
"07.07.2025 10:00 - 07.07.2025 11:00","8500","7809","6414","1039","1039","1039","5605","5219","5639"
"07.07.2025 11:00 - 07.07.2025 12:00","10817","10409","9041","1027","1027","1027","6281","5884","6312"
"07.07.2025 12:00 - 07.07.2025 13:00","12658","12381","10999","1009","1009","1009","7029","6591","7060"
"07.07.2025 13:00 - 07.07.2025 14:00","13903","13809","12529","993","993","993","7573","7270","7606"
"07.07.2025 14:00 - 07.07.2025 15:00","14438","14516","13315","902","902","902","8326","7976","8359"
"07.07.2025 15:00 - 07.07.2025 16:00","14512","14818","13613","759","759","759","9295","8853","9330"
"07.07.2025 16:00 - 07.07.2025 17:00","14207","14209","13322","613","613","613","9972","9564","10009"
"07.07.2025 17:00 - 07.07.2025 18:00","12864","12763","11971","529","529","529","10257","9693","10293"
"07.07.2025 18:00 - 07.07.2025 19:00","10584","10447","9773","543","543","543","10400","9799","10433"
"07.07.2025 19:00 - 07.07.2025 20:00","7336","7192","6784","603","603","603","10393","9741","10423"
"07.07.2025 20:00 - 07.07.2025 21:00","3877","3821","3642","717","717","717","9233","8793","9260"
"07.07.2025 21:00 - 07.07.2025 22:00","1335","1324","1279","795","795","795","7764","7560","7788"
"07.07.2025 22:00 - 07.07.2025 23:00","209","209","204","798","798","798","6686","6543","6710"
"07.07.2025 23:00 - 08.07.2025 00:00","0","0","0","747","747","747","5865","5633","5893"
"08.07.2025 00:00 - 08.07.2025 01:00","0","0","0","622","622","622","5149","4829","4928"
"08.07.2025 01:00 - 08.07.2025 02:00","0","0","0","640","640","640","4846","4604","4662"
"08.07.2025 02:00 - 08.07.2025 03:00","0","0","0","502","502","502","5198","4888","5041"
"08.07.2025 03:00 - 08.07.2025 04:00","0","0","0","584","584","584","5296","5012","5158"
"08.07.2025 04:00 - 08.07.2025 05:00","0","0","0","697","697","697","5299","5053","5176"
"08.07.2025 05:00 - 08.07.2025 06:00","0","0","0","733","733","733","5418","5200","5308"
"08.07.2025 06:00 - 08.07.2025 07:00","6","5","5","753","753","753","5578","5416","5480"
"08.07.2025 07:00 - 08.07.2025 08:00","710","685","685","715","715","715","5599","4950","5509"
"08.07.2025 08:00 - 08.07.2025 09:00","2831","2733","2733","555","555","555","5356","4800","5271"
"08.07.2025 09:00 - 08.07.2025 10:00","6478","6358","6358","410","410","410","5226","4732","5147"
"08.07.2025 10:00 - 08.07.2025 11:00","10690","10617","10309","274","274","274","5317","4879","5242"
"08.07.2025 11:00 - 08.07.2025 12:00","14354","14245","13913","168","168","168","5438","5134","5366"
"08.07.2025 12:00 - 08.07.2025 13:00","17048","16829","16603","119","119","119","5642","5542","5573"
"08.07.2025 13:00 - 08.07.2025 14:00","18415","18304","18283","99","99","99","5762","5887","5696"
"08.07.2025 14:00 - 08.07.2025 15:00","18907","18846","18943","109","109","109","5679","5875","5614"
"08.07.2025 15:00 - 08.07.2025 16:00","18858","18683","18817","141","141","141","5696","5870","5632"
"08.07.2025 16:00 - 08.07.2025 17:00","17773","17697","17842","182","182","182","5802","6083","5739"
"08.07.2025 17:00 - 08.07.2025 18:00","15670","15653","15721","216","216","216","5857","6142","5795"
"08.07.2025 18:00 - 08.07.2025 19:00","12523","12516","12492","235","235","235","5812","5838","5749"
"08.07.2025 19:00 - 08.07.2025 20:00","8363","8389","8370","254","254","254","5484","5343","5421"
"08.07.2025 20:00 - 08.07.2025 21:00","4302","4321","4313","263","263","263","4681","4481","4617"
"08.07.2025 21:00 - 08.07.2025 22:00","1444","1448","1439","251","251","251","3833","3625","3770"
"08.07.2025 22:00 - 08.07.2025 23:00","219","219","217","245","245","245","3355","3172","3292"
"08.07.2025 23:00 - 09.07.2025 00:00","0","0","0","259","259","259","3264","3089","3203"
"09.07.2025 00:00 - 09.07.2025 01:00","0","0","0","212","212","212","2519","2583","2568"
"09.07.2025 01:00 - 09.07.2025 02:00","0","0","0","204","204","204","2323","2390","2381"
"09.07.2025 02:00 - 09.07.2025 03:00","0","0","0","178","178","178","2165","2224","2223"
"09.07.2025 03:00 - 09.07.2025 04:00","0","0","0","156","156","156","2112","2163","2165"
"09.07.2025 04:00 - 09.07.2025 05:00","0","0","0","131","131","131","2080","2122","2131"
"09.07.2025 05:00 - 09.07.2025 06:00","0","0","0","110","110","110","2031","2073","2084"
"09.07.2025 06:00 - 09.07.2025 07:00","8","8","8","88","88","88","2006","2044","2062"
"09.07.2025 07:00 - 09.07.2025 08:00","779","798","798","69","69","69","1948","1842","2005"
"09.07.2025 08:00 - 09.07.2025 09:00","3038","3098","3098","51","51","51","1818","1721","1874"
"09.07.2025 09:00 - 09.07.2025 10:00","6891","7022","7022","43","43","43","1348","1328","1401"
"09.07.2025 10:00 - 09.07.2025 11:00","11380","11478","11584","41","41","41","1003","1001","1052"
"09.07.2025 11:00 - 09.07.2025 12:00","15194","15230","15457","43","43","43","986","984","1026"
"09.07.2025 12:00 - 09.07.2025 13:00","17806","17831","18103","40","40","40","1047","1093","1083"
"09.07.2025 13:00 - 09.07.2025 14:00","19250","19361","19595","35","35","35","1133","1173","1170"
"09.07.2025 14:00 - 09.07.2025 15:00","19746","19886","20039","28","28","28","1215","1253","1252"
"09.07.2025 15:00 - 09.07.2025 16:00","19388","19522","19636","24","24","24","1263","1317","1302"
"09.07.2025 16:00 - 09.07.2025 17:00","18212","18320","18369","24","24","24","1289","1354","1332"
"09.07.2025 17:00 - 09.07.2025 18:00","15994","16089","16085","34","34","34","1318","1367","1365"
"09.07.2025 18:00 - 09.07.2025 19:00","12618","12763","12715","45","45","45","1375","1383","1423"
"09.07.2025 19:00 - 09.07.2025 20:00","8367","8467","8451","57","57","57","1502","1471","1552"
"09.07.2025 20:00 - 09.07.2025 21:00","4279","4319","4330","73","73","73","1638","1660","1688"
"09.07.2025 21:00 - 09.07.2025 22:00","1414","1427","1434","94","94","94","1847","1938","1894"
"09.07.2025 22:00 - 09.07.2025 23:00","209","210","212","115","115","115","2236","2329","2280"
"09.07.2025 23:00 - 10.07.2025 00:00","0","0","0","149","149","149","2552","2644","2595"
"10.07.2025 00:00 - 10.07.2025 01:00","0","0","0","162","162","162","2616","2567","2574"
"10.07.2025 01:00 - 10.07.2025 02:00","0","0","0","192","192","192","2470","2435","2439"
"10.07.2025 02:00 - 10.07.2025 03:00","0","0","0","214","214","214","2258","2240","2234"
"10.07.2025 03:00 - 10.07.2025 04:00","0","0","0","221","221","221","2099","2089","2077"
"10.07.2025 04:00 - 10.07.2025 05:00","0","0","0","211","211","211","1980","1980","1959"
"10.07.2025 05:00 - 10.07.2025 06:00","0","0","0","183","183","183","1891","1889","1871"
"10.07.2025 06:00 - 10.07.2025 07:00","8","8","8","163","163","163","1832","1834","1813"
"10.07.2025 07:00 - 10.07.2025 08:00","766","785","785","135","135","135","1823","1884","1804"
"10.07.2025 08:00 - 10.07.2025 09:00","3010","3080","3080","125","125","125","1785","1807","1767"
"10.07.2025 09:00 - 10.07.2025 10:00","6850","7007","7007","103","103","103","1408","1456","1391"
"10.07.2025 10:00 - 10.07.2025 11:00","11288","11538","11560","78","78","78","1076","1101","1061"
"10.07.2025 11:00 - 10.07.2025 12:00","15113","15347","15370","57","57","57","1265","1243","1251"
"10.07.2025 12:00 - 10.07.2025 13:00","17805","17951","18006","44","44","44","1612","1588","1597"
"10.07.2025 13:00 - 10.07.2025 14:00","19250","19449","19477","37","37","37","1845","1802","1830"
"10.07.2025 14:00 - 10.07.2025 15:00","19696","19878","19965","35","35","35","2013","1989","1999"
"10.07.2025 15:00 - 10.07.2025 16:00","19303","19473","19589","40","40","40","2161","2180","2147"
"10.07.2025 16:00 - 10.07.2025 17:00","18053","18208","18335","56","56","56","2370","2406","2356"
"10.07.2025 17:00 - 10.07.2025 18:00","15787","15955","16058","80","80","80","2593","2695","2579"
"10.07.2025 18:00 - 10.07.2025 19:00","12485","12600","12694","121","121","121","2773","2952","2759"
"10.07.2025 19:00 - 10.07.2025 20:00","8296","8334","8419","202","202","202","2922","3159","2909"
"10.07.2025 20:00 - 10.07.2025 21:00","4226","4238","4284","292","292","292","2917","3180","2903"
"10.07.2025 21:00 - 10.07.2025 22:00","1378","1384","1397","344","344","344","2939","3157","2925"
"10.07.2025 22:00 - 10.07.2025 23:00","198","200","200","350","350","350","3347","3519","3333"
"10.07.2025 23:00 - 11.07.2025 00:00","0","0","0","384","384","384","3764","4017","3752"
"11.07.2025 00:00 - 11.07.2025 01:00","0","0","0","396","396","396","4228","4232","4205"
"11.07.2025 01:00 - 11.07.2025 02:00","0","0","0","448","448","448","4185","4199","4164"
"11.07.2025 02:00 - 11.07.2025 03:00","0","0","0","482","482","482","4073","4092","4053"
"11.07.2025 03:00 - 11.07.2025 04:00","0","0","0","487","487","487","3902","3919","3882"
"11.07.2025 04:00 - 11.07.2025 05:00","0","0","0","447","447","447","3740","3729","3722"
"11.07.2025 05:00 - 11.07.2025 06:00","0","0","0","401","401","401","3567","3540","3551"
"11.07.2025 06:00 - 11.07.2025 07:00","7","7","7","387","387","387","3401","3385","3386"
"11.07.2025 07:00 - 11.07.2025 08:00","748","761","761","347","347","347","3291","3404","3277"
"11.07.2025 08:00 - 11.07.2025 09:00","2969","3018","3018","311","311","311","3201","3303","3187"
"11.07.2025 09:00 - 11.07.2025 10:00","6774","6878","6878","259","259","259","2299","2317","2287"
"11.07.2025 10:00 - 11.07.2025 11:00","11167","11328","11478","206","206","206","1706","1629","1693"
"11.07.2025 11:00 - 11.07.2025 12:00","14943","15053","15229","179","179","179","1990","1843","1977"
"11.07.2025 12:00 - 11.07.2025 13:00","17552","17602","17771","181","181","181","2471","2339","2457"
"11.07.2025 13:00 - 11.07.2025 14:00","19039","19025","19133","220","220","220","2706","2622","2694"
"11.07.2025 14:00 - 11.07.2025 15:00","19521","19435","19450","295","295","295","2788","2758","2776"
"11.07.2025 15:00 - 11.07.2025 16:00","19088","19005","18993","369","369","369","2890","2983","2877"
"11.07.2025 16:00 - 11.07.2025 17:00","17766","17710","17687","477","477","477","3016","3247","3004"
"11.07.2025 17:00 - 11.07.2025 18:00","15469","15434","15403","574","574","574","3271","3631","3259"
"11.07.2025 18:00 - 11.07.2025 19:00","12153","12205","12185","677","677","677","3602","4093","3590"
"11.07.2025 19:00 - 11.07.2025 20:00","8004","8057","8109","790","790","790","4004","4591","3992"
"11.07.2025 20:00 - 11.07.2025 21:00","4048","4071","4117","907","907","907","4193","4780","4182"
"11.07.2025 21:00 - 11.07.2025 22:00","1310","1317","1328","978","978","978","4302","4722","4292"
"11.07.2025 22:00 - 11.07.2025 23:00","185","185","187","1000","1000","1000","4963","5196","4954"
"11.07.2025 23:00 - 12.07.2025 00:00","0","0","0","989","989","989","5560","5649","5551"
"12.07.2025 00:00 - 12.07.2025 01:00","0","0","0","944","944","944","5071","4882","4856"
"12.07.2025 01:00 - 12.07.2025 02:00","0","0","0","918","918","918","4498","4340","4313"
"12.07.2025 02:00 - 12.07.2025 03:00","0","0","0","775","775","775","4177","3952","4015"
"12.07.2025 03:00 - 12.07.2025 04:00","0","0","0","624","624","624","4089","3829","3944"
"12.07.2025 04:00 - 12.07.2025 05:00","0","0","0","577","577","577","3977","3760","3845"
"12.07.2025 05:00 - 12.07.2025 06:00","0","0","0","545","545","545","3827","3627","3705"
"12.07.2025 06:00 - 12.07.2025 07:00","6","5","5","575","575","575","3555","3395","3441"
"12.07.2025 07:00 - 12.07.2025 08:00","669","667","667","574","574","574","3426","2931","3319"
"12.07.2025 08:00 - 12.07.2025 09:00","2656","2657","2657","577","577","577","3202","2802","3101"
"12.07.2025 09:00 - 12.07.2025 10:00","6003","6030","6030","507","507","507","2188","1873","2095"
"12.07.2025 10:00 - 12.07.2025 11:00","9736","9910","9801","439","439","439","1605","1266","1518"
"12.07.2025 11:00 - 12.07.2025 12:00","12665","13166","12916","417","417","417","1634","1233","1548"
"12.07.2025 12:00 - 12.07.2025 13:00","14870","15338","15086","402","402","402","1775","1320","1691"
"12.07.2025 13:00 - 12.07.2025 14:00","16298","16529","16046","406","406","406","1842","1438","1761"
"12.07.2025 14:00 - 12.07.2025 15:00","16720","16765","16216","469","469","469","1839","1496","1759"
"12.07.2025 15:00 - 12.07.2025 16:00","16347","16250","16000","541","541","541","1770","1554","1690"
"12.07.2025 16:00 - 12.07.2025 17:00","15232","15049","14972","633","633","633","1681","1633","1603"
"12.07.2025 17:00 - 12.07.2025 18:00","13172","12999","13012","735","735","735","1729","1710","1653"
"12.07.2025 18:00 - 12.07.2025 19:00","10472","10409","10358","812","812","812","1889","1770","1814"
"12.07.2025 19:00 - 12.07.2025 20:00","6977","7046","6981","878","878","878","2034","1830","1959"
"12.07.2025 20:00 - 12.07.2025 21:00","3534","3612","3605","945","945","945","2244","2025","2169"
"12.07.2025 21:00 - 12.07.2025 22:00","1162","1183","1186","989","989","989","2745","2505","2671"
"12.07.2025 22:00 - 12.07.2025 23:00","170","170","170","984","984","984","3668","3427","3595"
"12.07.2025 23:00 - 13.07.2025 00:00","0","0","0","954","954","954","4371","4150","4301"
"13.07.2025 00:00 - 13.07.2025 01:00","0","0","0","817","817","817","3824","3709","3730"
"13.07.2025 01:00 - 13.07.2025 02:00","0","0","0","713","713","713","3479","3359","3397"
"13.07.2025 02:00 - 13.07.2025 03:00","0","0","0","628","628","628","2996","2908","2923"
"13.07.2025 03:00 - 13.07.2025 04:00","0","0","0","527","527","527","2698","2601","2631"
"13.07.2025 04:00 - 13.07.2025 05:00","0","0","0","408","408","408","2415","2280","2354"
"13.07.2025 05:00 - 13.07.2025 06:00","0","0","0","352","352","352","2072","1965","2016"
"13.07.2025 06:00 - 13.07.2025 07:00","5","5","5","296","296","296","1877","1773","1825"
"13.07.2025 07:00 - 13.07.2025 08:00","649","596","596","276","276","276","1777","1739","1729"
"13.07.2025 08:00 - 13.07.2025 09:00","2664","2468","2468","240","240","240","1624","1625","1579"
"13.07.2025 09:00 - 13.07.2025 10:00","6159","5784","5784","202","202","202","1131","1130","1090"
"13.07.2025 10:00 - 13.07.2025 11:00","10204","9705","10249","207","207","207","746","799","709"
"13.07.2025 11:00 - 13.07.2025 12:00","13625","13232","13881","217","217","217","631","775","598"
"13.07.2025 12:00 - 13.07.2025 13:00","16039","15826","16511","216","216","216","632","824","598"
"13.07.2025 13:00 - 13.07.2025 14:00","17509","17164","18072","233","233","233","792","954","757"
"13.07.2025 14:00 - 13.07.2025 15:00","18147","17692","18554","293","293","293","1009","1166","974"
"13.07.2025 15:00 - 13.07.2025 16:00","17844","17478","18198","381","381","381","1413","1514","1378"
"13.07.2025 16:00 - 13.07.2025 17:00","16603","16343","16929","439","439","439","1899","1911","1863"
"13.07.2025 17:00 - 13.07.2025 18:00","14510","14280","14584","460","460","460","2205","2289","2168"
"13.07.2025 18:00 - 13.07.2025 19:00","11377","11187","11332","517","517","517","2470","2531","2433"
"13.07.2025 19:00 - 13.07.2025 20:00","7423","7254","7331","628","628","628","2330","2502","2293"
"13.07.2025 20:00 - 13.07.2025 21:00","3697","3582","3612","683","683","683","2054","2609","2019"
"13.07.2025 21:00 - 13.07.2025 22:00","1167","1129","1135","706","706","706","1935","2560","1901"
"13.07.2025 22:00 - 13.07.2025 23:00","159","155","154","627","627","627","2371","2610","2339"
"13.07.2025 23:00 - 14.07.2025 00:00","0","0","0","561","561","561","2704","2870","2674"
"14.07.2025 00:00 - 14.07.2025 01:00","0","0","0","477","477","477","2951","2746","2755"
"14.07.2025 01:00 - 14.07.2025 02:00","0","0","0","498","498","498","3403","3115","3234"
"14.07.2025 02:00 - 14.07.2025 03:00","0","0","0","628","628","628","3745","3494","3580"
"14.07.2025 03:00 - 14.07.2025 04:00","0","0","0","796","796","796","4160","4080","3994"
"14.07.2025 04:00 - 14.07.2025 05:00","0","0","0","700","700","700","4637","4496","4481"
"14.07.2025 05:00 - 14.07.2025 06:00","0","0","0","658","658","658","4742","4580","4595"
"14.07.2025 06:00 - 14.07.2025 07:00","2","2","2","621","621","621","4751","4577","4611"
"14.07.2025 07:00 - 14.07.2025 08:00","588","558","558","585","585","585","4820","4944","4685"
"14.07.2025 08:00 - 14.07.2025 09:00","2460","2351","2351","618","618","618","4558","4802","4428"
"14.07.2025 09:00 - 14.07.2025 10:00","5645","5569","5569","536","536","536","4684","4745","4557"
"14.07.2025 10:00 - 14.07.2025 11:00","9180","9244","8899","545","545","545","4722","4896","4599"
"14.07.2025 11:00 - 14.07.2025 12:00","11784","12251","11797","535","535","535","4876","5056","4756"
"14.07.2025 12:00 - 14.07.2025 13:00","13832","14389","13643","548","548","548","5173","5233","5056"
"14.07.2025 13:00 - 14.07.2025 14:00","15134","15529","14589","546","546","546","5621","5821","5508"
"14.07.2025 14:00 - 14.07.2025 15:00","15518","15912","14876","562","562","562","6315","6363","6205"
"14.07.2025 15:00 - 14.07.2025 16:00","15348","15681","14632","614","614","614","6721","6657","6614"
"14.07.2025 16:00 - 14.07.2025 17:00","14532","14780","13896","669","669","669","6967","6761","6861"
"14.07.2025 17:00 - 14.07.2025 18:00","12740","13009","12100","702","702","702","6803","6610","6697"
"14.07.2025 18:00 - 14.07.2025 19:00","10212","10389","9800","731","731","731","6487","6286","6382"
"14.07.2025 19:00 - 14.07.2025 20:00","6974","6969","6807","724","724","724","6103","5847","5999"
"14.07.2025 20:00 - 14.07.2025 21:00","3614","3563","3548","687","687","687","5260","5199","5158"
"14.07.2025 21:00 - 14.07.2025 22:00","1159","1143","1144","645","645","645","4293","4355","4193"
"14.07.2025 22:00 - 14.07.2025 23:00","156","155","155","603","603","603","3974","3955","3878"
"14.07.2025 23:00 - 15.07.2025 00:00","0","0","0","560","560","560","4156","3926","4064"
"15.07.2025 00:00 - 15.07.2025 01:00","0","0","0","550","550","550","3374","3361","3368"
"15.07.2025 01:00 - 15.07.2025 02:00","0","0","0","570","570","570","3214","3210","3210"
"15.07.2025 02:00 - 15.07.2025 03:00","0","0","0","598","598","598","3186","3205","3182"
"15.07.2025 03:00 - 15.07.2025 04:00","0","0","0","589","589","589","3098","3101","3094"
"15.07.2025 04:00 - 15.07.2025 05:00","0","0","0","605","605","605","2969","2990","2962"
"15.07.2025 05:00 - 15.07.2025 06:00","0","0","0","632","632","632","2828","2867","2818"
"15.07.2025 06:00 - 15.07.2025 07:00","2","3","3","603","603","603","2772","2766","2762"
"15.07.2025 07:00 - 15.07.2025 08:00","600","561","561","589","589","589","2747","2476","2737"
"15.07.2025 08:00 - 15.07.2025 09:00","2548","2370","2370","695","695","695","2338","2210","2330"
"15.07.2025 09:00 - 15.07.2025 10:00","5959","5602","5602","634","634","634","2357","2271","2350"
"15.07.2025 10:00 - 15.07.2025 11:00","9815","9321","8600","671","671","671","2951","2919","2943"
"15.07.2025 11:00 - 15.07.2025 12:00","12882","12460","11591","670","670","670","3827","3895","3818"
"15.07.2025 12:00 - 15.07.2025 13:00","15123","14764","13576","770","770","770","4726","4940","4717"
"15.07.2025 13:00 - 15.07.2025 14:00","16539","16083","14709","846","846","846","5902","6101","5894"
"15.07.2025 14:00 - 15.07.2025 15:00","17141","16617","15287","901","901","901","7076","7366","7069"
"15.07.2025 15:00 - 15.07.2025 16:00","17127","16597","15327","948","948","948","8170","8292","8163"
"15.07.2025 16:00 - 15.07.2025 17:00","16232","15867","14461","1001","1001","1001","9071","8828","9065"
"15.07.2025 17:00 - 15.07.2025 18:00","14348","14103","12624","1036","1036","1036","9737","9296","9732"
"15.07.2025 18:00 - 15.07.2025 19:00","11388","11225","10148","1038","1038","1038","10078","9579","10073"
"15.07.2025 19:00 - 15.07.2025 20:00","7555","7506","6951","1053","1053","1053","10118","9356","10114"
"15.07.2025 20:00 - 15.07.2025 21:00","3832","3807","3603","1045","1045","1045","9014","8201","9009"
"15.07.2025 21:00 - 15.07.2025 22:00","1206","1187","1144","1028","1028","1028","7221","6628","7217"
"15.07.2025 22:00 - 15.07.2025 23:00","157","154","150","995","995","995","6204","5772","6201"
"15.07.2025 23:00 - 16.07.2025 00:00","0","0","0","969","969","969","6027","5721","6025"
"16.07.2025 00:00 - 16.07.2025 01:00","0","0","0","984","984","984","5425","5294","6278"
"16.07.2025 01:00 - 16.07.2025 02:00","0","0","0","975","975","975","6058","5968","6943"
"16.07.2025 02:00 - 16.07.2025 03:00","0","0","0","963","963","963","6704","6629","7592"
"16.07.2025 03:00 - 16.07.2025 04:00","0","0","0","921","921","921","7092","7019","7940"
"16.07.2025 04:00 - 16.07.2025 05:00","0","0","0","872","872","872","7426","7361","8233"
"16.07.2025 05:00 - 16.07.2025 06:00","0","0","0","813","813","813","7747","7691","8504"
"16.07.2025 06:00 - 16.07.2025 07:00","2","2","2","742","742","742","7627","7579","8320"
"16.07.2025 07:00 - 16.07.2025 08:00","577","537","537","627","627","627","7203","5869","7788"
"16.07.2025 08:00 - 16.07.2025 09:00","2515","2354","2354","557","587","587","6413","4979","6346"
"16.07.2025 09:00 - 16.07.2025 10:00","5899","5655","5655","486","583","583","6406","5516","6278"
"16.07.2025 10:00 - 16.07.2025 11:00","9759","9552","9542","427","577","577","7017","6454","6472"
"16.07.2025 11:00 - 16.07.2025 12:00","12899","12864","12895","415","537","537","7631","7281","7386"
"16.07.2025 12:00 - 16.07.2025 13:00","15105","15131","15220","483","546","546","7962","7647","7729"
"16.07.2025 13:00 - 16.07.2025 14:00","16361","16310","16459","593","579","579","8004","7655","7674"
"16.07.2025 14:00 - 16.07.2025 15:00","16714","16771","16858","684","610","610","8164","7801","7768"
"16.07.2025 15:00 - 16.07.2025 16:00","16503","16614","16598","723","631","631","8319","7908","7863"
"16.07.2025 16:00 - 16.07.2025 17:00","15640","15720","15569","720","643","643","8389","7890","7866"
"16.07.2025 17:00 - 16.07.2025 18:00","13804","13845","13654","733","661","661","8078","7634","7618"
"16.07.2025 18:00 - 16.07.2025 19:00","11109","11071","10895","702","659","659","7327","7182","7197"
"16.07.2025 19:00 - 16.07.2025 20:00","7437","7432","7291","680","631","631","6281","6535","6544"
"16.07.2025 20:00 - 16.07.2025 21:00","3765","3784","3705","658","592","592","5109","5581","5573"
"16.07.2025 21:00 - 16.07.2025 22:00","1177","1180","1159","616","539","539","4151","4447","4429"
"16.07.2025 22:00 - 16.07.2025 23:00","147","147","147","548","476","476","3742","3829","3816"
"16.07.2025 23:00 - 17.07.2025 00:00","0","0","0","491","395","395","3630","3699","3661"
"17.07.2025 00:00 - 17.07.2025 01:00","0","0","0","307","307","307","3347","3400","3708"
"17.07.2025 01:00 - 17.07.2025 02:00","0","0","0","273","273","273","3115","3171","3444"
"17.07.2025 02:00 - 17.07.2025 03:00","0","0","0","237","237","237","2764","2820","3058"
"17.07.2025 03:00 - 17.07.2025 04:00","0","0","0","207","207","207","2362","2417","2624"
"17.07.2025 04:00 - 17.07.2025 05:00","0","0","0","174","174","174","1967","2020","2194"
"17.07.2025 05:00 - 17.07.2025 06:00","0","0","0","129","129","129","1662","1712","1841"
"17.07.2025 06:00 - 17.07.2025 07:00","2","2","2","99","99","99","1457","1505","1603"
"17.07.2025 07:00 - 17.07.2025 08:00","587","593","593","76","76","76","1303","1288","1425"
"17.07.2025 08:00 - 17.07.2025 09:00","2599","2595","2595","62","84","84","1109","1058","1133"
"17.07.2025 09:00 - 17.07.2025 10:00","6132","6143","6143","49","82","82","858","892","871"
"17.07.2025 10:00 - 17.07.2025 11:00","10201","10251","10392","38","66","66","778","845","1033"
"17.07.2025 11:00 - 17.07.2025 12:00","13547","13712","13997","30","55","55","822","877","1010"
"17.07.2025 12:00 - 17.07.2025 13:00","16039","16137","16529","26","46","46","878","941","1046"
"17.07.2025 13:00 - 17.07.2025 14:00","17658","17621","17952","26","42","42","938","1016","1102"
"17.07.2025 14:00 - 17.07.2025 15:00","18267","18245","18434","47","45","45","968","1056","1116"
"17.07.2025 15:00 - 17.07.2025 16:00","18112","18092","18237","76","59","59","1011","1061","1100"
"17.07.2025 16:00 - 17.07.2025 17:00","17053","16994","17191","111","92","92","1047","1064","1096"
"17.07.2025 17:00 - 17.07.2025 18:00","14977","14969","15159","148","136","136","1064","1068","1103"
"17.07.2025 18:00 - 17.07.2025 19:00","11870","11913","12006","180","167","167","1129","1057","1088"
"17.07.2025 19:00 - 17.07.2025 20:00","7859","7885","7927","245","222","222","1158","1059","1077"
"17.07.2025 20:00 - 17.07.2025 21:00","3945","3955","3954","310","290","290","1187","1070","1089"
"17.07.2025 21:00 - 17.07.2025 22:00","1201","1204","1191","343","341","341","1378","1282","1318"
"17.07.2025 22:00 - 17.07.2025 23:00","143","143","141","346","334","334","1743","1814","1840"
"17.07.2025 23:00 - 18.07.2025 00:00","0","0","0","318","291","291","1955","2253","2262"
"18.07.2025 00:00 - 18.07.2025 01:00","0","0","0","250","250","250","2155","2157","2407"
"18.07.2025 01:00 - 18.07.2025 02:00","0","0","0","218","218","218","2060","2064","2281"
"18.07.2025 02:00 - 18.07.2025 03:00","0","0","0","198","198","198","1797","1801","1998"
"18.07.2025 03:00 - 18.07.2025 04:00","0","0","0","178","178","178","1545","1549","1726"
"18.07.2025 04:00 - 18.07.2025 05:00","0","0","0","142","142","142","1429","1431","1572"
"18.07.2025 05:00 - 18.07.2025 06:00","0","0","0","109","109","109","1329","1331","1440"
"18.07.2025 06:00 - 18.07.2025 07:00","1","1","1","98","98","98","1193","1195","1294"
"18.07.2025 07:00 - 18.07.2025 08:00","564","534","534","90","90","90","1098","1278","1190"
"18.07.2025 08:00 - 18.07.2025 09:00","2527","2386","2386","82","108","108","987","1054","964"
"18.07.2025 09:00 - 18.07.2025 10:00","6021","5717","5717","75","78","78","722","835","722"
"18.07.2025 10:00 - 18.07.2025 11:00","10011","9503","9635","63","62","62","475","581","740"
"18.07.2025 11:00 - 18.07.2025 12:00","13250","12711","13239","54","50","50","421","512","620"
"18.07.2025 12:00 - 18.07.2025 13:00","15649","15190","15664","53","51","51","471","539","624"
"18.07.2025 13:00 - 18.07.2025 14:00","17120","16647","17117","60","68","68","551","552","630"
"18.07.2025 14:00 - 18.07.2025 15:00","17655","17299","17631","84","98","98","611","569","643"
"18.07.2025 15:00 - 18.07.2025 16:00","17245","17063","17165","128","134","134","664","626","689"
"18.07.2025 16:00 - 18.07.2025 17:00","15929","15908","15775","187","188","188","752","723","776"
"18.07.2025 17:00 - 18.07.2025 18:00","13739","13801","13478","226","239","239","875","850","912"
"18.07.2025 18:00 - 18.07.2025 19:00","10758","10778","10515","252","278","278","1083","978","1050"
"18.07.2025 19:00 - 18.07.2025 20:00","7039","7080","6901","280","302","302","1277","1134","1201"
"18.07.2025 20:00 - 18.07.2025 21:00","3477","3523","3410","277","305","305","1585","1397","1467"
"18.07.2025 21:00 - 18.07.2025 22:00","1040","1051","1009","258","293","293","2154","1827","1903"
"18.07.2025 22:00 - 18.07.2025 23:00","120","120","112","231","250","250","2977","2361","2419"
"18.07.2025 23:00 - 19.07.2025 00:00","0","0","0","224","211","211","3638","2741","2765"
"19.07.2025 00:00 - 19.07.2025 01:00","0","0","0","164","164","164","3213","3209","3373"
"19.07.2025 01:00 - 19.07.2025 02:00","0","0","0","155","155","155","3442","3437","3593"
"19.07.2025 02:00 - 19.07.2025 03:00","0","0","0","149","149","149","3568","3559","3708"
"19.07.2025 03:00 - 19.07.2025 04:00","0","0","0","162","162","162","3717","3707","3869"
"19.07.2025 04:00 - 19.07.2025 05:00","0","0","0","197","197","197","3905","3896","4093"
"19.07.2025 05:00 - 19.07.2025 06:00","0","0","0","209","209","209","4110","4099","4308"
"19.07.2025 06:00 - 19.07.2025 07:00","1","1","1","219","219","219","4130","4120","4339"
"19.07.2025 07:00 - 19.07.2025 08:00","418","354","354","216","216","216","4186","5025","4390"
"19.07.2025 08:00 - 19.07.2025 09:00","1846","1511","1511","204","248","248","4750","4594","4693"
"19.07.2025 09:00 - 19.07.2025 10:00","4095","3593","3593","165","204","204","4469","4110","4417"
"19.07.2025 10:00 - 19.07.2025 11:00","6442","5733","5004","127","155","155","4144","3645","3555"
"19.07.2025 11:00 - 19.07.2025 12:00","7925","7423","6785","124","109","109","3974","3857","3807"
"19.07.2025 12:00 - 19.07.2025 13:00","9211","8763","8487","146","124","124","4149","4370","4342"
"19.07.2025 13:00 - 19.07.2025 14:00","10406","9930","9942","168","187","187","4832","5135","5172"
"19.07.2025 14:00 - 19.07.2025 15:00","11225","10670","10942","188","262","262","5880","5889","5988"
"19.07.2025 15:00 - 19.07.2025 16:00","11561","10804","11461","213","303","303","6492","6750","6864"
"19.07.2025 16:00 - 19.07.2025 17:00","11024","10202","11134","224","332","332","6528","6929","7062"
"19.07.2025 17:00 - 19.07.2025 18:00","9664","9081","10055","227","332","332","6403","6441","6569"
"19.07.2025 18:00 - 19.07.2025 19:00","7963","7472","8363","237","341","341","6081","6009","6134"
"19.07.2025 19:00 - 19.07.2025 20:00","5492","5165","5717","291","396","396","5513","5492","5619"
"19.07.2025 20:00 - 19.07.2025 21:00","2820","2676","2872","443","543","543","4414","4603","4726"
"19.07.2025 21:00 - 19.07.2025 22:00","865","822","860","606","738","738","3373","3487","3642"
"19.07.2025 22:00 - 19.07.2025 23:00","99","96","98","783","871","871","3099","3100","3210"
"19.07.2025 23:00 - 20.07.2025 00:00","0","0","0","916","973","973","3184","3297","3372"
"20.07.2025 00:00 - 20.07.2025 01:00","0","0","0","1030","1030","1030","3607","3122","4151"
"20.07.2025 01:00 - 20.07.2025 02:00","0","0","0","1037","1037","1037","3698","3364","4400"
"20.07.2025 02:00 - 20.07.2025 03:00","0","0","0","1050","1050","1050","3771","3675","4725"
"20.07.2025 03:00 - 20.07.2025 04:00","0","0","0","1084","1084","1084","3922","3981","5065"
"20.07.2025 04:00 - 20.07.2025 05:00","0","0","0","1116","1116","1116","4049","4087","5203"
"20.07.2025 05:00 - 20.07.2025 06:00","0","0","0","1120","1120","1120","4239","4162","5283"
"20.07.2025 06:00 - 20.07.2025 07:00","0","0","0","1107","1107","1107","4314","4332","5439"
"20.07.2025 07:00 - 20.07.2025 08:00","418","395","395","1105","1105","1105","4249","4964","5591"
"20.07.2025 08:00 - 20.07.2025 09:00","1911","1748","1748","1083","1147","1147","4440","3864","4560"
"20.07.2025 09:00 - 20.07.2025 10:00","4439","4114","4114","1028","1113","1113","4355","3774","4409"
"20.07.2025 10:00 - 20.07.2025 11:00","7218","6748","6271","993","1061","1061","4610","4109","3974"
"20.07.2025 11:00 - 20.07.2025 12:00","9300","8393","8505","901","972","972","5607","4685","4635"
"20.07.2025 12:00 - 20.07.2025 13:00","10972","10008","10096","827","885","885","6485","5203","5174"
"20.07.2025 13:00 - 20.07.2025 14:00","10931","10178","10058","815","853","853","5935","4920","4904"
"20.07.2025 14:00 - 20.07.2025 15:00","9470","8699","8659","834","795","795","4566","4013","3947"
"20.07.2025 15:00 - 20.07.2025 16:00","9354","8555","8510","847","796","796","4721","4286","4216"
"20.07.2025 16:00 - 20.07.2025 17:00","11418","10410","10729","861","811","811","7470","6710","6649"
"20.07.2025 17:00 - 20.07.2025 18:00","9946","9214","9728","885","783","783","7859","7154","7048"
"20.07.2025 18:00 - 20.07.2025 19:00","8031","7625","7994","893","776","776","7836","7266","7151"
"20.07.2025 19:00 - 20.07.2025 20:00","5596","5308","5491","846","722","722","7548","7249","7131"
"20.07.2025 20:00 - 20.07.2025 21:00","2874","2712","2792","890","716","716","6652","6451","6289"
"20.07.2025 21:00 - 20.07.2025 22:00","871","833","853","914","766","766","5613","5397","5263"
"20.07.2025 22:00 - 20.07.2025 23:00","99","98","97","928","777","777","4950","5017","4881"
"20.07.2025 23:00 - 21.07.2025 00:00","0","0","0","875","807","807","5214","5402","5349"
"21.07.2025 00:00 - 21.07.2025 01:00","0","0","0","881","881","881","6523","7051","7932"
"21.07.2025 01:00 - 21.07.2025 02:00","0","0","0","951","951","951","7491","8066","9017"
"21.07.2025 02:00 - 21.07.2025 03:00","0","0","0","989","989","989","8402","8876","9865"
"21.07.2025 03:00 - 21.07.2025 04:00","0","0","0","949","949","949","8950","9430","10379"
"21.07.2025 04:00 - 21.07.2025 05:00","0","0","0","908","908","908","9186","9724","10632"
"21.07.2025 05:00 - 21.07.2025 06:00","0","0","0","876","876","876","9151","9775","10650"
"21.07.2025 06:00 - 21.07.2025 07:00","0","0","0","838","838","838","9048","9878","10716"
"21.07.2025 07:00 - 21.07.2025 08:00","407","373","373","781","781","781","9112","10816","10790"
"21.07.2025 08:00 - 21.07.2025 09:00","1956","1844","1844","747","914","914","9313","9840","9701"
"21.07.2025 09:00 - 21.07.2025 10:00","4728","4546","4546","732","832","832","9900","10375","9796"
"21.07.2025 10:00 - 21.07.2025 11:00","7886","7730","7660","726","781","781","10601","11232","11179"
"21.07.2025 11:00 - 21.07.2025 12:00","10332","10578","10580","701","794","794","11233","11385","11407"
"21.07.2025 12:00 - 21.07.2025 13:00","12304","12685","12611","719","788","788","11371","11136","11158"
"21.07.2025 13:00 - 21.07.2025 14:00","13521","14028","13723","795","832","832","11214","11225","11231"
"21.07.2025 14:00 - 21.07.2025 15:00","13906","14660","14379","859","918","918","11142","11131","11170"
"21.07.2025 15:00 - 21.07.2025 16:00","14073","14658","14398","943","1008","1008","10842","11217","11271"
"21.07.2025 16:00 - 21.07.2025 17:00","13378","14008","13754","1040","1123","1123","11052","11237","11314"
"21.07.2025 17:00 - 21.07.2025 18:00","11873","12456","12281","1173","1234","1234","11024","11382","11441"
"21.07.2025 18:00 - 21.07.2025 19:00","9614","10014","9875","1247","1262","1262","10985","11869","11885"
"21.07.2025 19:00 - 21.07.2025 20:00","6489","6665","6567","1282","1232","1232","10890","11736","11688"
"21.07.2025 20:00 - 21.07.2025 21:00","3272","3319","3260","1260","1180","1180","10004","10251","10173"
"21.07.2025 21:00 - 21.07.2025 22:00","968","984","962","1223","1175","1175","8634","8756","8712"
"21.07.2025 22:00 - 21.07.2025 23:00","105","107","106","1193","1182","1182","7620","7667","7660"
"21.07.2025 23:00 - 22.07.2025 00:00","0","0","0","1190","1159","1159","7156","7087","7060"
"22.07.2025 00:00 - 22.07.2025 01:00","0","0","0","1135","1135","1135","6503","6429","7564"
"22.07.2025 01:00 - 22.07.2025 02:00","0","0","0","1118","1118","1118","6510","6458","7576"
"22.07.2025 02:00 - 22.07.2025 03:00","0","0","0","1075","1075","1075","6655","6619","7694"
"22.07.2025 03:00 - 22.07.2025 04:00","0","0","0","994","994","994","6770","6748","7742"
"22.07.2025 04:00 - 22.07.2025 05:00","0","0","0","915","915","915","6826","6815","7729"
"22.07.2025 05:00 - 22.07.2025 06:00","0","0","0","855","855","855","6990","6988","7843"
"22.07.2025 06:00 - 22.07.2025 07:00","0","0","0","807","807","807","7113","7118","7925"
"22.07.2025 07:00 - 22.07.2025 08:00","483","416","416","746","746","746","7039","7318","7794"
"22.07.2025 08:00 - 22.07.2025 09:00","2348","2106","2106","680","691","691","6922","6642","6923"
"22.07.2025 09:00 - 22.07.2025 10:00","5768","5353","5353","595","593","593","7446","7209","7464"
"22.07.2025 10:00 - 22.07.2025 11:00","9837","9321","7838","551","561","561","7567","7193","6993"
"22.07.2025 11:00 - 22.07.2025 12:00","13260","12866","10982","545","534","534","7175","7052","6910"
"22.07.2025 12:00 - 22.07.2025 13:00","15479","15357","13439","518","524","524","7159","7095","7010"
"22.07.2025 13:00 - 22.07.2025 14:00","16590","16651","15155","481","488","488","7448","7291","7238"
"22.07.2025 14:00 - 22.07.2025 15:00","16763","16791","15964","417","452","452","7639","7462","7458"
"22.07.2025 15:00 - 22.07.2025 16:00","16477","16553","15986","389","408","408","7656","7465","7460"
"22.07.2025 16:00 - 22.07.2025 17:00","15532","15592","15082","354","366","366","7487","7351","7349"
"22.07.2025 17:00 - 22.07.2025 18:00","13568","13625","13227","338","334","334","7017","7002","6988"
"22.07.2025 18:00 - 22.07.2025 19:00","10666","10718","10399","318","320","320","6376","6278","6276"
"22.07.2025 19:00 - 22.07.2025 20:00","6947","7009","6721","279","294","294","5518","5280","5295"
"22.07.2025 20:00 - 22.07.2025 21:00","3362","3430","3233","247","270","270","4454","4092","4118"
"22.07.2025 21:00 - 22.07.2025 22:00","944","972","904","226","238","238","3577","3178","3196"
"22.07.2025 22:00 - 22.07.2025 23:00","90","94","86","219","225","225","3079","2757","2771"
"22.07.2025 23:00 - 23.07.2025 00:00","0","0","0","246","214","214","2769","2653","2631"
"23.07.2025 00:00 - 23.07.2025 01:00","0","0","0","199","199","199","2427","2279","2478"
"23.07.2025 01:00 - 23.07.2025 02:00","0","0","0","194","194","194","2181","2054","2248"
"23.07.2025 02:00 - 23.07.2025 03:00","0","0","0","195","195","195","1888","1777","1972"
"23.07.2025 03:00 - 23.07.2025 04:00","0","0","0","180","180","180","1698","1598","1778"
"23.07.2025 04:00 - 23.07.2025 05:00","0","0","0","156","156","156","1615","1525","1681"
"23.07.2025 05:00 - 23.07.2025 06:00","0","0","0","135","135","135","1559","1476","1611"
"23.07.2025 06:00 - 23.07.2025 07:00","0","0","0","131","131","131","1522","1446","1577"
"23.07.2025 07:00 - 23.07.2025 08:00","396","392","392","130","130","130","1385","1323","1443"
"23.07.2025 08:00 - 23.07.2025 09:00","1836","1787","1787","124","139","139","1211","1171","1126"
"23.07.2025 09:00 - 23.07.2025 10:00","4331","4269","4269","121","95","95","882","873","843"
"23.07.2025 10:00 - 23.07.2025 11:00","6996","6787","6787","128","92","92","708","721","735"
"23.07.2025 11:00 - 23.07.2025 12:00","8899","8627","8627","134","90","90","840","861","848"
"23.07.2025 12:00 - 23.07.2025 13:00","10244","9862","9862","134","95","95","1014","1091","1075"
"23.07.2025 13:00 - 23.07.2025 14:00","10927","10417","10417","138","115","115","1137","1297","1291"
"23.07.2025 14:00 - 23.07.2025 15:00","11107","10541","10541","166","147","147","1254","1345","1341"
"23.07.2025 15:00 - 23.07.2025 16:00","10894","10417","10417","189","201","201","1340","1362","1388"
"23.07.2025 16:00 - 23.07.2025 17:00","10288","9890","9890","225","251","251","1363","1455","1494"
"23.07.2025 17:00 - 23.07.2025 18:00","9039","8510","8510","267","277","277","1498","1654","1676"
"23.07.2025 18:00 - 23.07.2025 19:00","7178","6899","6899","310","303","303","1698","1847","1850"
"23.07.2025 19:00 - 23.07.2025 20:00","4816","4787","4787","372","344","344","1831","2026","2009"
"23.07.2025 20:00 - 23.07.2025 21:00","2457","2441","2441","409","355","355","2054","2236","2190"
"23.07.2025 21:00 - 23.07.2025 22:00","737","731","731","394","358","358","2253","2373","2346"
"23.07.2025 22:00 - 23.07.2025 23:00","79","81","81","380","358","358","2415","2537","2525"
"23.07.2025 23:00 - 24.07.2025 00:00","0","0","0","395","350","350","2584","2790","2756"
"24.07.2025 00:00 - 24.07.2025 01:00","0","0","0","354","354","354","3105","3007","3361"
"24.07.2025 01:00 - 24.07.2025 02:00","0","0","0","387","387","387","3162","3071","3459"
"24.07.2025 02:00 - 24.07.2025 03:00","0","0","0","394","394","394","3222","3137","3531"
"24.07.2025 03:00 - 24.07.2025 04:00","0","0","0","414","414","414","3197","3118","3532"
"24.07.2025 04:00 - 24.07.2025 05:00","0","0","0","431","431","431","3154","3081","3512"
"24.07.2025 05:00 - 24.07.2025 06:00","0","0","0","425","425","425","3016","2946","3372"
"24.07.2025 06:00 - 24.07.2025 07:00","0","0","0","411","411","411","2966","2899","3310"
"24.07.2025 07:00 - 24.07.2025 08:00","323","326","326","343","343","343","3017","2796","3296"
"24.07.2025 08:00 - 24.07.2025 09:00","1625","1705","1705","254","314","314","2747","2317","2624"
"24.07.2025 09:00 - 24.07.2025 10:00","4222","4282","4282","201","235","235","2563","2068","2466"
"24.07.2025 10:00 - 24.07.2025 11:00","7395","7434","7460","184","178","178","2563","1926","1794"
"24.07.2025 11:00 - 24.07.2025 12:00","10031","10151","10315","172","153","153","2478","1856","1739"
"24.07.2025 12:00 - 24.07.2025 13:00","12221","12515","12415","164","142","142","2381","1915","1812"
"24.07.2025 13:00 - 24.07.2025 14:00","13629","14095","14008","166","141","141","2348","2018","1925"
"24.07.2025 14:00 - 24.07.2025 15:00","14287","14846","14664","194","160","160","2348","2115","2023"
"24.07.2025 15:00 - 24.07.2025 16:00","14215","14589","14311","224","206","206","2503","2235","2167"
"24.07.2025 16:00 - 24.07.2025 17:00","13578","13494","13135","248","266","266","2840","2523","2498"
"24.07.2025 17:00 - 24.07.2025 18:00","12047","11565","11251","284","312","312","3288","2728","2719"
"24.07.2025 18:00 - 24.07.2025 19:00","9537","9058","8981","322","346","346","3501","2993","2987"
"24.07.2025 19:00 - 24.07.2025 20:00","6267","5998","6039","368","390","390","3650","3220","3214"
"24.07.2025 20:00 - 24.07.2025 21:00","3053","2952","3000","369","371","371","3612","3366","3343"
"24.07.2025 21:00 - 24.07.2025 22:00","862","840","859","349","342","342","3213","3168","3138"
"24.07.2025 22:00 - 24.07.2025 23:00","85","83","84","334","321","321","3018","3010","2976"
"24.07.2025 23:00 - 25.07.2025 00:00","0","0","0","300","314","314","3223","3048","3042"
"25.07.2025 00:00 - 25.07.2025 01:00","0","0","0","373","373","373","2906","2930","3303"
"25.07.2025 01:00 - 25.07.2025 02:00","0","0","0","355","355","355","2801","2823","3178"
"25.07.2025 02:00 - 25.07.2025 03:00","0","0","0","353","353","353","2605","2625","2979"
"25.07.2025 03:00 - 25.07.2025 04:00","0","0","0","335","335","335","2546","2566","2901"
"25.07.2025 04:00 - 25.07.2025 05:00","0","0","0","299","299","299","2621","2640","2939"
"25.07.2025 05:00 - 25.07.2025 06:00","0","0","0","274","274","274","2686","2702","2976"
"25.07.2025 06:00 - 25.07.2025 07:00","0","0","0","239","239","239","2661","2676","2915"
"25.07.2025 07:00 - 25.07.2025 08:00","351","382","382","199","199","199","2551","2460","2764"
"25.07.2025 08:00 - 25.07.2025 09:00","1802","1895","1895","164","152","152","2280","2077","2307"
"25.07.2025 09:00 - 25.07.2025 10:00","4612","4746","4746","135","118","118","1992","1869","2023"
"25.07.2025 10:00 - 25.07.2025 11:00","7765","8026","8073","106","107","107","1957","1883","1838"
"25.07.2025 11:00 - 25.07.2025 12:00","10457","10970","11066","109","106","106","2062","2041","2010"
"25.07.2025 12:00 - 25.07.2025 13:00","12626","13403","13210","114","100","100","2176","2197","2166"
"25.07.2025 13:00 - 25.07.2025 14:00","14303","15005","14811","130","105","105","2215","2228","2193"
"25.07.2025 14:00 - 25.07.2025 15:00","14961","15987","15595","154","120","120","2249","2254","2215"
"25.07.2025 15:00 - 25.07.2025 16:00","14768","15976","15633","169","151","151","2438","2326","2304"
"25.07.2025 16:00 - 25.07.2025 17:00","14015","14997","15004","199","187","187","2687","2478","2465"
"25.07.2025 17:00 - 25.07.2025 18:00","12273","13161","13276","244","231","231","2953","2716","2704"
"25.07.2025 18:00 - 25.07.2025 19:00","9818","10404","10458","291","281","281","3270","3004","2996"
"25.07.2025 19:00 - 25.07.2025 20:00","6512","6804","6838","338","324","324","3429","3171","3161"
"25.07.2025 20:00 - 25.07.2025 21:00","3175","3302","3323","349","337","337","3285","3070","3063"
"25.07.2025 21:00 - 25.07.2025 22:00","894","922","927","341","327","327","3111","2925","2915"
"25.07.2025 22:00 - 25.07.2025 23:00","84","86","87","324","317","317","3195","2999","2997"
"25.07.2025 23:00 - 26.07.2025 00:00","0","0","0","288","278","278","3382","3170","3165"
"26.07.2025 00:00 - 26.07.2025 01:00","0","0","0","234","234","234","3188","3105","3339"
"26.07.2025 01:00 - 26.07.2025 02:00","0","0","0","181","181","181","3180","3116","3296"
"26.07.2025 02:00 - 26.07.2025 03:00","0","0","0","151","151","151","3158","3104","3255"
"26.07.2025 03:00 - 26.07.2025 04:00","0","0","0","154","154","154","3169","3115","3269"
"26.07.2025 04:00 - 26.07.2025 05:00","0","0","0","167","167","167","3162","3116","3283"
"26.07.2025 05:00 - 26.07.2025 06:00","0","0","0","180","180","180","3067","3032","3212"
"26.07.2025 06:00 - 26.07.2025 07:00","0","0","0","204","204","204","2918","2890","3094"
"26.07.2025 07:00 - 26.07.2025 08:00","402","402","402","212","212","212","2840","2683","3027"
"26.07.2025 08:00 - 26.07.2025 09:00","2101","2132","2132","161","203","203","2675","2489","2612"
"26.07.2025 09:00 - 26.07.2025 10:00","5375","5402","5402","143","192","192","2247","2058","2182"
"26.07.2025 10:00 - 26.07.2025 11:00","9235","9277","9110","170","175","175","2078","1954","1852"
"26.07.2025 11:00 - 26.07.2025 12:00","12526","12525","12284","150","158","158","2275","2275","2214"
"26.07.2025 12:00 - 26.07.2025 13:00","14834","14666","14400","142","169","169","2601","2659","2644"
"26.07.2025 13:00 - 26.07.2025 14:00","16028","15857","15552","160","189","189","3061","3185","3188"
"26.07.2025 14:00 - 26.07.2025 15:00","16129","16284","15894","204","254","254","3564","3741","3775"
"26.07.2025 15:00 - 26.07.2025 16:00","15751","16002","15537","268","381","381","4041","4242","4347"
"26.07.2025 16:00 - 26.07.2025 17:00","14793","14913","14502","391","502","502","4474","4673","4781"
"26.07.2025 17:00 - 26.07.2025 18:00","12839","12910","12691","496","564","564","5016","5258","5327"
"26.07.2025 18:00 - 26.07.2025 19:00","9975","10072","9914","573","614","614","5399","5656","5700"
"26.07.2025 19:00 - 26.07.2025 20:00","6506","6510","6347","680","643","643","5523","5455","5425"
"26.07.2025 20:00 - 26.07.2025 21:00","3133","3111","3002","699","650","650","5059","4875","4834"
"26.07.2025 21:00 - 26.07.2025 22:00","839","836","803","706","669","669","4251","4195","4165"
"26.07.2025 22:00 - 26.07.2025 23:00","69","67","66","716","684","684","3948","3815","3793"
"26.07.2025 23:00 - 27.07.2025 00:00","0","0","0","686","687","687","4049","3824","3835"
"27.07.2025 00:00 - 27.07.2025 01:00","0","0","0","534","534","534","3881","3921","4455"
"27.07.2025 01:00 - 27.07.2025 02:00","0","0","0","516","516","516","3412","3451","3967"
"27.07.2025 02:00 - 27.07.2025 03:00","0","0","0","492","492","492","3034","3072","3564"
"27.07.2025 03:00 - 27.07.2025 04:00","0","0","0","461","461","461","2971","3008","3470"
"27.07.2025 04:00 - 27.07.2025 05:00","0","0","0","427","427","427","2951","2989","3416"
"27.07.2025 05:00 - 27.07.2025 06:00","0","0","0","394","394","394","2829","2866","3260"
"27.07.2025 06:00 - 27.07.2025 07:00","0","0","0","377","377","377","2794","2829","3206"
"27.07.2025 07:00 - 27.07.2025 08:00","286","309","309","332","332","332","2805","2534","3172"
"27.07.2025 08:00 - 27.07.2025 09:00","1504","1587","1587","284","331","331","2752","2061","2740"
"27.07.2025 09:00 - 27.07.2025 10:00","3740","3914","3914","255","378","378","2647","2055","2558"
"27.07.2025 10:00 - 27.07.2025 11:00","6116","6164","5845","239","356","356","2676","2365","2523"
"27.07.2025 11:00 - 27.07.2025 12:00","7935","7958","7724","230","315","315","2838","2673","2806"
"27.07.2025 12:00 - 27.07.2025 13:00","9480","8971","8826","238","277","277","2966","2968","3056"
"27.07.2025 13:00 - 27.07.2025 14:00","10511","9558","9317","249","261","261","3300","3396","3457"
"27.07.2025 14:00 - 27.07.2025 15:00","11018","9905","9649","260","269","269","3838","3917","3974"
"27.07.2025 15:00 - 27.07.2025 16:00","10902","9916","9606","300","303","303","4404","4375","4427"
"27.07.2025 16:00 - 27.07.2025 17:00","10549","9646","9176","372","398","398","4910","4983","5056"
"27.07.2025 17:00 - 27.07.2025 18:00","9478","8450","8127","482","530","530","5377","5632","5725"
"27.07.2025 18:00 - 27.07.2025 19:00","7646","6931","6823","593","611","611","5740","5821","5885"
"27.07.2025 19:00 - 27.07.2025 20:00","5155","4840","4721","656","649","649","6021","5888","5924"
"27.07.2025 20:00 - 27.07.2025 21:00","2577","2436","2343","652","671","671","5845","5534","5595"
"27.07.2025 21:00 - 27.07.2025 22:00","731","681","667","624","645","645","5356","5117","5180"
"27.07.2025 22:00 - 27.07.2025 23:00","66","59","62","597","561","561","5266","5030","5037"
"27.07.2025 23:00 - 28.07.2025 00:00","0","0","0","531","453","453","5091","5125","5090"
"28.07.2025 00:00 - 28.07.2025 01:00","0","0","0","348","348","348","5163","4927","5275"
"28.07.2025 01:00 - 28.07.2025 02:00","0","0","0","293","293","293","5047","4843","5136"
"28.07.2025 02:00 - 28.07.2025 03:00","0","0","0","249","249","249","5049","4866","5115"
"28.07.2025 03:00 - 28.07.2025 04:00","0","0","0","232","232","232","5108","4944","5176"
"28.07.2025 04:00 - 28.07.2025 05:00","0","0","0","225","225","225","5000","4852","5076"
"28.07.2025 05:00 - 28.07.2025 06:00","0","0","0","217","217","217","4894","4758","4975"
"28.07.2025 06:00 - 28.07.2025 07:00","0","0","0","209","209","209","4904","4779","4988"
"28.07.2025 07:00 - 28.07.2025 08:00","342","311","311","198","198","198","4844","4016","4925"
"28.07.2025 08:00 - 28.07.2025 09:00","1877","1818","1818","166","116","116","4666","3897","4606"
"28.07.2025 09:00 - 28.07.2025 10:00","4904","4907","4907","122","85","85","3920","3366","3853"
"28.07.2025 10:00 - 28.07.2025 11:00","8589","8661","8319","94","64","64","3612","3248","2934"
"28.07.2025 11:00 - 28.07.2025 12:00","11993","11888","11702","69","53","53","3798","3581","3364"
"28.07.2025 12:00 - 28.07.2025 13:00","14470","14378","14108","70","60","60","4152","3947","3777"
"28.07.2025 13:00 - 28.07.2025 14:00","15896","15694","15666","91","77","77","4512","4381","4239"
"28.07.2025 14:00 - 28.07.2025 15:00","16308","15942","16357","152","119","119","4712","4620","4484"
"28.07.2025 15:00 - 28.07.2025 16:00","16233","15864","16124","226","192","192","4913","4728","4607"
"28.07.2025 16:00 - 28.07.2025 17:00","15435","15154","15213","315","277","277","5157","4890","4776"
"28.07.2025 17:00 - 28.07.2025 18:00","13590","13394","13424","409","378","378","5269","5004","4906"
"28.07.2025 18:00 - 28.07.2025 19:00","10708","10564","10564","480","422","422","5272","5084","4966"
"28.07.2025 19:00 - 28.07.2025 20:00","6940","6856","6793","525","440","440","5178","4967","4827"
"28.07.2025 20:00 - 28.07.2025 21:00","3277","3266","3194","565","474","474","4677","4442","4300"
"28.07.2025 21:00 - 28.07.2025 22:00","855","863","836","597","491","491","4037","3766","3612"
"28.07.2025 22:00 - 28.07.2025 23:00","65","66","63","597","496","496","3869","3440","3294"
"28.07.2025 23:00 - 29.07.2025 00:00","0","0","0","562","471","471","4060","3444","3310"
"29.07.2025 00:00 - 29.07.2025 01:00","0","0","0","399","399","399","3740","3584","3983"
"29.07.2025 01:00 - 29.07.2025 02:00","0","0","0","334","334","334","3656","3524","3858"
"29.07.2025 02:00 - 29.07.2025 03:00","0","0","0","295","295","295","3444","3328","3623"
"29.07.2025 03:00 - 29.07.2025 04:00","0","0","0","273","273","273","3267","3165","3438"
"29.07.2025 04:00 - 29.07.2025 05:00","0","0","0","253","253","253","3178","3086","3339"
"29.07.2025 05:00 - 29.07.2025 06:00","0","0","0","230","230","230","3105","3022","3252"
"29.07.2025 06:00 - 29.07.2025 07:00","0","0","0","212","212","212","2993","2917","3129"
"29.07.2025 07:00 - 29.07.2025 08:00","369","370","370","193","193","193","2894","2797","3017"
"29.07.2025 08:00 - 29.07.2025 09:00","2085","2113","2113","157","151","151","2661","2471","2603"
"29.07.2025 09:00 - 29.07.2025 10:00","5457","5502","5502","129","125","125","2227","2091","2173"
"29.07.2025 10:00 - 29.07.2025 11:00","9520","9589","9252","105","102","102","2083","1985","1942"
"29.07.2025 11:00 - 29.07.2025 12:00","12906","12971","12610","95","93","93","2287","2169","2150"
"29.07.2025 12:00 - 29.07.2025 13:00","15330","15242","14841","138","81","81","2604","2548","2487"
"29.07.2025 13:00 - 29.07.2025 14:00","16633","16527","16046","176","91","91","2892","2896","2813"
"29.07.2025 14:00 - 29.07.2025 15:00","16835","16762","16318","213","130","130","3171","3134","3059"
"29.07.2025 15:00 - 29.07.2025 16:00","16369","16257","15716","255","204","204","3453","3365","3325"
"29.07.2025 16:00 - 29.07.2025 17:00","15175","14958","14429","294","266","266","3735","3616","3602"
"29.07.2025 17:00 - 29.07.2025 18:00","13013","12697","12357","347","319","319","3885","3876","3863"
"29.07.2025 18:00 - 29.07.2025 19:00","10010","9696","9542","407","373","373","4008","4003","3984"
"29.07.2025 19:00 - 29.07.2025 20:00","6332","6166","6099","430","432","432","4157","3878","3895"
"29.07.2025 20:00 - 29.07.2025 21:00","2930","2851","2819","432","480","480","3891","3382","3447"
"29.07.2025 21:00 - 29.07.2025 22:00","750","717","711","430","497","497","3282","2834","2918"
"29.07.2025 22:00 - 29.07.2025 23:00","52","49","49","420","504","504","2915","2640","2741"
"29.07.2025 23:00 - 30.07.2025 00:00","0","0","0","421","501","501","2740","2536","2634"
"30.07.2025 00:00 - 30.07.2025 01:00","0","0","0","412","412","412","2562","2603","3015"
"30.07.2025 01:00 - 30.07.2025 02:00","0","0","0","381","381","381","2377","2412","2792"
"30.07.2025 02:00 - 30.07.2025 03:00","0","0","0","343","343","343","2197","2231","2574"
"30.07.2025 03:00 - 30.07.2025 04:00","0","0","0","304","304","304","2098","2130","2433"
"30.07.2025 04:00 - 30.07.2025 05:00","0","0","0","275","275","275","2035","2065","2340"
"30.07.2025 05:00 - 30.07.2025 06:00","0","0","0","266","266","266","1964","1993","2260"
"30.07.2025 06:00 - 30.07.2025 07:00","0","0","0","253","253","253","1900","1927","2180"
"30.07.2025 07:00 - 30.07.2025 08:00","299","277","277","211","211","211","1877","1857","2112"
"30.07.2025 08:00 - 30.07.2025 09:00","1770","1742","1742","169","191","191","1796","1544","1796"
"30.07.2025 09:00 - 30.07.2025 10:00","4666","4734","4734","140","152","152","1553","1354","1564"
"30.07.2025 10:00 - 30.07.2025 11:00","8206","8423","7246","108","121","121","1537","1422","1342"
"30.07.2025 11:00 - 30.07.2025 12:00","11228","11567","10273","98","99","99","1744","1740","1671"
"30.07.2025 12:00 - 30.07.2025 13:00","13364","13667","12574","100","90","90","1930","2026","1961"
"30.07.2025 13:00 - 30.07.2025 14:00","14549","14995","13830","118","106","106","2074","2177","2121"
"30.07.2025 14:00 - 30.07.2025 15:00","14877","15374","14648","156","140","140","2233","2339","2289"
"30.07.2025 15:00 - 30.07.2025 16:00","14707","15150","14712","199","184","184","2420","2607","2562"
"30.07.2025 16:00 - 30.07.2025 17:00","13828","14304","13770","258","240","240","2694","2945","2901"
"30.07.2025 17:00 - 30.07.2025 18:00","12190","12612","12149","336","331","331","2931","3109","3080"
"30.07.2025 18:00 - 30.07.2025 19:00","9644","9844","9615","435","448","448","3111","3209","3203"
"30.07.2025 19:00 - 30.07.2025 20:00","6176","6285","6205","534","546","546","3155","3223","3218"
"30.07.2025 20:00 - 30.07.2025 21:00","2881","2943","2910","617","619","619","2939","2974","2963"
"30.07.2025 21:00 - 30.07.2025 22:00","741","752","742","635","649","649","2651","2668","2669"
"30.07.2025 22:00 - 30.07.2025 23:00","50","50","49","612","642","642","2642","2719","2737"
"30.07.2025 23:00 - 31.07.2025 00:00","0","0","0","566","590","590","2698","2754","2767"
"31.07.2025 00:00 - 31.07.2025 01:00","0","0","0","536","536","536","2584","2570","3106"
"31.07.2025 01:00 - 31.07.2025 02:00","0","0","0","468","468","468","2597","2590","3058"
"31.07.2025 02:00 - 31.07.2025 03:00","0","0","0","396","396","396","2572","2569","2965"
"31.07.2025 03:00 - 31.07.2025 04:00","0","0","0","338","338","338","2586","2587","2925"
"31.07.2025 04:00 - 31.07.2025 05:00","0","0","0","286","286","286","2579","2583","2869"
"31.07.2025 05:00 - 31.07.2025 06:00","0","0","0","239","239","239","2499","2505","2744"
"31.07.2025 06:00 - 31.07.2025 07:00","0","0","0","221","221","221","2435","2443","2664"
"31.07.2025 07:00 - 31.07.2025 08:00","297","313","313","213","213","213","2414","2643","2636"
"31.07.2025 08:00 - 31.07.2025 09:00","1858","1953","1953","226","250","250","2222","2341","2208"
"31.07.2025 09:00 - 31.07.2025 10:00","5032","5232","5232","253","262","262","1838","1848","1841"
"31.07.2025 10:00 - 31.07.2025 11:00","8888","9281","9317","266","297","297","1870","1728","1596"
"31.07.2025 11:00 - 31.07.2025 12:00","12191","12674","12775","313","315","315","2347","2229","2114"
"31.07.2025 12:00 - 31.07.2025 13:00","14282","14772","14850","343","343","343","2843","2784","2696"
"31.07.2025 13:00 - 31.07.2025 14:00","15374","15768","15662","379","366","366","3214","3279","3198"
"31.07.2025 14:00 - 31.07.2025 15:00","15378","15746","15656","385","454","454","3507","3554","3570"
"31.07.2025 15:00 - 31.07.2025 16:00","14980","15091","15123","499","515","515","3720","3691","3665"
"31.07.2025 16:00 - 31.07.2025 17:00","13906","13929","14004","599","595","595","4094","3821","3782"
"31.07.2025 17:00 - 31.07.2025 18:00","11944","12044","11970","663","681","681","4535","4051","4040"
"31.07.2025 18:00 - 31.07.2025 19:00","9331","9408","9222","706","758","758","4809","4125","4152"
"31.07.2025 19:00 - 31.07.2025 20:00","5986","6047","5907","758","811","811","4804","4116","4146"
"31.07.2025 20:00 - 31.07.2025 21:00","2738","2798","2741","757","802","802","4545","4033","4057"
"31.07.2025 21:00 - 31.07.2025 22:00","670","690","679","716","770","770","4338","3871","3907"
"31.07.2025 22:00 - 31.07.2025 23:00","40","39","39","664","717","717","4245","3726","3762"
"31.07.2025 23:00 - 01.08.2025 00:00","0","0","0","632","625","625","4020","3692","3669"
"01.08.2025 00:00 - 01.08.2025 01:00","0","0","0","495","495","495","3692","3730","4225"
"01.08.2025 01:00 - 01.08.2025 02:00","0","0","0","430","430","430","3359","3396","3826"
"01.08.2025 02:00 - 01.08.2025 03:00","0","0","0","403","403","403","3016","3052","3455"
"01.08.2025 03:00 - 01.08.2025 04:00","0","0","0","426","426","426","2782","2816","3241"
"01.08.2025 04:00 - 01.08.2025 05:00","0","0","0","446","446","446","2666","2699","3145"
"01.08.2025 05:00 - 01.08.2025 06:00","0","0","0","434","434","434","2623","2657","3091"
"01.08.2025 06:00 - 01.08.2025 07:00","0","0","0","394","394","394","2596","2630","3023"
"01.08.2025 07:00 - 01.08.2025 08:00","253","253","253","343","343","343","2543","2263","2920"
"01.08.2025 08:00 - 01.08.2025 09:00","1663","1634","1634","280","347","347","2395","1968","2361"
"01.08.2025 09:00 - 01.08.2025 10:00","4521","4389","4389","213","306","306","2105","1799","2044"
"01.08.2025 10:00 - 01.08.2025 11:00","7956","7711","7354","163","225","225","2038","1841","1773"
"01.08.2025 11:00 - 01.08.2025 12:00","10977","10550","9768","161","178","178","2161","2104","2062"
"01.08.2025 12:00 - 01.08.2025 13:00","12937","12415","11530","166","181","181","2388","2399","2386"
"01.08.2025 13:00 - 01.08.2025 14:00","14002","13424","12628","194","204","204","2717","2757","2752"
"01.08.2025 14:00 - 01.08.2025 15:00","14170","13459","12909","239","215","215","3168","3184","3156"
"01.08.2025 15:00 - 01.08.2025 16:00","14315","13378","13014","301","251","251","3562","3681","3635"
"01.08.2025 16:00 - 01.08.2025 17:00","13637","12949","12363","400","305","305","3972","4052","3966"
"01.08.2025 17:00 - 01.08.2025 18:00","12017","11372","10947","481","371","371","4466","4463","4364"
"01.08.2025 18:00 - 01.08.2025 19:00","9581","8997","8797","536","481","481","4781","4720","4678"
"01.08.2025 19:00 - 01.08.2025 20:00","6214","5912","5769","583","546","546","4865","4874","4852"
"01.08.2025 20:00 - 01.08.2025 21:00","2894","2779","2706","611","576","576","4519","4596","4579"
"01.08.2025 21:00 - 01.08.2025 22:00","720","692","674","609","625","625","4021","3856","3890"
"01.08.2025 22:00 - 01.08.2025 23:00","41","41","40","569","637","637","3938","3470","3557"
"01.08.2025 23:00 - 02.08.2025 00:00","0","0","0","553","611","611","3954","3476","3552"
"02.08.2025 00:00 - 02.08.2025 01:00","0","0","0","565","565","565","3980","3915","4480"
"02.08.2025 01:00 - 02.08.2025 02:00","0","0","0","527","527","527","3791","3729","4256"
"02.08.2025 02:00 - 02.08.2025 03:00","0","0","0","490","490","490","3689","3629","4119"
"02.08.2025 03:00 - 02.08.2025 04:00","0","0","0","402","402","402","3776","3720","4122"
"02.08.2025 04:00 - 02.08.2025 05:00","0","0","0","304","304","304","3714","3662","3966"
"02.08.2025 05:00 - 02.08.2025 06:00","0","0","0","253","253","253","3705","3655","3908"
"02.08.2025 06:00 - 02.08.2025 07:00","0","0","0","234","234","234","3798","3750","3984"
"02.08.2025 07:00 - 02.08.2025 08:00","252","259","259","206","206","206","3947","3843","4106"
"02.08.2025 08:00 - 02.08.2025 09:00","1808","1864","1864","175","122","122","3942","3655","3948"
"02.08.2025 09:00 - 02.08.2025 10:00","5123","5173","5173","145","105","105","3464","3095","3459"
"02.08.2025 10:00 - 02.08.2025 11:00","9228","9215","8891","114","92","92","3442","3028","3140"
"02.08.2025 11:00 - 02.08.2025 12:00","12927","12671","12274","78","76","76","3876","3413","3502"
"02.08.2025 12:00 - 02.08.2025 13:00","15342","15068","14603","55","61","61","4064","3798","3878"
"02.08.2025 13:00 - 02.08.2025 14:00","16453","16297","15870","53","55","55","3943","3923","3990"
"02.08.2025 14:00 - 02.08.2025 15:00","16567","16402","16295","65","62","62","3867","3987","4044"
"02.08.2025 15:00 - 02.08.2025 16:00","16005","15958","16099","88","82","82","3938","4131","4182"
"02.08.2025 16:00 - 02.08.2025 17:00","14811","14856","15025","122","121","121","4029","4178","4228"
"02.08.2025 17:00 - 02.08.2025 18:00","12771","12982","12916","164","168","168","4252","4214","4265"
"02.08.2025 18:00 - 02.08.2025 19:00","9937","10118","9996","204","203","203","4275","4338","4380"
"02.08.2025 19:00 - 02.08.2025 20:00","6348","6443","6397","235","222","222","4255","4134","4163"
"02.08.2025 20:00 - 02.08.2025 21:00","2919","2959","2925","256","224","224","3900","3640","3649"
"02.08.2025 21:00 - 02.08.2025 22:00","711","717","703","287","226","226","3532","3288","3266"
"02.08.2025 22:00 - 02.08.2025 23:00","36","37","37","336","258","258","3433","3431","3388"
"02.08.2025 23:00 - 03.08.2025 00:00","0","0","0","397","324","324","3286","3231","3192"
"03.08.2025 00:00 - 03.08.2025 01:00","0","0","0","300","300","300","2743","2645","2946"
"03.08.2025 01:00 - 03.08.2025 02:00","0","0","0","290","290","290","2528","2486","2776"
"03.08.2025 02:00 - 03.08.2025 03:00","0","0","0","264","264","264","2497","2388","2651"
"03.08.2025 03:00 - 03.08.2025 04:00","0","0","0","249","249","249","2471","2399","2647"
"03.08.2025 04:00 - 03.08.2025 05:00","0","0","0","226","226","226","2377","2409","2634"
"03.08.2025 05:00 - 03.08.2025 06:00","0","0","0","190","190","190","2310","2385","2575"
"03.08.2025 06:00 - 03.08.2025 07:00","0","0","0","167","167","167","2249","2328","2495"
"03.08.2025 07:00 - 03.08.2025 08:00","259","267","267","136","136","136","2229","2541","2459"
"03.08.2025 08:00 - 03.08.2025 09:00","1884","1949","1949","123","130","130","2226","2365","2257"
"03.08.2025 09:00 - 03.08.2025 10:00","5288","5369","5369","131","134","134","1828","2102","1841"
"03.08.2025 10:00 - 03.08.2025 11:00","9436","9492","9407","167","192","192","1351","1704","1594"
"03.08.2025 11:00 - 03.08.2025 12:00","11625","11633","11499","218","221","221","1146","1439","1352"
"03.08.2025 12:00 - 03.08.2025 13:00","11398","11404","11192","239","232","232","1498","1720","1638"
"03.08.2025 13:00 - 03.08.2025 14:00","12261","12312","12121","249","255","255","1811","2009","1948"
"03.08.2025 14:00 - 03.08.2025 15:00","12524","12568","12327","298","345","345","1982","2249","2235"
"03.08.2025 15:00 - 03.08.2025 16:00","12080","12226","12025","375","449","449","2085","2512","2532"
"03.08.2025 16:00 - 03.08.2025 17:00","11000","11190","11188","454","568","568","2111","2648","2712"
"03.08.2025 17:00 - 03.08.2025 18:00","9324","9501","9611","562","666","666","2217","2880","2938"
"03.08.2025 18:00 - 03.08.2025 19:00","7045","7282","7392","645","715","715","2429","3166","3193"
"03.08.2025 19:00 - 03.08.2025 20:00","5695","5933","6067","708","766","766","4180","4771","4787"
"03.08.2025 20:00 - 03.08.2025 21:00","2622","2711","2797","729","761","761","4178","4538","4529"
"03.08.2025 21:00 - 03.08.2025 22:00","610","622","644","705","750","750","3857","4160","4164"
"03.08.2025 22:00 - 03.08.2025 23:00","25","25","26","685","703","703","3801","4163","4143"
"03.08.2025 23:00 - 04.08.2025 00:00","0","0","0","618","616","616","3908","4409","4369"
"04.08.2025 00:00 - 04.08.2025 01:00","0","0","0","537","537","537","4306","4452","4990"
"04.08.2025 01:00 - 04.08.2025 02:00","0","0","0","477","477","477","4120","4408","4885"
"04.08.2025 02:00 - 04.08.2025 03:00","0","0","0","413","413","413","4014","4148","4560"
"04.08.2025 03:00 - 04.08.2025 04:00","0","0","0","352","352","352","3779","3782","4134"
"04.08.2025 04:00 - 04.08.2025 05:00","0","0","0","300","300","300","3340","3375","3675"
"04.08.2025 05:00 - 04.08.2025 06:00","0","0","0","272","272","272","2897","3014","3286"
"04.08.2025 06:00 - 04.08.2025 07:00","0","0","0","281","281","281","2610","2728","3009"
"04.08.2025 07:00 - 04.08.2025 08:00","181","193","193","297","297","297","2484","2289","2832"
"04.08.2025 08:00 - 04.08.2025 09:00","1407","1545","1545","305","263","263","2342","1924","2456"
"04.08.2025 09:00 - 04.08.2025 10:00","4006","4323","4323","329","328","328","2313","1835","2281"
"04.08.2025 10:00 - 04.08.2025 11:00","7159","7737","7354","381","389","389","2344","2088","2023"
"04.08.2025 11:00 - 04.08.2025 12:00","9891","10765","10474","423","410","410","2598","2780","2745"
"04.08.2025 12:00 - 04.08.2025 13:00","12177","12938","12841","416","407","407","3148","3481","3467"
"04.08.2025 13:00 - 04.08.2025 14:00","13817","14363","14504","409","392","392","3637","4077","4066"
"04.08.2025 14:00 - 04.08.2025 15:00","14565","15058","15440","521","453","453","3921","4380","4326"
"04.08.2025 15:00 - 04.08.2025 16:00","14570","15144","15606","668","607","607","4347","4452","4409"
"04.08.2025 16:00 - 04.08.2025 17:00","13949","14363","14800","803","751","751","4792","4695","4664"
"04.08.2025 17:00 - 04.08.2025 18:00","12279","12592","12991","886","885","885","5188","5011","5033"
"04.08.2025 18:00 - 04.08.2025 19:00","9696","9885","10211","945","973","973","5289","5046","5098"
"04.08.2025 19:00 - 04.08.2025 20:00","6221","6332","6550","1012","1044","1044","4864","4557","4614"
"04.08.2025 20:00 - 04.08.2025 21:00","2836","2888","2973","1016","1065","1065","3986","3832","3906"
"04.08.2025 21:00 - 04.08.2025 22:00","669","675","687","979","1038","1038","3545","3874","3958"
"04.08.2025 22:00 - 04.08.2025 23:00","25","25","25","937","994","994","3436","4242","4325"
"04.08.2025 23:00 - 05.08.2025 00:00","0","0","0","909","931","931","3389","4494","4541"
"05.08.2025 00:00 - 05.08.2025 01:00","0","0","0","817","817","817","4207","4160","4977"
"05.08.2025 01:00 - 05.08.2025 02:00","0","0","0","812","812","812","3400","3369","4181"
"05.08.2025 02:00 - 05.08.2025 03:00","0","0","0","803","803","803","2168","2149","2952"
"05.08.2025 03:00 - 05.08.2025 04:00","0","0","0","840","840","840","1891","1914","2754"
"05.08.2025 04:00 - 05.08.2025 05:00","0","0","0","638","638","638","1955","2056","2694"
"05.08.2025 05:00 - 05.08.2025 06:00","0","0","0","687","687","687","1909","2097","2784"
"05.08.2025 06:00 - 05.08.2025 07:00","0","0","0","816","816","816","1936","2115","2931"
"05.08.2025 07:00 - 05.08.2025 08:00","222","210","210","839","839","839","3314","4366","4409"
"05.08.2025 08:00 - 05.08.2025 09:00","1807","1793","1793","766","781","781","3665","3816","3935"
"05.08.2025 09:00 - 05.08.2025 10:00","5184","5162","5162","710","620","620","3078","3140","3395"
"05.08.2025 10:00 - 05.08.2025 11:00","9338","9385","8696","460","119","119","2405","2706","2511"
"05.08.2025 11:00 - 05.08.2025 12:00","11614","11740","10971","380","89","89","2622","2850","2718"
"05.08.2025 12:00 - 05.08.2025 13:00","11308","11497","10952","371","89","89","2821","2991","2866"
"05.08.2025 13:00 - 05.08.2025 14:00","12007","12246","11931","385","89","89","3083","3156","3006"
"05.08.2025 14:00 - 05.08.2025 15:00","12013","12306","12301","426","89","89","3326","3459","3253"
"05.08.2025 15:00 - 05.08.2025 16:00","11760","12042","12245","480","89","89","3690","3982","3730"
"05.08.2025 16:00 - 05.08.2025 17:00","11145","11436","11635","523","200","200","4124","4499","4318"
"05.08.2025 17:00 - 05.08.2025 18:00","9827","10090","10225","630","624","624","4378","4547","4681"
"05.08.2025 18:00 - 05.08.2025 19:00","7752","7905","7965","653","643","643","4431","4640","4767"
"05.08.2025 19:00 - 05.08.2025 20:00","6455","6547","6596","608","585","585","6588","6909","6978"
"05.08.2025 20:00 - 05.08.2025 21:00","2991","3039","3058","556","554","554","5853","5950","6035"
"05.08.2025 21:00 - 05.08.2025 22:00","684","698","698","547","553","553","4923","4771","4865"
"05.08.2025 22:00 - 05.08.2025 23:00","24","24","24","563","560","560","4749","4600","4684"
"05.08.2025 23:00 - 06.08.2025 00:00","0","0","0","529","508","508","5070","4922","4987"
"06.08.2025 00:00 - 06.08.2025 01:00","0","0","0","478","478","478","4379","4428","4906"
"06.08.2025 01:00 - 06.08.2025 02:00","0","0","0","398","398","398","4032","4048","4446"
"06.08.2025 02:00 - 06.08.2025 03:00","0","0","0","344","344","344","3625","3656","4000"
"06.08.2025 03:00 - 06.08.2025 04:00","0","0","0","281","281","281","3247","3307","3587"
"06.08.2025 04:00 - 06.08.2025 05:00","0","0","0","216","216","216","2884","2857","3072"
"06.08.2025 05:00 - 06.08.2025 06:00","0","0","0","169","169","169","2548","2415","2584"
"06.08.2025 06:00 - 06.08.2025 07:00","0","0","0","139","139","139","2265","2135","2274"
"06.08.2025 07:00 - 06.08.2025 08:00","189","187","187","112","112","112","2036","2103","2056"
"06.08.2025 08:00 - 06.08.2025 09:00","1531","1508","1508","95","101","101","1780","1777","1707"
"06.08.2025 09:00 - 06.08.2025 10:00","4481","4326","4326","76","75","75","1294","1335","1257"
"06.08.2025 10:00 - 06.08.2025 11:00","8313","8057","7754","55","54","54","823","886","1154"
"06.08.2025 11:00 - 06.08.2025 12:00","10568","10350","10034","36","36","36","563","641","804"
"06.08.2025 12:00 - 06.08.2025 13:00","10604","10484","10347","25","22","22","575","674","811"
"06.08.2025 13:00 - 06.08.2025 14:00","11677","11651","11653","13","14","14","589","679","804"
"06.08.2025 14:00 - 06.08.2025 15:00","12273","12091","12299","9","10","10","569","632","743"
"06.08.2025 15:00 - 06.08.2025 16:00","12244","11940","12394","15","14","14","548","572","671"
"06.08.2025 16:00 - 06.08.2025 17:00","11657","11285","11739","29","27","27","512","555","644"
"06.08.2025 17:00 - 06.08.2025 18:00","13392","13026","13552","52","47","47","767","902","1022"
"06.08.2025 18:00 - 06.08.2025 19:00","10633","10439","10801","81","76","76","809","974","1092"
"06.08.2025 19:00 - 06.08.2025 20:00","6642","6580","6723","125","119","119","888","1016","1128"
"06.08.2025 20:00 - 06.08.2025 21:00","2908","2907","2930","156","150","150","1012","1058","1163"
"06.08.2025 21:00 - 06.08.2025 22:00","643","646","642","162","159","159","1351","1339","1444"
"06.08.2025 22:00 - 06.08.2025 23:00","18","18","17","150","148","148","1844","1806","1911"
"06.08.2025 23:00 - 07.08.2025 00:00","0","0","0","140","130","130","2123","2079","2172"
"07.08.2025 00:00 - 07.08.2025 01:00","0","0","0","93","93","93","2001","2004","2096"
"07.08.2025 01:00 - 07.08.2025 02:00","0","0","0","67","67","67","1850","1840","1906"
"07.08.2025 02:00 - 07.08.2025 03:00","0","0","0","52","52","52","1621","1605","1656"
"07.08.2025 03:00 - 07.08.2025 04:00","0","0","0","41","41","41","1405","1428","1469"
"07.08.2025 04:00 - 07.08.2025 05:00","0","0","0","32","32","32","1266","1366","1398"
"07.08.2025 05:00 - 07.08.2025 06:00","0","0","0","30","30","30","1243","1379","1409"
"07.08.2025 06:00 - 07.08.2025 07:00","0","0","0","31","31","31","1274","1372","1403"
"07.08.2025 07:00 - 07.08.2025 08:00","200","200","200","31","31","31","1275","1277","1366"
"07.08.2025 08:00 - 07.08.2025 09:00","1771","1839","1839","33","21","21","1230","1234","1251"
"07.08.2025 09:00 - 07.08.2025 10:00","5247","5408","5408","37","32","32","1194","1273","1249"
"07.08.2025 10:00 - 07.08.2025 11:00","9670","9831","10128","44","38","38","817","823","885"
"07.08.2025 11:00 - 07.08.2025 12:00","13625","13782","14075","55","42","42","635","593","632"
"07.08.2025 12:00 - 07.08.2025 13:00","14781","14893","15114","64","47","47","629","636","656"
"07.08.2025 13:00 - 07.08.2025 14:00","13387","13446","13538","69","51","51","545","588","589"
"07.08.2025 14:00 - 07.08.2025 15:00","13924","13929","13931","68","46","46","652","720","715"
"07.08.2025 15:00 - 07.08.2025 16:00","13670","13719","13673","66","47","47","744","786","782"
"07.08.2025 16:00 - 07.08.2025 17:00","12705","12800","12764","88","69","69","789","829","824"
"07.08.2025 17:00 - 07.08.2025 18:00","14413","14514","14523","127","105","105","1221","1378","1381"
"07.08.2025 18:00 - 07.08.2025 19:00","11267","11348","11346","176","161","161","1224","1430","1440"
"07.08.2025 19:00 - 07.08.2025 20:00","6916","6968","6962","216","261","261","1125","1163","1232"
"07.08.2025 20:00 - 07.08.2025 21:00","2983","3001","3002","279","343","343","992","947","1033"
"07.08.2025 21:00 - 07.08.2025 22:00","642","645","645","330","388","388","1085","1093","1173"
"07.08.2025 22:00 - 07.08.2025 23:00","14","14","14","371","392","392","1285","1422","1464"
"07.08.2025 23:00 - 08.08.2025 00:00","0","0","0","351","397","397","1557","1689","1756"
"08.08.2025 00:00 - 08.08.2025 01:00","0","0","0","364","364","364","1920","1902","2265"
"08.08.2025 01:00 - 08.08.2025 02:00","0","0","0","378","378","378","1904","1980","2357"
"08.08.2025 02:00 - 08.08.2025 03:00","0","0","0","361","361","361","1850","2057","2418"
"08.08.2025 03:00 - 08.08.2025 04:00","0","0","0","307","307","307","1857","2113","2420"
"08.08.2025 04:00 - 08.08.2025 05:00","0","0","0","263","263","263","1983","2171","2434"
"08.08.2025 05:00 - 08.08.2025 06:00","0","0","0","204","204","204","2106","2198","2401"
"08.08.2025 06:00 - 08.08.2025 07:00","0","0","0","148","148","148","2087","2153","2301"
"08.08.2025 07:00 - 08.08.2025 08:00","177","182","182","105","105","105","1955","1703","2123"
"08.08.2025 08:00 - 08.08.2025 09:00","1704","1755","1755","75","80","80","1626","1413","1701"
"08.08.2025 09:00 - 08.08.2025 10:00","5063","5187","5187","52","64","64","1270","1069","1350"
"08.08.2025 10:00 - 08.08.2025 11:00","9243","9470","9770","30","42","42","982","765","930"
"08.08.2025 11:00 - 08.08.2025 12:00","12969","13153","13457","19","26","26","863","679","818"
"08.08.2025 12:00 - 08.08.2025 13:00","15442","15560","15781","17","24","24","860","752","873"
"08.08.2025 13:00 - 08.08.2025 14:00","15157","15103","15359","18","26","26","761","757","859"
"08.08.2025 14:00 - 08.08.2025 15:00","12707","12505","12887","20","30","30","599","616","697"
"08.08.2025 15:00 - 08.08.2025 16:00","12347","12135","12558","29","39","39","671","683","757"
"08.08.2025 16:00 - 08.08.2025 17:00","11413","11277","11487","38","44","44","719","761","825"
"08.08.2025 17:00 - 08.08.2025 18:00","12880","12766","13016","51","61","61","1114","1223","1305"
"08.08.2025 18:00 - 08.08.2025 19:00","10105","9996","10239","82","88","88","1091","1311","1388"
"08.08.2025 19:00 - 08.08.2025 20:00","6226","6167","6289","115","128","128","1074","1366","1448"
"08.08.2025 20:00 - 08.08.2025 21:00","2655","2641","2690","130","141","141","1203","1476","1554"
"08.08.2025 21:00 - 08.08.2025 22:00","557","556","567","136","137","137","1489","1675","1743"
"08.08.2025 22:00 - 08.08.2025 23:00","9","9","10","136","129","129","1866","1837","1895"
"08.08.2025 23:00 - 09.08.2025 00:00","0","0","0","134","117","117","2242","2011","2056"
"09.08.2025 00:00 - 09.08.2025 01:00","0","0","0","115","115","115","2103","2156","2270"
"09.08.2025 01:00 - 09.08.2025 02:00","0","0","0","96","96","96","2066","2091","2187"
"09.08.2025 02:00 - 09.08.2025 03:00","0","0","0","86","86","86","1786","1813","1899"
"09.08.2025 03:00 - 09.08.2025 04:00","0","0","0","80","80","80","1544","1558","1638"
"09.08.2025 04:00 - 09.08.2025 05:00","0","0","0","84","84","84","1366","1360","1444"
"09.08.2025 05:00 - 09.08.2025 06:00","0","0","0","95","95","95","1218","1204","1299"
"09.08.2025 06:00 - 09.08.2025 07:00","0","0","0","103","103","103","1141","1130","1232"
"09.08.2025 07:00 - 09.08.2025 08:00","149","161","161","102","102","102","1115","1400","1209"
"09.08.2025 08:00 - 09.08.2025 09:00","1633","1705","1705","101","107","107","1091","1307","1056"
"09.08.2025 09:00 - 09.08.2025 10:00","5054","5163","5163","98","94","94","928","1081","901"
"09.08.2025 10:00 - 09.08.2025 11:00","8384","8489","8739","97","80","80","603","752","777"
"09.08.2025 11:00 - 09.08.2025 12:00","9859","9908","10163","99","71","71","389","534","531"
"09.08.2025 12:00 - 09.08.2025 13:00","11859","11924","12177","118","85","85","403","526","513"
"09.08.2025 13:00 - 09.08.2025 14:00","12968","13070","13323","135","80","80","508","597","558"
"09.08.2025 14:00 - 09.08.2025 15:00","13354","13490","13718","146","80","80","748","762","708"
"09.08.2025 15:00 - 09.08.2025 16:00","13192","13356","13495","182","125","125","1011","928","882"
"09.08.2025 16:00 - 09.08.2025 17:00","12347","12495","12591","315","298","298","1049","968","961"
"09.08.2025 17:00 - 09.08.2025 18:00","10673","10798","10864","370","366","366","1147","1114","1120"
"09.08.2025 18:00 - 09.08.2025 19:00","10717","10809","10843","430","426","426","2085","2026","2033"
"09.08.2025 19:00 - 09.08.2025 20:00","6792","6832","6836","477","464","464","2519","2424","2422"
"09.08.2025 20:00 - 09.08.2025 21:00","2893","2915","2902","488","482","482","2942","2798","2802"
"09.08.2025 21:00 - 09.08.2025 22:00","604","611","604","489","477","477","3651","3491","3489"
"09.08.2025 22:00 - 09.08.2025 23:00","9","9","9","510","507","507","4374","4371","4378"
"09.08.2025 23:00 - 10.08.2025 00:00","0","0","0","532","524","524","4905","5040","5041"
"10.08.2025 00:00 - 10.08.2025 01:00","0","0","0","431","431","431","5034","5246","5677"
"10.08.2025 01:00 - 10.08.2025 02:00","0","0","0","381","381","381","4995","5212","5594"
"10.08.2025 02:00 - 10.08.2025 03:00","0","0","0","326","326","326","4695","4775","5101"
"10.08.2025 03:00 - 10.08.2025 04:00","0","0","0","282","282","282","4288","4322","4604"
"10.08.2025 04:00 - 10.08.2025 05:00","0","0","0","257","257","257","3894","3952","4209"
"10.08.2025 05:00 - 10.08.2025 06:00","0","0","0","240","240","240","3554","3633","3873"
"10.08.2025 06:00 - 10.08.2025 07:00","0","0","0","225","225","225","3295","3370","3595"
"10.08.2025 07:00 - 10.08.2025 08:00","149","155","155","207","207","207","3068","3137","3351"
"10.08.2025 08:00 - 10.08.2025 09:00","1721","1781","1781","180","210","210","2887","2824","2945"
"10.08.2025 09:00 - 10.08.2025 10:00","4700","4820","4820","133","152","152","1936","1906","1975"
"10.08.2025 10:00 - 10.08.2025 11:00","7393","7516","7653","58","56","56","1074","1058","977"
"10.08.2025 11:00 - 10.08.2025 12:00","10465","10550","10750","58","50","50","957","954","884"
"10.08.2025 12:00 - 10.08.2025 13:00","12573","12639","12877","53","47","47","939","940","884"
"10.08.2025 13:00 - 10.08.2025 14:00","13655","13749","14028","52","49","49","936","933","889"
"10.08.2025 14:00 - 10.08.2025 15:00","13992","14112","14356","55","57","57","951","939","908"
"10.08.2025 15:00 - 10.08.2025 16:00","13733","13832","14028","79","73","73","984","965","934"
"10.08.2025 16:00 - 10.08.2025 17:00","12834","12905","13017","97","93","93","1052","1053","1030"
"10.08.2025 17:00 - 10.08.2025 18:00","11089","11151","11214","199","211","211","1071","1101","1099"
"10.08.2025 18:00 - 10.08.2025 19:00","11026","11117","11173","316","345","345","1814","1842","1856"
"10.08.2025 19:00 - 10.08.2025 20:00","6907","6972","7021","459","487","487","2152","2167","2178"
"10.08.2025 20:00 - 10.08.2025 21:00","2902","2922","2955","613","634","634","2546","2558","2562"
"10.08.2025 21:00 - 10.08.2025 22:00","592","594","603","757","767","767","3466","3385","3379"
"10.08.2025 22:00 - 10.08.2025 23:00","7","7","8","831","851","851","4780","4639","4645"
"10.08.2025 23:00 - 11.08.2025 00:00","0","0","0","883","866","866","5555","5470","5440"
"11.08.2025 00:00 - 11.08.2025 01:00","0","0","0","956","956","956","5517","5470","6427"
"11.08.2025 01:00 - 11.08.2025 02:00","0","0","0","947","947","947","5492","5525","6472"
"11.08.2025 02:00 - 11.08.2025 03:00","0","0","0","890","890","890","5464","5525","6414"
"11.08.2025 03:00 - 11.08.2025 04:00","0","0","0","822","822","822","5283","5377","6199"
"11.08.2025 04:00 - 11.08.2025 05:00","0","0","0","737","737","737","5060","5126","5863"
"11.08.2025 05:00 - 11.08.2025 06:00","0","0","0","672","672","672","4826","4842","5514"
"11.08.2025 06:00 - 11.08.2025 07:00","0","0","0","621","621","621","4575","4600","5221"
"11.08.2025 07:00 - 11.08.2025 08:00","139","141","141","597","597","597","4431","5072","4975"
"11.08.2025 08:00 - 11.08.2025 09:00","1711","1740","1740","574","640","640","4129","4173","3913"
"11.08.2025 09:00 - 11.08.2025 10:00","5372","5438","5438","517","562","562","3773","4012","3738"
"11.08.2025 10:00 - 11.08.2025 11:00","10017","10116","10154","534","483","483","2554","2744","2489"
"11.08.2025 11:00 - 11.08.2025 12:00","14091","14192","14267","457","417","417","1987","1805","1662"
"11.08.2025 12:00 - 11.08.2025 13:00","16903","16988","17083","380","372","372","2216","1739","1635"
"11.08.2025 13:00 - 11.08.2025 14:00","18415","18519","18609","364","379","379","2339","1912","1842"
"11.08.2025 14:00 - 11.08.2025 15:00","18896","19031","19094","440","420","420","2178","1887","1796"
"11.08.2025 15:00 - 11.08.2025 16:00","18488","18612","18677","567","529","529","1904","1767","1666"
"11.08.2025 16:00 - 11.08.2025 17:00","17172","17252","17314","666","606","606","1773","1616","1504"
"11.08.2025 17:00 - 11.08.2025 18:00","14759","14833","14885","727","712","712","1830","1450","1391"
"11.08.2025 18:00 - 11.08.2025 19:00","11200","11279","11313","765","823","823","1927","1497","1519"
"11.08.2025 19:00 - 11.08.2025 20:00","6786","6860","6873","832","964","964","2036","1636","1737"
"11.08.2025 20:00 - 11.08.2025 21:00","2805","2843","2851","939","1030","1030","2275","1954","2013"
"11.08.2025 21:00 - 11.08.2025 22:00","559","566","570","1010","1026","1026","3099","2875","2857"
"11.08.2025 22:00 - 11.08.2025 23:00","5","5","5","1000","1017","1017","4375","4090","4073"
"11.08.2025 23:00 - 12.08.2025 00:00","0","0","0","971","999","999","5086","4769","4765"
"12.08.2025 00:00 - 12.08.2025 01:00","0","0","0","956","956","956","4557","4486","5442"
"12.08.2025 01:00 - 12.08.2025 02:00","0","0","0","869","869","869","4466","4394","5263"
"12.08.2025 02:00 - 12.08.2025 03:00","0","0","0","738","738","738","4424","4358","5096"
"12.08.2025 03:00 - 12.08.2025 04:00","0","0","0","591","591","591","4436","4376","4967"
"12.08.2025 04:00 - 12.08.2025 05:00","0","0","0","541","541","541","4185","4130","4671"
"12.08.2025 05:00 - 12.08.2025 06:00","0","0","0","546","546","546","3814","3763","4309"
"12.08.2025 06:00 - 12.08.2025 07:00","0","0","0","497","497","497","3585","3537","4034"
"12.08.2025 07:00 - 12.08.2025 08:00","120","121","121","415","415","415","3686","3945","4055"
"12.08.2025 08:00 - 12.08.2025 09:00","1643","1635","1635","375","479","479","3537","3495","3389"
"12.08.2025 09:00 - 12.08.2025 10:00","5246","5219","5219","318","289","289","3695","3494","3680"
"12.08.2025 10:00 - 12.08.2025 11:00","9864","9835","9674","269","203","203","2523","2233","1881"
"12.08.2025 11:00 - 12.08.2025 12:00","13943","13988","13771","236","185","185","1418","1350","1141"
"12.08.2025 12:00 - 12.08.2025 13:00","16783","16879","16643","217","164","164","1228","1322","1140"
"12.08.2025 13:00 - 12.08.2025 14:00","18362","18413","18278","182","151","151","1371","1428","1289"
"12.08.2025 14:00 - 12.08.2025 15:00","18892","18917","18817","149","175","175","1614","1594","1521"
"12.08.2025 15:00 - 12.08.2025 16:00","18477","18504","18434","125","175","175","1906","1942","1905"
"12.08.2025 16:00 - 12.08.2025 17:00","17062","17148","17105","125","166","166","2169","2392","2358"
"12.08.2025 17:00 - 12.08.2025 18:00","14613","14707","14675","120","150","150","2379","2745","2709"
"12.08.2025 18:00 - 12.08.2025 19:00","11002","11087","11064","112","131","131","2440","2789","2748"
"12.08.2025 19:00 - 12.08.2025 20:00","6594","6675","6653","98","107","107","2203","2541","2494"
"12.08.2025 20:00 - 12.08.2025 21:00","2685","2727","2713","83","83","83","1758","2146","2091"
"12.08.2025 21:00 - 12.08.2025 22:00","523","531","528","72","69","69","1568","1951","1895"
"12.08.2025 22:00 - 12.08.2025 23:00","4","4","4","59","53","53","1649","1993","1939"
"12.08.2025 23:00 - 13.08.2025 00:00","0","0","0","62","47","47","1670","2028","1972"
"13.08.2025 00:00 - 13.08.2025 01:00","0","0","0","43","43","43","1824","1827","1870"
"13.08.2025 01:00 - 13.08.2025 02:00","0","0","0","52","52","52","1620","1617","1669"
"13.08.2025 02:00 - 13.08.2025 03:00","0","0","0","56","56","56","1400","1394","1450"
"13.08.2025 03:00 - 13.08.2025 04:00","0","0","0","56","56","56","1223","1218","1274"
"13.08.2025 04:00 - 13.08.2025 05:00","0","0","0","58","58","58","1087","1084","1142"
"13.08.2025 05:00 - 13.08.2025 06:00","0","0","0","48","48","48","1030","1025","1073"
"13.08.2025 06:00 - 13.08.2025 07:00","0","0","0","36","36","36","1044","1039","1075"
"13.08.2025 07:00 - 13.08.2025 08:00","104","105","105","30","30","30","1088","1104","1114"
"13.08.2025 08:00 - 13.08.2025 09:00","1464","1435","1435","23","18","18","1173","918","1175"
"13.08.2025 09:00 - 13.08.2025 10:00","4647","4586","4586","28","18","18","1276","856","1280"
"13.08.2025 10:00 - 13.08.2025 11:00","8657","8669","8050","26","14","14","1088","838","976"
"13.08.2025 11:00 - 13.08.2025 12:00","12044","12288","11686","22","17","17","869","764","864"
"13.08.2025 12:00 - 13.08.2025 13:00","14369","14833","14154","23","27","27","989","728","807"
"13.08.2025 13:00 - 13.08.2025 14:00","15731","16014","15692","38","33","33","999","836","887"
"13.08.2025 14:00 - 13.08.2025 15:00","16215","16342","16372","53","34","34","1119","999","1024"
"13.08.2025 15:00 - 13.08.2025 16:00","15580","15922","16154","52","40","40","1291","1127","1149"
"13.08.2025 16:00 - 13.08.2025 17:00","14225","14564","14952","63","49","49","1336","1224","1238"
"13.08.2025 17:00 - 13.08.2025 18:00","12013","12334","12708","66","52","52","1380","1345","1356"
"13.08.2025 18:00 - 13.08.2025 19:00","9030","9246","9446","52","57","57","1682","1524","1553"
"13.08.2025 19:00 - 13.08.2025 20:00","5433","5537","5568","53","62","62","2177","1688","1720"
"13.08.2025 20:00 - 13.08.2025 21:00","2185","2223","2217","70","80","80","2349","2085","2116"
"13.08.2025 21:00 - 13.08.2025 22:00","418","421","422","93","90","90","2161","2559","2573"
"13.08.2025 22:00 - 13.08.2025 23:00","3","3","3","103","98","98","1963","2903","2914"
"13.08.2025 23:00 - 14.08.2025 00:00","0","0","0","119","105","105","1687","3028","3030"
"14.08.2025 00:00 - 14.08.2025 01:00","0","0","0","133","133","133","2435","2587","2720"
"14.08.2025 01:00 - 14.08.2025 02:00","0","0","0","126","126","126","2648","2776","2901"
"14.08.2025 02:00 - 14.08.2025 03:00","0","0","0","126","126","126","3033","3144","3270"
"14.08.2025 03:00 - 14.08.2025 04:00","0","0","0","121","121","121","3000","3099","3220"
"14.08.2025 04:00 - 14.08.2025 05:00","0","0","0","114","114","114","2745","2835","2949"
"14.08.2025 05:00 - 14.08.2025 06:00","0","0","0","109","109","109","2626","2710","2819"
"14.08.2025 06:00 - 14.08.2025 07:00","0","0","0","100","100","100","2548","2627","2726"
"14.08.2025 07:00 - 14.08.2025 08:00","81","76","76","85","85","85","2329","1741","2487"
"14.08.2025 08:00 - 14.08.2025 09:00","1392","1377","1377","74","64","64","1921","1393","2001"
"14.08.2025 09:00 - 14.08.2025 10:00","4663","4616","4616","66","63","63","1415","1128","1485"
"14.08.2025 10:00 - 14.08.2025 11:00","8960","8899","8635","55","53","53","903","867","771"
"14.08.2025 11:00 - 14.08.2025 12:00","12787","12791","12466","50","39","39","691","792","665"
"14.08.2025 12:00 - 14.08.2025 13:00","15521","15508","15258","49","27","27","641","789","654"
"14.08.2025 13:00 - 14.08.2025 14:00","16975","16930","16942","50","23","23","649","787","658"
"14.08.2025 14:00 - 14.08.2025 15:00","17491","17399","17568","57","27","27","756","822","699"
"14.08.2025 15:00 - 14.08.2025 16:00","17103","16971","17306","70","42","42","921","903","786"
"14.08.2025 16:00 - 14.08.2025 17:00","15854","15595","16182","88","60","60","1116","1005","891"
"14.08.2025 17:00 - 14.08.2025 18:00","13568","13258","13943","112","90","90","1302","1091","985"
"14.08.2025 18:00 - 14.08.2025 19:00","10247","10042","10494","145","132","132","1415","1205","1113"
"14.08.2025 19:00 - 14.08.2025 20:00","6175","6057","6290","185","183","183","1559","1344","1266"
"14.08.2025 20:00 - 14.08.2025 21:00","2490","2444","2537","225","230","230","1719","1529","1461"
"14.08.2025 21:00 - 14.08.2025 22:00","472","467","481","305","300","300","2149","2007","1932"
"14.08.2025 22:00 - 14.08.2025 23:00","2","2","2","413","419","419","2711","2870","2806"
"14.08.2025 23:00 - 15.08.2025 00:00","0","0","0","491","494","494","3128","3928","3861"
"15.08.2025 00:00 - 15.08.2025 01:00","0","0","0","516","516","516","4245","4274","4790"
"15.08.2025 01:00 - 15.08.2025 02:00","0","0","0","520","520","520","4486","4510","5029"
"15.08.2025 02:00 - 15.08.2025 03:00","0","0","0","524","524","524","4335","4355","4879"
"15.08.2025 03:00 - 15.08.2025 04:00","0","0","0","525","525","525","4057","4075","4600"
"15.08.2025 04:00 - 15.08.2025 05:00","0","0","0","525","525","525","3793","3810","4335"
"15.08.2025 05:00 - 15.08.2025 06:00","0","0","0","525","525","525","3480","3495","4020"
"15.08.2025 06:00 - 15.08.2025 07:00","0","0","0","529","529","529","3170","3183","3712"
"15.08.2025 07:00 - 15.08.2025 08:00","79","79","79","527","527","527","2939","3428","3477"
"15.08.2025 08:00 - 15.08.2025 09:00","1485","1498","1498","518","583","583","2756","2837","2701"
"15.08.2025 09:00 - 15.08.2025 10:00","4979","5041","5041","490","549","549","2152","2226","2103"
"15.08.2025 10:00 - 15.08.2025 11:00","9534","9687","9855","460","515","515","1403","1475","1532"
"15.08.2025 11:00 - 15.08.2025 12:00","13594","13749","14000","435","478","478","1113","1243","1291"
"15.08.2025 12:00 - 15.08.2025 13:00","16413","16520","16836","296","328","328","1277","1421","1456"
"15.08.2025 13:00 - 15.08.2025 14:00","17942","18087","18357","265","315","315","1470","1535","1589"
"15.08.2025 14:00 - 15.08.2025 15:00","18428","18582","18821","287","314","314","1634","1681","1714"
"15.08.2025 15:00 - 15.08.2025 16:00","18073","18129","18329","332","333","333","1776","1845","1852"
"15.08.2025 16:00 - 15.08.2025 17:00","16809","16798","16977","397","380","380","1899","2009","2000"
"15.08.2025 17:00 - 15.08.2025 18:00","14420","14395","14516","471","461","461","2037","2148","2147"
"15.08.2025 18:00 - 15.08.2025 19:00","10805","10825","10930","524","537","537","2303","2431","2455"
"15.08.2025 19:00 - 15.08.2025 20:00","6389","6417","6518","608","678","678","2656","2803","2885"
"15.08.2025 20:00 - 15.08.2025 21:00","2516","2532","2571","748","855","855","3092","3298","3416"
"15.08.2025 21:00 - 15.08.2025 22:00","464","471","473","919","1026","1026","4081","4410","4529"
"15.08.2025 22:00 - 15.08.2025 23:00","2","2","2","1080","1198","1198","5289","5634","5763"
"15.08.2025 23:00 - 16.08.2025 00:00","0","0","0","1223","1320","1320","5704","6098","6207"
"16.08.2025 00:00 - 16.08.2025 01:00","0","0","0","1342","1342","1342","5899","5861","7203"
"16.08.2025 01:00 - 16.08.2025 02:00","0","0","0","1330","1330","1330","5633","5574","6904"
"16.08.2025 02:00 - 16.08.2025 03:00","0","0","0","1296","1296","1296","5281","5260","6556"
"16.08.2025 03:00 - 16.08.2025 04:00","0","0","0","1306","1306","1306","4906","4947","6253"
"16.08.2025 04:00 - 16.08.2025 05:00","0","0","0","1336","1336","1336","4779","4844","6179"
"16.08.2025 05:00 - 16.08.2025 06:00","0","0","0","1356","1356","1356","4876","4890","6246"
"16.08.2025 06:00 - 16.08.2025 07:00","0","0","0","1364","1364","1364","4915","4901","6265"
"16.08.2025 07:00 - 16.08.2025 08:00","67","67","67","1367","1367","1367","4883","6420","6234"
"16.08.2025 08:00 - 16.08.2025 09:00","1428","1445","1445","1363","1445","1445","4713","4847","4572"
"16.08.2025 09:00 - 16.08.2025 10:00","4896","4960","4960","1348","1346","1346","3985","4110","3918"
"16.08.2025 10:00 - 16.08.2025 11:00","9495","9588","9612","1311","1319","1319","3094","3151","3255"
"16.08.2025 11:00 - 16.08.2025 12:00","13622","13685","13737","1262","1284","1284","2773","2789","2883"
"16.08.2025 12:00 - 16.08.2025 13:00","16505","16574","16635","1237","1256","1256","3004","2941","3019"
"16.08.2025 13:00 - 16.08.2025 14:00","16379","16418","16467","1220","1242","1242","2811","2707","2776"
"16.08.2025 14:00 - 16.08.2025 15:00","13926","13881","13940","1201","1209","1209","2085","2055","2099"
"16.08.2025 15:00 - 16.08.2025 16:00","13675","13635","13699","1170","1157","1157","2238","2242","2260"
"16.08.2025 16:00 - 16.08.2025 17:00","12732","12689","12750","1128","1116","1116","2488","2472","2490"
"16.08.2025 17:00 - 16.08.2025 18:00","14356","14275","14340","1096","1082","1082","4473","4500","4515"
"16.08.2025 18:00 - 16.08.2025 19:00","11037","10992","11048","1079","1065","1065","5287","5252","5264"
"16.08.2025 19:00 - 16.08.2025 20:00","6515","6491","6505","1084","1060","1060","5979","5759","5759"
"16.08.2025 20:00 - 16.08.2025 21:00","2541","2529","2526","1100","1069","1069","6301","5978","5969"
"16.08.2025 21:00 - 16.08.2025 22:00","459","458","458","1125","1108","1108","6716","6350","6355"
"16.08.2025 22:00 - 16.08.2025 23:00","1","1","1","1176","1160","1160","7215","7011","7017"
"16.08.2025 23:00 - 17.08.2025 00:00","0","0","0","1241","1219","1219","7256","7375","7374"
"17.08.2025 00:00 - 17.08.2025 01:00","0","0","0","1214","1214","1214","6918","7021","8234"
"17.08.2025 01:00 - 17.08.2025 02:00","0","0","0","1230","1230","1230","6424","6652","7882"
"17.08.2025 02:00 - 17.08.2025 03:00","0","0","0","1222","1222","1222","5967","6279","7501"
"17.08.2025 03:00 - 17.08.2025 04:00","0","0","0","1203","1203","1203","5760","6062","7264"
"17.08.2025 04:00 - 17.08.2025 05:00","0","0","0","1199","1199","1199","5676","5878","7077"
"17.08.2025 05:00 - 17.08.2025 06:00","0","0","0","1187","1187","1187","5627","5693","6881"
"17.08.2025 06:00 - 17.08.2025 07:00","0","0","0","1131","1131","1131","5605","5496","6627"
"17.08.2025 07:00 - 17.08.2025 08:00","58","59","59","1077","1077","1077","5485","5659","6427"
"17.08.2025 08:00 - 17.08.2025 09:00","1415","1408","1408","1031","897","897","5215","4587","5239"
"17.08.2025 09:00 - 17.08.2025 10:00","4950","4923","4923","930","809","809","3933","3513","4034"
"17.08.2025 10:00 - 17.08.2025 11:00","9662","9680","9131","857","729","729","2812","2565","2380"
"17.08.2025 11:00 - 17.08.2025 12:00","13926","13967","13298","814","678","678","2443","2312","2145"
"17.08.2025 12:00 - 17.08.2025 13:00","16893","17002","16399","782","638","638","2335","2256","2094"
"17.08.2025 13:00 - 17.08.2025 14:00","18488","18654","18279","762","641","641","2389","2202","2071"
"17.08.2025 14:00 - 17.08.2025 15:00","18983","19242","18967","766","692","692","2516","2249","2170"
"17.08.2025 15:00 - 17.08.2025 16:00","18595","18790","18691","742","720","720","2770","2494","2471"
"17.08.2025 16:00 - 17.08.2025 17:00","17206","17336","17301","836","776","776","2949","2688","2629"
"17.08.2025 17:00 - 17.08.2025 18:00","14653","14812","14725","937","861","861","3114","2841","2770"
"17.08.2025 18:00 - 17.08.2025 19:00","10936","11057","11014","972","938","938","3459","3142","3116"
"17.08.2025 19:00 - 17.08.2025 20:00","6407","6477","6462","992","991","991","3905","3560","3568"
"17.08.2025 20:00 - 17.08.2025 21:00","2446","2489","2472","1023","1026","1026","4220","3876","3888"
"17.08.2025 21:00 - 17.08.2025 22:00","429","441","436","1071","1069","1069","4775","4502","4507"
"17.08.2025 22:00 - 17.08.2025 23:00","1","1","1","1119","1121","1121","5642","5368","5377"
"17.08.2025 23:00 - 18.08.2025 00:00","0","0","0","1158","1168","1168","6125","5774","5791"
"18.08.2025 00:00 - 18.08.2025 01:00","0","0","0","1137","1137","1137","5758","5737","6874"
"18.08.2025 01:00 - 18.08.2025 02:00","0","0","0","1134","1134","1134","5429","5413","6546"
"18.08.2025 02:00 - 18.08.2025 03:00","0","0","0","1092","1092","1092","5068","5054","6145"
"18.08.2025 03:00 - 18.08.2025 04:00","0","0","0","1006","1006","1006","4724","4711","5717"
"18.08.2025 04:00 - 18.08.2025 05:00","0","0","0","926","926","926","4418","4407","5333"
"18.08.2025 05:00 - 18.08.2025 06:00","0","0","0","809","809","809","4153","4144","4953"
"18.08.2025 06:00 - 18.08.2025 07:00","0","0","0","744","744","744","3935","3926","4671"
"18.08.2025 07:00 - 18.08.2025 08:00","49","49","49","692","692","692","3771","4773","4453"
"18.08.2025 08:00 - 18.08.2025 09:00","1306","1286","1286","651","504","504","3664","3898","3801"
"18.08.2025 09:00 - 18.08.2025 10:00","4566","4457","4457","593","421","421","2661","2958","2824"
"18.08.2025 10:00 - 18.08.2025 11:00","8827","8649","8845","485","431","431","1951","2217","1969"
"18.08.2025 11:00 - 18.08.2025 12:00","12480","12312","12650","424","388","388","1821","1943","1740"
"18.08.2025 12:00 - 18.08.2025 13:00","15067","14868","15142","388","411","411","1745","1712","1587"
"18.08.2025 13:00 - 18.08.2025 14:00","16666","16426","16472","381","434","434","1700","1598","1520"
"18.08.2025 14:00 - 18.08.2025 15:00","17177","17053","16961","505","480","480","1484","1390","1245"
"18.08.2025 15:00 - 18.08.2025 16:00","16661","16662","16618","649","577","577","1223","1194","1011"
"18.08.2025 16:00 - 18.08.2025 17:00","15284","15210","15269","812","737","737","1062","1099","919"
"18.08.2025 17:00 - 18.08.2025 18:00","12797","12822","12812","934","904","904","1094","1231","1103"
"18.08.2025 18:00 - 18.08.2025 19:00","9387","9406","9293","1011","1011","1011","1324","1342","1251"
"18.08.2025 19:00 - 18.08.2025 20:00","5373","5324","5252","1073","1039","1039","1637","1531","1411"
"18.08.2025 20:00 - 18.08.2025 21:00","1962","1948","1919","1092","1040","1040","2011","1863","1727"
"18.08.2025 21:00 - 18.08.2025 22:00","325","328","318","1086","1026","1026","2684","2549","2411"
"18.08.2025 22:00 - 18.08.2025 23:00","0","0","0","1063","988","988","3540","3494","3344"
"18.08.2025 23:00 - 19.08.2025 00:00","0","0","0","1074","910","910","4000","4044","3808"
"19.08.2025 00:00 - 19.08.2025 01:00","0","0","0","862","862","862","3743","3659","3743"
"19.08.2025 01:00 - 19.08.2025 02:00","0","0","0","813","813","813","3465","3389","3465"
"19.08.2025 02:00 - 19.08.2025 03:00","0","0","0","775","775","775","3122","3051","3122"
"19.08.2025 03:00 - 19.08.2025 04:00","0","0","0","768","768","768","2729","2663","2729"
"19.08.2025 04:00 - 19.08.2025 05:00","0","0","0","733","733","733","2436","2374","2436"
"19.08.2025 05:00 - 19.08.2025 06:00","0","0","0","698","698","698","2196","2138","2196"
"19.08.2025 06:00 - 19.08.2025 07:00","0","0","0","650","650","650","2057","2002","2057"
"19.08.2025 07:00 - 19.08.2025 08:00","36","36","36","592","592","592","2092","1362","1362"
"19.08.2025 08:00 - 19.08.2025 09:00","1000","929","929","546","546","546","1917","1237","1237"
"19.08.2025 09:00 - 19.08.2025 10:00","3359","3164","3164","494","494","494","1600","1145","1145"
"19.08.2025 10:00 - 19.08.2025 11:00","6331","5948","5927","460","460","460","1204","915","1098"
"19.08.2025 11:00 - 19.08.2025 12:00","8671","8231","8366","451","451","451","876","786","947"
"19.08.2025 12:00 - 19.08.2025 13:00","10292","9646","9754","449","449","449","736","842","978"
"19.08.2025 13:00 - 19.08.2025 14:00","11260","10466","10592","552","552","552","782","1006","1119"
"19.08.2025 14:00 - 19.08.2025 15:00","11486","10950","10662","643","643","643","896","1157","1256"
"19.08.2025 15:00 - 19.08.2025 16:00","11032","10425","10593","753","753","753","880","1124","1212"
"19.08.2025 16:00 - 19.08.2025 17:00","10189","9577","9866","847","847","847","1029","1196","1277"
"19.08.2025 17:00 - 19.08.2025 18:00","8554","8048","8266","916","916","916","1348","1429","1506"
"19.08.2025 18:00 - 19.08.2025 19:00","6405","6023","6026","965","965","965","1755","1671","1748"
"19.08.2025 19:00 - 19.08.2025 20:00","3745","3593","3511","934","934","934","2172","1905","1983"
"19.08.2025 20:00 - 19.08.2025 21:00","1392","1366","1338","912","912","912","2393","2210","2286"
"19.08.2025 21:00 - 19.08.2025 22:00","240","236","227","846","846","846","2934","3133","3207"
"19.08.2025 22:00 - 19.08.2025 23:00","0","0","0","820","820","820","3662","4187","4261"
"19.08.2025 23:00 - 20.08.2025 00:00","0","0","0","795","795","795","3950","4487","4559"
"20.08.2025 00:00 - 20.08.2025 01:00","0","0","0","826","826","826","3321","3404","4230"
"20.08.2025 01:00 - 20.08.2025 02:00","0","0","0","806","806","806","3154","3229","4035"
"20.08.2025 02:00 - 20.08.2025 03:00","0","0","0","814","814","814","3075","3144","3958"
"20.08.2025 03:00 - 20.08.2025 04:00","0","0","0","860","860","860","3100","3164","4024"
"20.08.2025 04:00 - 20.08.2025 05:00","0","0","0","904","904","904","3093","3151","4056"
"20.08.2025 05:00 - 20.08.2025 06:00","0","0","0","946","946","946","2997","3050","3997"
"20.08.2025 06:00 - 20.08.2025 07:00","0","0","0","970","970","970","2992","3041","4011"
"20.08.2025 07:00 - 20.08.2025 08:00","20","15","15","963","963","963","3113","3752","4121"
"20.08.2025 08:00 - 20.08.2025 09:00","861","698","698","962","936","936","2907","2738","2977"
"20.08.2025 09:00 - 20.08.2025 10:00","3056","2470","2470","961","929","929","2704","2458","2778"
"20.08.2025 10:00 - 20.08.2025 11:00","5743","4854","4551","947","931","931","2604","2219","2119"
"20.08.2025 11:00 - 20.08.2025 12:00","7835","7065","6759","945","899","899","2571","2165","2046"
"20.08.2025 12:00 - 20.08.2025 13:00","9591","8590","8409","934","877","877","2736","2167","2042"
"20.08.2025 13:00 - 20.08.2025 14:00","10872","9709","9516","893","873","873","3059","2333","2253"
"20.08.2025 14:00 - 20.08.2025 15:00","11668","10527","9951","858","876","876","3368","2779","2742"
"20.08.2025 15:00 - 20.08.2025 16:00","11656","10764","9932","863","880","880","3699","3303","3267"
"20.08.2025 16:00 - 20.08.2025 17:00","10856","10151","9283","881","884","884","4051","3794","3747"
"20.08.2025 17:00 - 20.08.2025 18:00","9438","8722","7931","877","910","910","4426","4331","4318"
"20.08.2025 18:00 - 20.08.2025 19:00","7218","6544","6070","855","928","928","4832","4838","4867"
"20.08.2025 19:00 - 20.08.2025 20:00","4199","3896","3632","885","945","945","4881","5022","5040"
"20.08.2025 20:00 - 20.08.2025 21:00","1531","1478","1374","901","927","927","4709","5009","4993"
"20.08.2025 21:00 - 20.08.2025 22:00","252","243","233","866","888","888","4542","5115","5095"
"20.08.2025 22:00 - 20.08.2025 23:00","0","0","0","852","878","878","4482","5242","5229"
"20.08.2025 23:00 - 21.08.2025 00:00","0","0","0","800","852","852","4661","5317","5333"
"21.08.2025 00:00 - 21.08.2025 01:00","0","0","0","733","733","733","4510","4387","5120"
"21.08.2025 01:00 - 21.08.2025 02:00","0","0","0","759","759","759","4459","4356","5114"
"21.08.2025 02:00 - 21.08.2025 03:00","0","0","0","791","791","791","4389","4300","5091"
"21.08.2025 03:00 - 21.08.2025 04:00","0","0","0","844","844","844","4368","4290","5134"
"21.08.2025 04:00 - 21.08.2025 05:00","0","0","0","879","879","879","4324","4253","5132"
"21.08.2025 05:00 - 21.08.2025 06:00","0","0","0","886","886","886","4344","4279","5164"
"21.08.2025 06:00 - 21.08.2025 07:00","0","0","0","878","878","878","4484","4424","5302"
"21.08.2025 07:00 - 21.08.2025 08:00","16","12","12","867","867","867","4744","4841","5555"
"21.08.2025 08:00 - 21.08.2025 09:00","885","829","829","822","806","806","4835","3945","4800"
"21.08.2025 09:00 - 21.08.2025 10:00","3227","3094","3094","731","739","739","4297","3464","4240"
"21.08.2025 10:00 - 21.08.2025 11:00","6351","5971","6118","634","618","618","3947","3415","3201"
"21.08.2025 11:00 - 21.08.2025 12:00","8708","8565","8660","550","514","514","4095","3575","3408"
"21.08.2025 12:00 - 21.08.2025 13:00","10665","10568","10597","492","449","449","4292","3671","3532"
"21.08.2025 13:00 - 21.08.2025 14:00","12284","12081","11845","468","427","427","4507","3917","3805"
"21.08.2025 14:00 - 21.08.2025 15:00","13202","13088","12459","481","438","438","4728","4205","4109"
"21.08.2025 15:00 - 21.08.2025 16:00","13143","13191","12254","520","477","477","5066","4519","4437"
"21.08.2025 16:00 - 21.08.2025 17:00","12074","12463","11686","566","540","540","5459","4965","4907"
"21.08.2025 17:00 - 21.08.2025 18:00","10197","10761","10205","600","608","608","5946","5620","5601"
"21.08.2025 18:00 - 21.08.2025 19:00","7778","8150","7761","618","649","649","6546","6212","6223"
"21.08.2025 19:00 - 21.08.2025 20:00","4663","4815","4642","640","649","649","6848","6378","6372"
"21.08.2025 20:00 - 21.08.2025 21:00","1753","1794","1758","649","627","627","6928","6432","6396"
"21.08.2025 21:00 - 21.08.2025 22:00","293","297","296","648","603","603","7091","6836","6781"
"21.08.2025 22:00 - 21.08.2025 23:00","0","0","0","628","614","614","7173","7175","7153"
"21.08.2025 23:00 - 22.08.2025 00:00","0","0","0","560","581","581","7081","7064","7079"
"22.08.2025 00:00 - 22.08.2025 01:00","0","0","0","451","451","451","6590","6578","7028"
"22.08.2025 01:00 - 22.08.2025 02:00","0","0","0","373","373","373","6226","6216","6589"
"22.08.2025 02:00 - 22.08.2025 03:00","0","0","0","303","303","303","5828","5818","6120"
"22.08.2025 03:00 - 22.08.2025 04:00","0","0","0","244","244","244","5351","5341","5585"
"22.08.2025 04:00 - 22.08.2025 05:00","0","0","0","201","201","201","4763","4755","4955"
"22.08.2025 05:00 - 22.08.2025 06:00","0","0","0","168","168","168","4175","4167","4335"
"22.08.2025 06:00 - 22.08.2025 07:00","0","0","0","144","144","144","3727","3720","3864"
"22.08.2025 07:00 - 22.08.2025 08:00","17","15","15","125","125","125","3410","3112","3528"
"22.08.2025 08:00 - 22.08.2025 09:00","1093","997","997","112","100","100","3161","2824","3168"
"22.08.2025 09:00 - 22.08.2025 10:00","4147","3804","3804","94","81","81","2452","2186","2463"
"22.08.2025 10:00 - 22.08.2025 11:00","8252","7661","7690","70","59","59","2015","1802","1675"
"22.08.2025 11:00 - 22.08.2025 12:00","11890","11334","11108","51","42","42","2061","1860","1772"
"22.08.2025 12:00 - 22.08.2025 13:00","14580","13891","13727","39","34","34","2161","1991","1928"
"22.08.2025 13:00 - 22.08.2025 14:00","16176","15530","15508","30","28","28","2189","2049","2005"
"22.08.2025 14:00 - 22.08.2025 15:00","16824","16368","16159","27","25","25","2132","2050","2017"
"22.08.2025 15:00 - 22.08.2025 16:00","16564","16236","15893","27","29","29","2122","2080","2059"
"22.08.2025 16:00 - 22.08.2025 17:00","15241","15059","14794","35","44","44","2233","2145","2135"
"22.08.2025 17:00 - 22.08.2025 18:00","12876","12903","12643","58","79","79","2419","2239","2247"
"22.08.2025 18:00 - 22.08.2025 19:00","9680","9692","9475","102","124","124","2641","2396","2409"
"22.08.2025 19:00 - 22.08.2025 20:00","5637","5616","5542","170","186","186","2859","2623","2633"
"22.08.2025 20:00 - 22.08.2025 21:00","2047","2040","2033","202","222","222","3023","2791","2808"
"22.08.2025 21:00 - 22.08.2025 22:00","330","327","326","205","202","202","3437","3111","3107"
"22.08.2025 22:00 - 22.08.2025 23:00","0","0","0","186","188","188","3763","3348","3348"
"22.08.2025 23:00 - 23.08.2025 00:00","0","0","0","188","176","176","3518","3291","3279"
"23.08.2025 00:00 - 23.08.2025 01:00","0","0","0","137","137","137","2878","2831","2968"
"23.08.2025 01:00 - 23.08.2025 02:00","0","0","0","147","147","147","2500","2458","2605"
"23.08.2025 02:00 - 23.08.2025 03:00","0","0","0","157","157","157","2255","2219","2376"
"23.08.2025 03:00 - 23.08.2025 04:00","0","0","0","143","143","143","2157","2124","2267"
"23.08.2025 04:00 - 23.08.2025 05:00","0","0","0","118","118","118","2129","2097","2214"
"23.08.2025 05:00 - 23.08.2025 06:00","0","0","0","93","93","93","2083","2052","2145"
"23.08.2025 06:00 - 23.08.2025 07:00","0","0","0","78","78","78","2065","2035","2113"
"23.08.2025 07:00 - 23.08.2025 08:00","12","11","11","67","67","67","2112","1890","2150"
"23.08.2025 08:00 - 23.08.2025 09:00","1125","1102","1102","56","55","55","2057","1829","2032"
"23.08.2025 09:00 - 23.08.2025 10:00","4405","4351","4351","47","44","44","1913","1756","1890"
"23.08.2025 10:00 - 23.08.2025 11:00","8986","8819","9011","36","29","29","1465","1404","1402"
"23.08.2025 11:00 - 23.08.2025 12:00","13126","12754","13145","25","17","17","1340","1301","1300"
"23.08.2025 12:00 - 23.08.2025 13:00","16006","15610","15999","18","10","10","1485","1436","1436"
"23.08.2025 13:00 - 23.08.2025 14:00","17561","17299","17617","12","7","7","1557","1511","1514"
"23.08.2025 14:00 - 23.08.2025 15:00","18011","17870","18152","10","5","5","1555","1509","1514"
"23.08.2025 15:00 - 23.08.2025 16:00","17604","17420","17678","10","5","5","1543","1516","1522"
"23.08.2025 16:00 - 23.08.2025 17:00","16143","15982","16330","15","15","15","1560","1603","1614"
"23.08.2025 17:00 - 23.08.2025 18:00","13599","13402","13820","32","43","43","1627","1776","1800"
"23.08.2025 18:00 - 23.08.2025 19:00","10091","9929","10151","60","84","84","1757","1987","2024"
"23.08.2025 19:00 - 23.08.2025 20:00","5776","5714","5789","104","125","125","1912","2218","2252"
"23.08.2025 20:00 - 23.08.2025 21:00","2040","2018","2053","160","188","188","2136","2452","2493"
"23.08.2025 21:00 - 23.08.2025 22:00","312","306","313","227","259","259","2571","2909","2955"
"23.08.2025 22:00 - 23.08.2025 23:00","0","0","0","301","330","330","3017","3382","3424"
"23.08.2025 23:00 - 24.08.2025 00:00","0","0","0","382","386","386","3232","3485","3502"
"24.08.2025 00:00 - 24.08.2025 01:00","0","0","0","338","338","338","3329","3186","3525"
"24.08.2025 01:00 - 24.08.2025 02:00","0","0","0","351","351","351","3259","2983","3334"
"24.08.2025 02:00 - 24.08.2025 03:00","0","0","0","336","336","336","3179","2854","3190"
"24.08.2025 03:00 - 24.08.2025 04:00","0","0","0","302","302","302","3013","2796","3098"
"24.08.2025 04:00 - 24.08.2025 05:00","0","0","0","276","276","276","2755","2655","2931"
"24.08.2025 05:00 - 24.08.2025 06:00","0","0","0","246","246","246","2512","2494","2740"
"24.08.2025 06:00 - 24.08.2025 07:00","0","0","0","218","218","218","2338","2366","2584"
"24.08.2025 07:00 - 24.08.2025 08:00","10","10","10","193","193","193","2296","2819","2533"
"24.08.2025 08:00 - 24.08.2025 09:00","1116","1114","1114","173","231","231","2289","2603","2287"
"24.08.2025 09:00 - 24.08.2025 10:00","4493","4466","4466","151","220","220","2334","2705","2363"
"24.08.2025 10:00 - 24.08.2025 11:00","8233","8213","8183","129","191","191","1503","1765","1797"
"24.08.2025 11:00 - 24.08.2025 12:00","10103","10098","10074","112","147","147","891","1040","1049"
"24.08.2025 12:00 - 24.08.2025 13:00","12407","12358","12381","74","76","76","1016","1204","1181"
"24.08.2025 13:00 - 24.08.2025 14:00","13705","13660","13715","71","77","77","1051","1240","1223"
"24.08.2025 14:00 - 24.08.2025 15:00","14136","14157","14138","67","84","84","1009","1146","1140"
"24.08.2025 15:00 - 24.08.2025 16:00","13807","13847","13841","141","167","167","902","990","994"
"24.08.2025 16:00 - 24.08.2025 17:00","12702","12792","12798","176","203","203","870","966","973"
"24.08.2025 17:00 - 24.08.2025 18:00","14073","14170","14214","225","263","263","1273","1436","1454"
"24.08.2025 18:00 - 24.08.2025 19:00","10558","10633","10689","283","324","324","1300","1518","1540"
"24.08.2025 19:00 - 24.08.2025 20:00","5928","5955","5992","297","405","405","1393","1599","1688"
"24.08.2025 20:00 - 24.08.2025 21:00","2047","2047","2070","436","520","520","1508","1803","1868"
"24.08.2025 21:00 - 24.08.2025 22:00","299","301","306","544","663","663","2040","2290","2389"
"24.08.2025 22:00 - 24.08.2025 23:00","0","0","0","692","777","777","2712","2913","2978"
"24.08.2025 23:00 - 25.08.2025 00:00","0","0","0","700","829","829","3320","3373","3482"
"25.08.2025 00:00 - 25.08.2025 01:00","0","0","0","822","822","822","3438","3565","4387"
"25.08.2025 01:00 - 25.08.2025 02:00","0","0","0","755","755","755","3428","3567","4322"
"25.08.2025 02:00 - 25.08.2025 03:00","0","0","0","655","655","655","3321","3424","4079"
"25.08.2025 03:00 - 25.08.2025 04:00","0","0","0","554","554","554","3156","3236","3790"
"25.08.2025 04:00 - 25.08.2025 05:00","0","0","0","472","472","472","3014","3083","3555"
"25.08.2025 05:00 - 25.08.2025 06:00","0","0","0","419","419","419","2895","2922","3341"
"25.08.2025 06:00 - 25.08.2025 07:00","0","0","0","388","388","388","2797","2731","3118"
"25.08.2025 07:00 - 25.08.2025 08:00","7","8","8","358","358","358","2681","2745","2901"
"25.08.2025 08:00 - 25.08.2025 09:00","994","993","993","324","281","281","2456","2298","2395"
"25.08.2025 09:00 - 25.08.2025 10:00","4048","4008","4008","275","258","258","2353","2265","2280"
"25.08.2025 10:00 - 25.08.2025 11:00","8357","8233","7630","215","213","213","1615","1549","1584"
"25.08.2025 11:00 - 25.08.2025 12:00","12198","11952","11413","168","156","156","971","909","931"
"25.08.2025 12:00 - 25.08.2025 13:00","14990","14617","14165","119","119","119","887","799","827"
"25.08.2025 13:00 - 25.08.2025 14:00","16737","16288","15837","93","98","98","891","799","831"
"25.08.2025 14:00 - 25.08.2025 15:00","17291","17001","16639","102","86","86","789","757","767"
"25.08.2025 15:00 - 25.08.2025 16:00","16921","16652","16499","104","83","83","696","715","721"
"25.08.2025 16:00 - 25.08.2025 17:00","15535","15219","15187","126","85","85","611","690","676"
"25.08.2025 17:00 - 25.08.2025 18:00","13028","12730","12782","133","105","105","573","642","642"
"25.08.2025 18:00 - 25.08.2025 19:00","9641","9380","9433","183","134","134","516","581","558"
"25.08.2025 19:00 - 25.08.2025 20:00","5481","5340","5391","187","149","149","537","572","560"
"25.08.2025 20:00 - 25.08.2025 21:00","1883","1847","1887","167","194","194","675","700","754"
"25.08.2025 21:00 - 25.08.2025 22:00","272","269","278","238","273","273","908","924","986"
"25.08.2025 22:00 - 25.08.2025 23:00","0","0","0","324","322","322","1290","1330","1355"
"25.08.2025 23:00 - 26.08.2025 00:00","0","0","0","385","355","355","1723","1787","1783"
"26.08.2025 00:00 - 26.08.2025 01:00","0","0","0","431","431","431","2482","2502","2933"
"26.08.2025 01:00 - 26.08.2025 02:00","0","0","0","471","471","471","2791","2808","3278"
"26.08.2025 02:00 - 26.08.2025 03:00","0","0","0","475","475","475","3020","3034","3509"
"26.08.2025 03:00 - 26.08.2025 04:00","0","0","0","477","477","477","3215","3227","3703"
"26.08.2025 04:00 - 26.08.2025 05:00","0","0","0","430","430","430","3481","3492","3922"
"26.08.2025 05:00 - 26.08.2025 06:00","0","0","0","351","351","351","3782","3791","4142"
"26.08.2025 06:00 - 26.08.2025 07:00","0","0","0","301","301","301","4005","4014","4314"
"26.08.2025 07:00 - 26.08.2025 08:00","5","5","5","292","292","292","4077","4591","4377"
"26.08.2025 08:00 - 26.08.2025 09:00","902","881","881","280","258","258","3951","4203","3981"
"26.08.2025 09:00 - 26.08.2025 10:00","3665","3567","3567","262","264","264","4248","4425","4253"
"26.08.2025 10:00 - 26.08.2025 11:00","7419","7243","7393","297","269","269","3104","3301","3348"
"26.08.2025 11:00 - 26.08.2025 12:00","10536","10306","10577","341","267","267","1997","2033","2020"
"26.08.2025 12:00 - 26.08.2025 13:00","12649","12390","12513","386","278","278","1963","1885","1827"
"26.08.2025 13:00 - 26.08.2025 14:00","14081","13805","13594","400","314","314","2319","2264","2221"
"26.08.2025 14:00 - 26.08.2025 15:00","14558","14169","13814","420","325","325","2617","2775","2717"
"26.08.2025 15:00 - 26.08.2025 16:00","14269","13801","13292","441","322","322","2985","3381","3293"
"26.08.2025 16:00 - 26.08.2025 17:00","12989","12765","12039","423","306","306","3474","3982","3895"
"26.08.2025 17:00 - 26.08.2025 18:00","10803","10552","10083","401","290","290","3920","4447","4367"
"26.08.2025 18:00 - 26.08.2025 19:00","7955","7716","7547","359","266","266","4069","4627","4565"
"26.08.2025 19:00 - 26.08.2025 20:00","4448","4384","4354","286","260","260","3912","4357","4360"
"26.08.2025 20:00 - 26.08.2025 21:00","1481","1489","1506","231","232","232","3574","3946","3973"
"26.08.2025 21:00 - 26.08.2025 22:00","205","210","216","211","197","197","3455","3704","3714"
"26.08.2025 22:00 - 26.08.2025 23:00","0","0","0","171","179","179","3458","3608","3640"
"26.08.2025 23:00 - 27.08.2025 00:00","0","0","0","221","183","183","3215","3540","3525"
"27.08.2025 00:00 - 27.08.2025 01:00","0","0","0","197","197","197","3169","3207","3404"
"27.08.2025 01:00 - 27.08.2025 02:00","0","0","0","233","233","233","2874","2905","3137"
"27.08.2025 02:00 - 27.08.2025 03:00","0","0","0","289","289","289","2588","2614","2902"
"27.08.2025 03:00 - 27.08.2025 04:00","0","0","0","346","346","346","2378","2401","2747"
"27.08.2025 04:00 - 27.08.2025 05:00","0","0","0","387","387","387","2228","2247","2634"
"27.08.2025 05:00 - 27.08.2025 06:00","0","0","0","427","427","427","2151","2167","2595"
"27.08.2025 06:00 - 27.08.2025 07:00","0","0","0","470","470","470","2222","2236","2705"
"27.08.2025 07:00 - 27.08.2025 08:00","2","3","3","533","533","533","2244","2417","2790"
"27.08.2025 08:00 - 27.08.2025 09:00","683","610","610","586","525","525","2307","1997","2378"
"27.08.2025 09:00 - 27.08.2025 10:00","2723","2529","2529","633","556","556","2254","1993","2339"
"27.08.2025 10:00 - 27.08.2025 11:00","5340","5237","4994","702","660","660","2224","2061","1987"
"27.08.2025 11:00 - 27.08.2025 12:00","7283","7534","7386","754","749","749","2746","2547","2525"
"27.08.2025 12:00 - 27.08.2025 13:00","8587","9094","8997","754","789","789","3567","3234","3259"
"27.08.2025 13:00 - 27.08.2025 14:00","9753","9885","9933","741","782","782","4511","3994","4028"
"27.08.2025 14:00 - 27.08.2025 15:00","10033","10157","9969","723","753","753","5299","4743","4769"
"27.08.2025 15:00 - 27.08.2025 16:00","9666","9793","9416","622","685","685","5902","5042","5102"
"27.08.2025 16:00 - 27.08.2025 17:00","8898","8865","8611","508","596","596","6093","5204","5289"
"27.08.2025 17:00 - 27.08.2025 18:00","7351","7415","7133","469","527","527","5623","5111","5168"
"27.08.2025 18:00 - 27.08.2025 19:00","5461","5463","5229","471","487","487","4983","4482","4498"
"27.08.2025 19:00 - 27.08.2025 20:00","3204","3104","3026","416","456","456","4384","3642","3681"
"27.08.2025 20:00 - 27.08.2025 21:00","1105","1062","1044","423","407","407","3388","2826","2810"
"27.08.2025 21:00 - 27.08.2025 22:00","151","150","145","394","371","371","2553","2526","2502"
"27.08.2025 22:00 - 27.08.2025 23:00","0","0","0","409","372","372","2220","2587","2550"
"27.08.2025 23:00 - 28.08.2025 00:00","0","0","0","439","375","375","2263","2675","2612"
"28.08.2025 00:00 - 28.08.2025 01:00","0","0","0","448","448","448","2037","2044","2491"
"28.08.2025 01:00 - 28.08.2025 02:00","0","0","0","427","427","427","2206","2214","2641"
"28.08.2025 02:00 - 28.08.2025 03:00","0","0","0","369","369","369","2265","2273","2642"
"28.08.2025 03:00 - 28.08.2025 04:00","0","0","0","343","343","343","2263","2278","2621"
"28.08.2025 04:00 - 28.08.2025 05:00","0","0","0","351","351","351","2164","2179","2530"
"28.08.2025 05:00 - 28.08.2025 06:00","0","0","0","356","356","356","2242","2258","2613"
"28.08.2025 06:00 - 28.08.2025 07:00","0","0","0","365","365","365","2596","2609","2973"
"28.08.2025 07:00 - 28.08.2025 08:00","1","1","1","399","399","399","2857","2395","3267"
"28.08.2025 08:00 - 28.08.2025 09:00","577","472","472","444","317","317","2879","2254","3019"
"28.08.2025 09:00 - 28.08.2025 10:00","2536","2299","2299","515","375","375","2706","2266","2860"
"28.08.2025 10:00 - 28.08.2025 11:00","5225","5194","4789","608","456","456","2378","2247","2380"
"28.08.2025 11:00 - 28.08.2025 12:00","7646","7980","7563","663","549","549","2656","2634","2751"
"28.08.2025 12:00 - 28.08.2025 13:00","9663","10084","9795","715","613","613","3378","3402","3498"
"28.08.2025 13:00 - 28.08.2025 14:00","11139","11427","11199","742","673","673","4559","4190","4296"
"28.08.2025 14:00 - 28.08.2025 15:00","11810","11986","12000","751","737","737","5665","4970","5111"
"28.08.2025 15:00 - 28.08.2025 16:00","12011","12152","11775","881","761","761","6429","5776","5796"
"28.08.2025 16:00 - 28.08.2025 17:00","11553","11467","10896","975","864","864","7175","6577","6596"
"28.08.2025 17:00 - 28.08.2025 18:00","9887","9917","9321","1019","945","945","7826","7264","7313"
"28.08.2025 18:00 - 28.08.2025 19:00","7454","7623","7082","1008","982","982","8375","7626","7719"
"28.08.2025 19:00 - 28.08.2025 20:00","4304","4400","4184","1034","963","963","8163","7338","7381"
"28.08.2025 20:00 - 28.08.2025 21:00","1444","1479","1448","1028","960","960","6926","6305","6345"
"28.08.2025 21:00 - 28.08.2025 22:00","193","201","197","1016","1002","1002","6067","5399","5489"
"28.08.2025 22:00 - 28.08.2025 23:00","0","0","0","1042","1019","1019","5731","5169","5248"
"28.08.2025 23:00 - 29.08.2025 00:00","0","0","0","1079","1045","1045","5619","5258","5325"
"29.08.2025 00:00 - 29.08.2025 01:00","0","0","0","1094","1094","1094","4900","5340","6435"
"29.08.2025 01:00 - 29.08.2025 02:00","0","0","0","1192","1192","1192","5316","5713","6904"
"29.08.2025 02:00 - 29.08.2025 03:00","0","0","0","1291","1291","1291","5777","6141","7432"
"29.08.2025 03:00 - 29.08.2025 04:00","0","0","0","1315","1315","1315","6343","6677","7992"
"29.08.2025 04:00 - 29.08.2025 05:00","0","0","0","1335","1335","1335","6985","7295","8630"
"29.08.2025 05:00 - 29.08.2025 06:00","0","0","0","1323","1323","1323","7817","8110","9433"
"29.08.2025 06:00 - 29.08.2025 07:00","0","0","0","1325","1325","1325","8173","8453","9778"
"29.08.2025 07:00 - 29.08.2025 08:00","1","1","1","1316","1316","1316","8226","9134","9810"
"29.08.2025 08:00 - 29.08.2025 09:00","673","674","674","1281","1298","1298","8382","8337","8623"
"29.08.2025 09:00 - 29.08.2025 10:00","2855","2905","2905","1269","1242","1242","8165","8431","8441"
"29.08.2025 10:00 - 29.08.2025 11:00","5940","6022","6437","1288","1247","1247","8976","9343","9665"
"29.08.2025 11:00 - 29.08.2025 12:00","8265","8594","9056","1302","1284","1284","10465","10307","10639"
"29.08.2025 12:00 - 29.08.2025 13:00","9705","9915","10257","1295","1322","1322","11349","10749","11105"
"29.08.2025 13:00 - 29.08.2025 14:00","10199","10259","10386","1288","1330","1330","11482","11053","11403"
"29.08.2025 14:00 - 29.08.2025 15:00","10048","9874","9850","1290","1333","1333","11208","11190","11522"
"29.08.2025 15:00 - 29.08.2025 16:00","10103","9875","9372","1292","1334","1334","10934","10841","11158"
"29.08.2025 16:00 - 29.08.2025 17:00","9756","9868","8802","1289","1340","1340","10825","10634","10947"
"29.08.2025 17:00 - 29.08.2025 18:00","8501","8567","7524","1289","1340","1340","10670","10706","11007"
"29.08.2025 18:00 - 29.08.2025 19:00","6527","6498","5953","1282","1319","1319","10118","10685","10963"
"29.08.2025 19:00 - 29.08.2025 20:00","3892","3928","3682","1260","1301","1301","9183","9526","9800"
"29.08.2025 20:00 - 29.08.2025 21:00","1353","1379","1292","1227","1274","1274","8373","8310","8585"
"29.08.2025 21:00 - 29.08.2025 22:00","180","182","175","1183","1214","1214","7601","7690","7943"
"29.08.2025 22:00 - 29.08.2025 23:00","0","0","0","1117","1140","1140","7309","7437","7674"
"29.08.2025 23:00 - 30.08.2025 00:00","0","0","0","1064","1081","1081","7206","7287","7512"
"30.08.2025 00:00 - 30.08.2025 01:00","0","0","0","1239","1239","1239","6521","6417","7656"
"30.08.2025 01:00 - 30.08.2025 02:00","0","0","0","1135","1135","1135","6356","6115","7249"
"30.08.2025 02:00 - 30.08.2025 03:00","0","0","0","1045","1045","1045","5907","5559","6605"
"30.08.2025 03:00 - 30.08.2025 04:00","0","0","0","969","969","969","5411","5191","6159"
"30.08.2025 04:00 - 30.08.2025 05:00","0","0","0","927","927","927","4897","4925","5851"
"30.08.2025 05:00 - 30.08.2025 06:00","0","0","0","856","856","856","4523","4689","5544"
"30.08.2025 06:00 - 30.08.2025 07:00","0","0","0","818","818","818","4240","4426","5244"
"30.08.2025 07:00 - 30.08.2025 08:00","0","0","0","790","790","790","4047","4857","4937"
"30.08.2025 08:00 - 30.08.2025 09:00","711","679","679","757","781","781","3834","3883","3851"
"30.08.2025 09:00 - 30.08.2025 10:00","3255","3155","3155","801","809","809","3746","3725","3850"
"30.08.2025 10:00 - 30.08.2025 11:00","6973","6699","7174","807","828","828","3814","3782","3685"
"30.08.2025 11:00 - 30.08.2025 12:00","10077","9996","10807","883","911","911","3776","4011","3970"
"30.08.2025 12:00 - 30.08.2025 13:00","12356","12115","12990","935","1008","1008","4008","4674","4703"
"30.08.2025 13:00 - 30.08.2025 14:00","12467","11790","12702","1010","1132","1132","3923","4691","4789"
"30.08.2025 14:00 - 30.08.2025 15:00","10433","9752","10532","1092","1164","1164","3241","4044","4110"
"30.08.2025 15:00 - 30.08.2025 16:00","10218","9680","10318","1100","1127","1127","3773","4657","4682"
"30.08.2025 16:00 - 30.08.2025 17:00","12393","11720","12318","1185","1174","1174","6582","7896","7885"
"30.08.2025 17:00 - 30.08.2025 18:00","10657","10178","10449","1270","1257","1257","7108","8247","8239"
"30.08.2025 18:00 - 30.08.2025 19:00","7817","7595","7536","1298","1318","1318","7094","8060","8088"
"30.08.2025 19:00 - 30.08.2025 20:00","4270","4233","4080","1364","1404","1404","6481","7214","7265"
"30.08.2025 20:00 - 30.08.2025 21:00","1308","1322","1250","1374","1394","1394","5695","6483","6516"
"30.08.2025 21:00 - 30.08.2025 22:00","145","146","135","1333","1327","1327","5700","6738","6746"
"30.08.2025 22:00 - 30.08.2025 23:00","0","0","0","1262","1226","1226","6464","7503","7485"
"30.08.2025 23:00 - 31.08.2025 00:00","0","0","0","1229","1125","1125","7303","8254","8167"
"31.08.2025 00:00 - 31.08.2025 01:00","0","0","0","1060","1060","1060","8440","8671","9730"
"31.08.2025 01:00 - 31.08.2025 02:00","0","0","0","974","974","974","8436","8627","9601"
"31.08.2025 02:00 - 31.08.2025 03:00","0","0","0","829","829","829","8362","8431","9260"
"31.08.2025 03:00 - 31.08.2025 04:00","0","0","0","766","766","766","8125","7931","8697"
"31.08.2025 04:00 - 31.08.2025 05:00","0","0","0","744","744","744","7593","7167","7911"
"31.08.2025 05:00 - 31.08.2025 06:00","0","0","0","801","801","801","6625","6220","7021"
"31.08.2025 06:00 - 31.08.2025 07:00","0","0","0","859","859","859","5656","5461","6320"
"31.08.2025 07:00 - 31.08.2025 08:00","0","0","0","847","847","847","4956","4367","5712"
"31.08.2025 08:00 - 31.08.2025 09:00","629","644","644","858","738","738","4200","3091","4162"
"31.08.2025 09:00 - 31.08.2025 10:00","2981","3035","3035","873","768","768","3354","2606","3382"
"31.08.2025 10:00 - 31.08.2025 11:00","6466","6582","6492","908","814","814","2657","2197","2141"
"31.08.2025 11:00 - 31.08.2025 12:00","8343","8612","8752","926","839","839","2086","1922","1882"
"31.08.2025 12:00 - 31.08.2025 13:00","8497","8745","8861","866","780","780","1625","1789","1736"
"31.08.2025 13:00 - 31.08.2025 14:00","9280","9454","9449","374","364","364","2421","2808","2834"
"31.08.2025 14:00 - 31.08.2025 15:00","9276","9420","9415","400","387","387","2624","3269","3291"
"31.08.2025 15:00 - 31.08.2025 16:00","8812","9022","8744","677","548","548","2389","3081","2985"
"31.08.2025 16:00 - 31.08.2025 17:00","7913","8315","7544","672","504","504","2268","3146","3009"
"31.08.2025 17:00 - 31.08.2025 18:00","8202","8732","7820","654","493","493","3917","4590","4489"
"31.08.2025 18:00 - 31.08.2025 19:00","6066","6250","5893","641","484","484","3989","3986","3890"
"31.08.2025 19:00 - 31.08.2025 20:00","3377","3333","3237","607","474","474","3495","3858","3785"
"31.08.2025 20:00 - 31.08.2025 21:00","1055","1012","986","647","570","570","2935","3467","3446"
"31.08.2025 21:00 - 31.08.2025 22:00","120","111","113","725","682","682","2678","2986","2998"
"31.08.2025 22:00 - 31.08.2025 23:00","0","0","0","764","695","695","2892","2918","2903"
"31.08.2025 23:00 - 01.09.2025 00:00","0","0","0","823","778","778","3346","3287","3298"
"01.09.2025 00:00 - 01.09.2025 01:00","0","0","0","878","878","878","3799","3885","4762"
"01.09.2025 01:00 - 01.09.2025 02:00","0","0","0","955","955","955","4238","4185","5139"
"01.09.2025 02:00 - 01.09.2025 03:00","0","0","0","957","957","957","4508","4466","5423"
"01.09.2025 03:00 - 01.09.2025 04:00","0","0","0","962","962","962","4425","4407","5369"
"01.09.2025 04:00 - 01.09.2025 05:00","0","0","0","993","993","993","4227","4219","5213"
"01.09.2025 05:00 - 01.09.2025 06:00","0","0","0","976","976","976","4201","4284","5260"
"01.09.2025 06:00 - 01.09.2025 07:00","0","0","0","948","948","948","4201","4435","5383"
"01.09.2025 07:00 - 01.09.2025 08:00","0","0","0","941","941","941","4289","4275","5536"
"01.09.2025 08:00 - 01.09.2025 09:00","495","443","443","938","899","899","4353","3482","4685"
"01.09.2025 09:00 - 01.09.2025 10:00","2499","2296","2296","902","878","878","4354","3524","4533"
"01.09.2025 10:00 - 01.09.2025 11:00","5545","5364","5403","878","858","858","4845","3587","3696"
"01.09.2025 11:00 - 01.09.2025 12:00","8271","8268","8327","860","847","847","5312","4162","4273"
"01.09.2025 12:00 - 01.09.2025 13:00","10271","10430","10322","883","956","956","5614","4749","4933"
"01.09.2025 13:00 - 01.09.2025 14:00","11552","11816","11520","886","936","936","6282","5442","5593"
"01.09.2025 14:00 - 01.09.2025 15:00","12086","12233","12059","942","1026","1026","6810","6001","6181"
"01.09.2025 15:00 - 01.09.2025 16:00","11899","12100","11610","986","996","996","6981","6165","6268"
"01.09.2025 16:00 - 01.09.2025 17:00","11309","11316","10679","1059","1064","1064","6595","5947","6043"
"01.09.2025 17:00 - 01.09.2025 18:00","9536","9554","9089","1117","1121","1121","6325","5683","5774"
"01.09.2025 18:00 - 01.09.2025 19:00","7194","7209","6958","1065","1059","1059","6229","5293","5371"
"01.09.2025 19:00 - 01.09.2025 20:00","4154","4114","4036","1078","1055","1055","5507","4831","4891"
"01.09.2025 20:00 - 01.09.2025 21:00","1305","1290","1275","1058","1018","1018","4835","4408","4450"
"01.09.2025 21:00 - 01.09.2025 22:00","143","142","139","993","966","966","4647","4003","4056"
"01.09.2025 22:00 - 01.09.2025 23:00","0","0","0","915","906","906","4720","4223","4294"
"01.09.2025 23:00 - 02.09.2025 00:00","0","0","0","888","902","902","4861","4627","4721"
"02.09.2025 00:00 - 02.09.2025 01:00","0","0","0","1102","1102","1102","5037","5139","6241"
"02.09.2025 01:00 - 02.09.2025 02:00","0","0","0","1115","1115","1115","5237","5327","6442"
"02.09.2025 02:00 - 02.09.2025 03:00","0","0","0","1116","1116","1116","5325","5406","6522"
"02.09.2025 03:00 - 02.09.2025 04:00","0","0","0","1030","1030","1030","5322","5395","6424"
"02.09.2025 04:00 - 02.09.2025 05:00","0","0","0","1189","1189","1189","5092","5159","6348"
"02.09.2025 05:00 - 02.09.2025 06:00","0","0","0","1223","1223","1223","5236","5299","6522"
"02.09.2025 06:00 - 02.09.2025 07:00","0","0","0","1312","1312","1312","5445","5506","6818"
"02.09.2025 07:00 - 02.09.2025 08:00","0","0","0","1403","1403","1403","5724","7067","7185"
"02.09.2025 08:00 - 02.09.2025 09:00","569","603","603","1410","1465","1465","6094","6066","6096"
"02.09.2025 09:00 - 02.09.2025 10:00","2741","2870","2870","1442","1493","1493","6519","6360","6524"
"02.09.2025 10:00 - 02.09.2025 11:00","5996","6152","6592","1429","1403","1403","7175","7229","6630"
"02.09.2025 11:00 - 02.09.2025 12:00","8627","8910","9598","1370","1330","1330","8109","8256","7849"
"02.09.2025 12:00 - 02.09.2025 13:00","10590","10759","11497","1235","1208","1208","8985","9354","9051"
"02.09.2025 13:00 - 02.09.2025 14:00","11683","11703","12503","1289","1280","1280","10016","10199","9969"
"02.09.2025 14:00 - 02.09.2025 15:00","11846","12052","12214","1279","1271","1271","10863","10887","10698"
"02.09.2025 15:00 - 02.09.2025 16:00","11169","11381","11310","1283","1285","1285","11486","11465","11318"
"02.09.2025 16:00 - 02.09.2025 17:00","9820","9809","9906","1283","1341","1341","12118","11737","11669"
"02.09.2025 17:00 - 02.09.2025 18:00","7756","7713","7593","1309","1408","1408","11728","11302","11293"
"02.09.2025 18:00 - 02.09.2025 19:00","5524","5563","5408","1381","1488","1488","10986","10992","11003"
"02.09.2025 19:00 - 02.09.2025 20:00","3087","3056","3016","1422","1483","1483","10688","10845","10817"
"02.09.2025 20:00 - 02.09.2025 21:00","936","901","891","1462","1427","1427","10533","10303","10186"
"02.09.2025 21:00 - 02.09.2025 22:00","87","86","83","1466","1409","1409","10100","9702","9570"
"02.09.2025 22:00 - 02.09.2025 23:00","0","0","0","1443","1394","1394","9488","9562","9443"
"02.09.2025 23:00 - 03.09.2025 00:00","0","0","0","1442","1425","1425","9354","9739","9654"
"03.09.2025 00:00 - 03.09.2025 01:00","0","0","0","1538","1538","1538","9232","9377","10914"
"03.09.2025 01:00 - 03.09.2025 02:00","0","0","0","1600","1600","1600","9281","9361","10961"
"03.09.2025 02:00 - 03.09.2025 03:00","0","0","0","1618","1618","1618","9111","9537","11155"
"03.09.2025 03:00 - 03.09.2025 04:00","0","0","0","1613","1613","1613","9367","9814","11427"
"03.09.2025 04:00 - 03.09.2025 05:00","0","0","0","1620","1620","1620","9738","10156","11776"
"03.09.2025 05:00 - 03.09.2025 06:00","0","0","0","1637","1637","1637","9982","10587","12223"
"03.09.2025 06:00 - 03.09.2025 07:00","0","0","0","1647","1647","1647","10378","11120","12767"
"03.09.2025 07:00 - 03.09.2025 08:00","0","0","0","1637","1637","1637","10992","12752","13383"
"03.09.2025 08:00 - 03.09.2025 09:00","539","536","536","1626","1642","1642","11555","11929","12321"
"03.09.2025 09:00 - 03.09.2025 10:00","2892","2836","2836","1598","1615","1615","11544","12454","12170"
"03.09.2025 10:00 - 03.09.2025 11:00","6516","6516","7384","1560","1595","1595","12649","12705","12398"
"03.09.2025 11:00 - 03.09.2025 12:00","8705","8864","9946","1562","1584","1584","12140","11769","11561"
"03.09.2025 12:00 - 03.09.2025 13:00","8963","9188","10031","1565","1562","1562","9102","9190","9022"
"03.09.2025 13:00 - 03.09.2025 14:00","9944","10113","10912","1433","1439","1439","9439","9725","9612"
"03.09.2025 14:00 - 03.09.2025 15:00","10233","10404","10944","1334","1374","1374","9758","10061","10011"
"03.09.2025 15:00 - 03.09.2025 16:00","10091","10357","10483","1338","1367","1367","9787","10260","10217"
"03.09.2025 16:00 - 03.09.2025 17:00","9412","9585","9488","1423","1426","1426","9587","10201","10140"
"03.09.2025 17:00 - 03.09.2025 18:00","7810","7947","7713","1414","1450","1450","9458","9991","9971"
"03.09.2025 18:00 - 03.09.2025 19:00","7304","7334","7232","1324","1445","1445","13768","14681","14761"
"03.09.2025 19:00 - 03.09.2025 20:00","4046","4012","4076","1220","1401","1401","12546","13874","14026"
"03.09.2025 20:00 - 03.09.2025 21:00","1168","1169","1191","1155","1332","1332","11030","12404","12556"
"03.09.2025 21:00 - 03.09.2025 22:00","106","107","108","1137","1308","1308","9316","10959","11108"
"03.09.2025 22:00 - 03.09.2025 23:00","0","0","0","1081","1274","1274","7778","9772","9943"
"03.09.2025 23:00 - 04.09.2025 00:00","0","0","0","986","1184","1184","6832","8902","9077"
"04.09.2025 00:00 - 04.09.2025 01:00","0","0","0","1206","1206","1206","8362","7700","8906"
"04.09.2025 01:00 - 04.09.2025 02:00","0","0","0","1257","1257","1257","7920","7320","8577"
"04.09.2025 02:00 - 04.09.2025 03:00","0","0","0","1301","1301","1301","7340","6922","8222"
"04.09.2025 03:00 - 04.09.2025 04:00","0","0","0","1329","1329","1329","6672","6493","7822"
"04.09.2025 04:00 - 04.09.2025 05:00","0","0","0","1328","1328","1328","6187","6142","7471"
"04.09.2025 05:00 - 04.09.2025 06:00","0","0","0","1363","1363","1363","5879","5827","7190"
"04.09.2025 06:00 - 04.09.2025 07:00","0","0","0","1357","1357","1357","5716","5650","7007"
"04.09.2025 07:00 - 04.09.2025 08:00","0","0","0","1272","1272","1272","5858","6474","6971"
"04.09.2025 08:00 - 04.09.2025 09:00","408","414","414","1237","1221","1221","5830","5242","5557"
"04.09.2025 09:00 - 04.09.2025 10:00","2129","2138","2138","1231","1291","1291","5477","5102","5239"
"04.09.2025 10:00 - 04.09.2025 11:00","4597","4598","5117","1227","1285","1285","6094","6186","6116"
"04.09.2025 11:00 - 04.09.2025 12:00","6563","6732","7427","1182","1213","1213","6960","7155","7173"
"04.09.2025 12:00 - 04.09.2025 13:00","7923","7996","8847","1165","1150","1150","7201","7261","7267"
"04.09.2025 13:00 - 04.09.2025 14:00","8565","8952","9622","1164","1133","1133","7263","7653","7656"
"04.09.2025 14:00 - 04.09.2025 15:00","8831","9148","9802","1146","1137","1137","7274","7861","7897"
"04.09.2025 15:00 - 04.09.2025 16:00","8909","9130","9633","1159","1173","1173","7217","7501","7567"
"04.09.2025 16:00 - 04.09.2025 17:00","8401","8776","9077","1161","1171","1171","7150","7577","7642"
"04.09.2025 17:00 - 04.09.2025 18:00","7259","7322","7741","1157","1162","1162","6974","7867","7930"
"04.09.2025 18:00 - 04.09.2025 19:00","5713","5745","5983","1145","1141","1141","6426","7425","7480"
"04.09.2025 19:00 - 04.09.2025 20:00","3374","3460","3485","1130","1133","1133","5670","6213","6276"
"04.09.2025 20:00 - 04.09.2025 21:00","1056","1074","1071","1104","1081","1081","5135","5372","5409"
"04.09.2025 21:00 - 04.09.2025 22:00","106","105","105","1038","1012","1012","4700","4917","4952"
"04.09.2025 22:00 - 04.09.2025 23:00","0","0","0","951","923","923","4438","4623","4654"
"04.09.2025 23:00 - 05.09.2025 00:00","0","0","0","880","824","824","4424","4656","4658"
"05.09.2025 00:00 - 05.09.2025 01:00","0","0","0","649","649","649","4622","4842","5490"
"05.09.2025 01:00 - 05.09.2025 02:00","0","0","0","564","564","564","4667","4854","5419"
"05.09.2025 02:00 - 05.09.2025 03:00","0","0","0","496","496","496","4490","4653","5149"
"05.09.2025 03:00 - 05.09.2025 04:00","0","0","0","431","431","431","4278","4422","4853"
"05.09.2025 04:00 - 05.09.2025 05:00","0","0","0","386","386","386","3996","4127","4513"
"05.09.2025 05:00 - 05.09.2025 06:00","0","0","0","338","338","338","3649","3768","4106"
"05.09.2025 06:00 - 05.09.2025 07:00","0","0","0","287","287","287","3367","3477","3764"
"05.09.2025 07:00 - 05.09.2025 08:00","0","0","0","242","242","242","3129","2832","3474"
"05.09.2025 08:00 - 05.09.2025 09:00","541","535","535","203","210","210","2891","2481","2980"
"05.09.2025 09:00 - 05.09.2025 10:00","3126","3084","3084","158","148","148","2476","2308","2578"
"05.09.2025 10:00 - 05.09.2025 11:00","7363","7313","7852","115","108","108","2051","1796","1621"
"05.09.2025 11:00 - 05.09.2025 12:00","11372","11371","12217","88","75","75","1884","1632","1524"
"05.09.2025 12:00 - 05.09.2025 13:00","14461","14541","15353","65","59","59","1873","1725","1656"
"05.09.2025 13:00 - 05.09.2025 14:00","16486","16685","17209","47","61","61","1866","1734","1702"
"05.09.2025 14:00 - 05.09.2025 15:00","17416","17728","17911","43","55","55","1797","1686","1667"
"05.09.2025 15:00 - 05.09.2025 16:00","17299","17480","17531","38","41","41","1722","1618","1601"
"05.09.2025 16:00 - 05.09.2025 17:00","15923","16084","16019","25","22","22","1692","1571","1554"
"05.09.2025 17:00 - 05.09.2025 18:00","13243","13433","13292","16","9","9","1612","1454","1438"
"05.09.2025 18:00 - 05.09.2025 19:00","9423","9548","9513","14","6","6","1425","1233","1219"
"05.09.2025 19:00 - 05.09.2025 20:00","4886","4929","4949","13","10","10","1194","1032","1025"
"05.09.2025 20:00 - 05.09.2025 21:00","1338","1344","1350","22","22","22","1111","1006","1004"
"05.09.2025 21:00 - 05.09.2025 22:00","103","103","104","38","33","33","1230","1173","1168"
"05.09.2025 22:00 - 05.09.2025 23:00","0","0","0","56","79","79","1439","1387","1411"
"05.09.2025 23:00 - 06.09.2025 00:00","0","0","0","73","99","99","1649","1625","1652"
"06.09.2025 00:00 - 06.09.2025 01:00","0","0","0","165","165","165","1871","1864","2029"
"06.09.2025 01:00 - 06.09.2025 02:00","0","0","0","226","226","226","1997","2014","2240"
"06.09.2025 02:00 - 06.09.2025 03:00","0","0","0","301","301","301","2235","2237","2538"
"06.09.2025 03:00 - 06.09.2025 04:00","0","0","0","386","386","386","2553","2555","2941"
"06.09.2025 04:00 - 06.09.2025 05:00","0","0","0","468","468","468","2867","2910","3378"
"06.09.2025 05:00 - 06.09.2025 06:00","0","0","0","555","555","555","3181","3191","3746"
"06.09.2025 06:00 - 06.09.2025 07:00","0","0","0","619","619","619","3489","3514","4133"
"06.09.2025 07:00 - 06.09.2025 08:00","0","0","0","734","734","734","3842","4938","4572"
"06.09.2025 08:00 - 06.09.2025 09:00","548","541","541","824","798","798","4308","4627","4147"
"06.09.2025 09:00 - 06.09.2025 10:00","3253","3235","3235","822","797","797","5139","5441","4820"
"06.09.2025 10:00 - 06.09.2025 11:00","7861","7751","7916","783","774","774","4302","4628","4792"
"06.09.2025 11:00 - 06.09.2025 12:00","12282","12097","12371","766","747","747","3045","3251","3368"
"06.09.2025 12:00 - 06.09.2025 13:00","13869","13744","14015","725","688","688","2684","2851","2915"
"06.09.2025 13:00 - 06.09.2025 14:00","12675","12698","12835","143","138","138","2916","2986","3052"
"06.09.2025 14:00 - 06.09.2025 15:00","13033","13141","13228","193","201","201","3218","3156","3228"
"06.09.2025 15:00 - 06.09.2025 16:00","12644","12853","12843","793","790","790","2863","2792","2848"
"06.09.2025 16:00 - 06.09.2025 17:00","11462","11704","11693","946","929","929","2970","3011","3048"
"06.09.2025 17:00 - 06.09.2025 18:00","9391","9604","9661","967","962","962","3305","3389","3436"
"06.09.2025 18:00 - 06.09.2025 19:00","8692","8828","8926","982","951","951","5948","5983","6017"
"06.09.2025 19:00 - 06.09.2025 20:00","4601","4648","4706","1014","939","939","6971","6606","6594"
"06.09.2025 20:00 - 06.09.2025 21:00","1228","1241","1256","978","929","929","8188","7588","7598"
"06.09.2025 21:00 - 06.09.2025 22:00","86","87","88","911","921","921","9403","8932","8999"
"06.09.2025 22:00 - 06.09.2025 23:00","0","0","0","904","903","903","10212","9696","9750"
"06.09.2025 23:00 - 07.09.2025 00:00","0","0","0","967","901","901","10563","10104","10092"
"07.09.2025 00:00 - 07.09.2025 01:00","0","0","0","870","870","870","9992","9951","10821"
"07.09.2025 01:00 - 07.09.2025 02:00","0","0","0","906","906","906","8637","8453","9358"
"07.09.2025 02:00 - 07.09.2025 03:00","0","0","0","893","893","893","6262","6089","6981"
"07.09.2025 03:00 - 07.09.2025 04:00","0","0","0","840","840","840","6206","6005","6845"
"07.09.2025 04:00 - 07.09.2025 05:00","0","0","0","811","811","811","6129","5892","6703"
"07.09.2025 05:00 - 07.09.2025 06:00","0","0","0","792","792","792","6074","5881","6673"
"07.09.2025 06:00 - 07.09.2025 07:00","0","0","0","772","772","772","6047","5860","6632"
"07.09.2025 07:00 - 07.09.2025 08:00","0","0","0","696","696","696","9144","8912","9654"
"07.09.2025 08:00 - 07.09.2025 09:00","497","497","497","622","538","538","9600","8744","9409"
"07.09.2025 09:00 - 07.09.2025 10:00","2653","2664","2664","531","460","460","9074","8251","8796"
"07.09.2025 10:00 - 07.09.2025 11:00","5351","5401","5410","241","106","106","5986","5392","5449"
"07.09.2025 11:00 - 07.09.2025 12:00","8182","8230","8248","265","89","89","4435","3986","3992"
"07.09.2025 12:00 - 07.09.2025 13:00","10089","10081","10091","329","89","89","3779","3712","3647"
"07.09.2025 13:00 - 07.09.2025 14:00","10922","10819","10922","357","89","89","3616","3988","3886"
"07.09.2025 14:00 - 07.09.2025 15:00","10896","10846","10966","336","89","89","3456","4178","4090"
"07.09.2025 15:00 - 07.09.2025 16:00","10191","10232","10389","285","89","89","3178","4203","4161"
"07.09.2025 16:00 - 07.09.2025 17:00","8860","8960","9059","276","186","186","2812","4005","4064"
"07.09.2025 17:00 - 07.09.2025 18:00","6885","6998","7071","475","598","598","2217","3380","3645"
"07.09.2025 18:00 - 07.09.2025 19:00","6187","6309","6310","480","572","572","3050","4699","4879"
"07.09.2025 19:00 - 07.09.2025 20:00","3240","3338","3290","407","534","534","2891","4149","4358"
"07.09.2025 20:00 - 07.09.2025 21:00","841","875","851","415","495","495","2740","3770","3929"
"07.09.2025 21:00 - 07.09.2025 22:00","54","54","49","396","513","513","2686","3523","3718"
"07.09.2025 22:00 - 07.09.2025 23:00","0","0","0","454","521","521","2625","3354","3497"
"07.09.2025 23:00 - 08.09.2025 00:00","0","0","0","476","482","482","2897","3656","3734"
"08.09.2025 00:00 - 08.09.2025 01:00","0","0","0","496","496","496","3982","3800","4296"
"08.09.2025 01:00 - 08.09.2025 02:00","0","0","0","499","499","499","3729","3655","4154"
"08.09.2025 02:00 - 08.09.2025 03:00","0","0","0","502","502","502","3183","3376","3878"
"08.09.2025 03:00 - 08.09.2025 04:00","0","0","0","491","491","491","2814","3072","3563"
"08.09.2025 04:00 - 08.09.2025 05:00","0","0","0","469","469","469","2570","2887","3355"
"08.09.2025 05:00 - 08.09.2025 06:00","0","0","0","425","425","425","2371","2711","3136"
"08.09.2025 06:00 - 08.09.2025 07:00","0","0","0","375","375","375","2322","2619","2994"
"08.09.2025 07:00 - 08.09.2025 08:00","0","0","0","323","323","323","2365","2089","2964"
"08.09.2025 08:00 - 08.09.2025 09:00","325","284","284","277","332","332","2405","1824","2444"
"08.09.2025 09:00 - 08.09.2025 10:00","2173","1950","1950","237","308","308","2176","1667","1996"
"08.09.2025 10:00 - 08.09.2025 11:00","5220","4919","4557","201","280","280","1790","1386","1448"
"08.09.2025 11:00 - 08.09.2025 12:00","7869","7762","7228","182","247","247","1510","1304","1394"
"08.09.2025 12:00 - 08.09.2025 13:00","9577","9670","9017","169","204","204","1401","1340","1410"
"08.09.2025 13:00 - 08.09.2025 14:00","10325","10588","10148","137","150","150","1435","1355","1409"
"08.09.2025 14:00 - 08.09.2025 15:00","10385","10847","10706","104","115","115","1515","1377","1433"
"08.09.2025 15:00 - 08.09.2025 16:00","9970","10309","10478","66","95","95","1624","1462","1537"
"08.09.2025 16:00 - 08.09.2025 17:00","8982","8855","9226","43","85","85","1667","1541","1628"
"08.09.2025 17:00 - 08.09.2025 18:00","7278","6992","7135","37","75","75","1677","1605","1687"
"08.09.2025 18:00 - 08.09.2025 19:00","5250","5240","5050","37","73","73","1668","1653","1732"
"08.09.2025 19:00 - 08.09.2025 20:00","2760","2832","2692","33","62","62","1760","1766","1839"
"08.09.2025 20:00 - 08.09.2025 21:00","723","737","716","31","46","46","2025","2078","2138"
"08.09.2025 21:00 - 08.09.2025 22:00","45","46","44","24","32","32","2355","2629","2683"
"08.09.2025 22:00 - 08.09.2025 23:00","0","0","0","23","32","32","2605","3119","3175"
"08.09.2025 23:00 - 09.09.2025 00:00","0","0","0","29","29","29","2752","3300","3345"
"09.09.2025 00:00 - 09.09.2025 01:00","0","0","0","51","51","51","3094","3120","3172"
"09.09.2025 01:00 - 09.09.2025 02:00","0","0","0","54","54","54","3114","3136","3190"
"09.09.2025 02:00 - 09.09.2025 03:00","0","0","0","59","59","59","3060","3080","3139"
"09.09.2025 03:00 - 09.09.2025 04:00","0","0","0","73","73","73","2916","2934","3006"
"09.09.2025 04:00 - 09.09.2025 05:00","0","0","0","75","75","75","2855","2871","2946"
"09.09.2025 05:00 - 09.09.2025 06:00","0","0","0","82","82","82","2805","2820","2902"
"09.09.2025 06:00 - 09.09.2025 07:00","0","0","0","103","103","103","2734","2748","2850"
"09.09.2025 07:00 - 09.09.2025 08:00","0","0","0","132","132","132","2557","2215","2700"
"09.09.2025 08:00 - 09.09.2025 09:00","305","264","264","155","103","103","2256","1980","2319"
"09.09.2025 09:00 - 09.09.2025 10:00","2210","1997","1997","176","130","130","1997","1709","2054"
"09.09.2025 10:00 - 09.09.2025 11:00","5566","5145","5586","219","178","178","1615","1490","1417"
"09.09.2025 11:00 - 09.09.2025 12:00","8773","8272","9038","260","236","236","1397","1348","1318"
"09.09.2025 12:00 - 09.09.2025 13:00","11389","10725","11634","316","271","271","1436","1462","1422"
"09.09.2025 13:00 - 09.09.2025 14:00","13251","12268","13085","362","295","295","1545","1744","1691"
"09.09.2025 14:00 - 09.09.2025 15:00","14002","12849","13382","396","337","337","1605","1979","1945"
"09.09.2025 15:00 - 09.09.2025 16:00","13534","12334","12816","427","390","390","1683","2075","2068"
"09.09.2025 16:00 - 09.09.2025 17:00","12150","10986","11147","470","459","459","1740","2012","2031"
"09.09.2025 17:00 - 09.09.2025 18:00","9813","8724","8648","535","559","559","1760","2022","2073"
"09.09.2025 18:00 - 09.09.2025 19:00","6852","5960","5954","568","662","662","1884","2146","2267"
"09.09.2025 19:00 - 09.09.2025 20:00","3436","3023","2998","651","770","770","1882","2200","2349"
"09.09.2025 20:00 - 09.09.2025 21:00","850","781","752","748","843","843","1892","2373","2498"
"09.09.2025 21:00 - 09.09.2025 22:00","41","42","40","845","888","888","1915","2702","2775"
"09.09.2025 22:00 - 09.09.2025 23:00","0","0","0","900","921","921","1949","2935","2986"
"09.09.2025 23:00 - 10.09.2025 00:00","0","0","0","855","916","916","2274","3145","3238"
"10.09.2025 00:00 - 10.09.2025 01:00","0","0","0","1015","1015","1015","3086","2699","3713"
"10.09.2025 01:00 - 10.09.2025 02:00","0","0","0","906","906","906","3243","3020","3926"
"10.09.2025 02:00 - 10.09.2025 03:00","0","0","0","738","738","738","3416","3258","3996"
"10.09.2025 03:00 - 10.09.2025 04:00","0","0","0","616","616","616","3504","3246","3862"
"10.09.2025 04:00 - 10.09.2025 05:00","0","0","0","579","579","579","3552","3284","3863"
"10.09.2025 05:00 - 10.09.2025 06:00","0","0","0","587","587","587","3671","3471","4058"
"10.09.2025 06:00 - 10.09.2025 07:00","0","0","0","596","596","596","3776","3722","4318"
"10.09.2025 07:00 - 10.09.2025 08:00","0","0","0","605","605","605","3930","4865","4503"
"10.09.2025 08:00 - 10.09.2025 09:00","308","326","326","574","674","674","4020","4259","3834"
"10.09.2025 09:00 - 10.09.2025 10:00","2208","2358","2358","565","695","695","4378","4620","3969"
"10.09.2025 10:00 - 10.09.2025 11:00","5434","5901","5846","581","697","697","3636","3891","3755"
"10.09.2025 11:00 - 10.09.2025 12:00","8260","9052","8961","586","694","694","3331","3466","3399"
"10.09.2025 12:00 - 10.09.2025 13:00","10289","11037","10970","646","720","720","4256","4137","4075"
"10.09.2025 13:00 - 10.09.2025 14:00","10005","10665","10643","672","770","770","4066","4018","4041"
"10.09.2025 14:00 - 10.09.2025 15:00","8737","9324","9400","737","819","819","3370","3599","3651"
"10.09.2025 15:00 - 10.09.2025 16:00","8269","8730","8707","833","894","894","3764","4206","4244"
"10.09.2025 16:00 - 10.09.2025 17:00","7244","7436","7458","926","1004","1004","3963","4470","4530"
"10.09.2025 17:00 - 10.09.2025 18:00","5716","5758","6006","1021","1115","1115","3959","4191","4272"
"10.09.2025 18:00 - 10.09.2025 19:00","5065","5008","5214","1101","1156","1156","6172","6579","6592"
"10.09.2025 19:00 - 10.09.2025 20:00","2939","2944","2956","1147","1161","1161","6111","7351","7318"
"10.09.2025 20:00 - 10.09.2025 21:00","757","790","772","1150","1154","1154","5845","7600","7561"
"10.09.2025 21:00 - 10.09.2025 22:00","38","43","41","1139","1139","1139","6117","7881","7842"
"10.09.2025 22:00 - 10.09.2025 23:00","0","0","0","1117","1111","1111","6573","8429","8386"
"10.09.2025 23:00 - 11.09.2025 00:00","0","0","0","1093","1081","1081","7298","9192","9146"
"11.09.2025 00:00 - 11.09.2025 01:00","0","0","0","1066","1066","1066","9476","9421","10487"
"11.09.2025 01:00 - 11.09.2025 02:00","0","0","0","1023","1023","1023","9673","9680","10703"
"11.09.2025 02:00 - 11.09.2025 03:00","0","0","0","993","993","993","9447","9595","10588"
"11.09.2025 03:00 - 11.09.2025 04:00","0","0","0","990","990","990","8998","9303","10293"
"11.09.2025 04:00 - 11.09.2025 05:00","0","0","0","1004","1004","1004","8777","9348","10352"
"11.09.2025 05:00 - 11.09.2025 06:00","0","0","0","1015","1015","1015","8815","9365","10379"
"11.09.2025 06:00 - 11.09.2025 07:00","0","0","0","1023","1023","1023","8944","9083","10106"
"11.09.2025 07:00 - 11.09.2025 08:00","0","0","0","1049","1049","1049","8893","10242","9784"
"11.09.2025 08:00 - 11.09.2025 09:00","342","320","320","1068","1123","1123","8704","8879","8362"
"11.09.2025 09:00 - 11.09.2025 10:00","2608","2441","2441","1077","1117","1117","8337","8768","8073"
"11.09.2025 10:00 - 11.09.2025 11:00","6619","6198","6350","1089","1124","1124","9045","9652","9331"
"11.09.2025 11:00 - 11.09.2025 12:00","9068","8607","8965","1083","1122","1122","7123","7752","7616"
"11.09.2025 12:00 - 11.09.2025 13:00","10183","9686","9849","1057","1102","1102","5040","5733","5733"
"11.09.2025 13:00 - 11.09.2025 14:00","11102","10660","10847","1039","1088","1088","5787","6592","6607"
"11.09.2025 14:00 - 11.09.2025 15:00","11128","10871","11089","1047","1093","1093","6284","6989","7010"
"11.09.2025 15:00 - 11.09.2025 16:00","10786","10635","10619","1059","1111","1111","6701","6857","6889"
"11.09.2025 16:00 - 11.09.2025 17:00","9797","9754","9567","1068","1125","1125","6847","6871","6913"
"11.09.2025 17:00 - 11.09.2025 18:00","7968","8129","7811","1080","1134","1134","6475","6744","6786"
"11.09.2025 18:00 - 11.09.2025 19:00","6641","6852","6629","1096","1134","1134","10157","10736","10696"
"11.09.2025 19:00 - 11.09.2025 20:00","3571","3670","3647","1109","1129","1129","10300","10970","10895"
"11.09.2025 20:00 - 11.09.2025 21:00","877","897","909","1107","1120","1120","9344","9977","9900"
"11.09.2025 21:00 - 11.09.2025 22:00","37","37","39","1095","1096","1096","8736","9309","9224"
"11.09.2025 22:00 - 11.09.2025 23:00","0","0","0","1091","1086","1086","8207","8786","8699"
"11.09.2025 23:00 - 12.09.2025 00:00","0","0","0","1091","1083","1083","7807","8511","8425"
"12.09.2025 00:00 - 12.09.2025 01:00","0","0","0","1102","1102","1102","8153","7976","9078"
"12.09.2025 01:00 - 12.09.2025 02:00","0","0","0","1100","1100","1100","8344","8030","9130"
"12.09.2025 02:00 - 12.09.2025 03:00","0","0","0","1082","1082","1082","8510","8233","9315"
"12.09.2025 03:00 - 12.09.2025 04:00","0","0","0","1053","1053","1053","8535","8314","9367"
"12.09.2025 04:00 - 12.09.2025 05:00","0","0","0","1002","1002","1002","8571","8379","9381"
"12.09.2025 05:00 - 12.09.2025 06:00","0","0","0","950","950","950","8529","8464","9413"
"12.09.2025 06:00 - 12.09.2025 07:00","0","0","0","911","911","911","8442","8375","9286"
"12.09.2025 07:00 - 12.09.2025 08:00","0","0","0","870","870","870","8077","8899","9037"
"12.09.2025 08:00 - 12.09.2025 09:00","315","317","317","843","790","790","7687","7880","7768"
"12.09.2025 09:00 - 12.09.2025 10:00","2574","2550","2550","815","798","798","6986","7021","6824"
"12.09.2025 10:00 - 12.09.2025 11:00","6672","6480","6031","786","741","741","7256","7373","7130"
"12.09.2025 11:00 - 12.09.2025 12:00","10535","10310","9370","758","749","749","8080","7985","7891"
"12.09.2025 12:00 - 12.09.2025 13:00","13208","12728","11502","731","728","728","8042","8001","7959"
"12.09.2025 13:00 - 12.09.2025 14:00","14120","13749","12481","709","668","668","7804","8328","8269"
"12.09.2025 14:00 - 12.09.2025 15:00","13951","13591","12513","692","647","647","7893","8656","8607"
"12.09.2025 15:00 - 12.09.2025 16:00","12959","12599","11846","697","669","669","7917","8522","8502"
"12.09.2025 16:00 - 12.09.2025 17:00","11333","10969","10488","739","715","715","7688","8046","8035"
"12.09.2025 17:00 - 12.09.2025 18:00","8915","8530","8226","818","803","803","6957","7116","7120"
"12.09.2025 18:00 - 12.09.2025 19:00","6087","5947","5642","775","777","777","5972","6230","6254"
"12.09.2025 19:00 - 12.09.2025 20:00","2965","2979","2839","766","745","745","4933","4903","4907"
"12.09.2025 20:00 - 12.09.2025 21:00","690","695","687","733","728","728","4158","4278","4300"
"12.09.2025 21:00 - 12.09.2025 22:00","24","23","22","798","758","758","3929","4268","4256"
"12.09.2025 22:00 - 12.09.2025 23:00","0","0","0","844","838","838","4007","4177","4198"
"12.09.2025 23:00 - 13.09.2025 00:00","0","0","0","899","930","930","4236","4340","4399"
"13.09.2025 00:00 - 13.09.2025 01:00","0","0","0","1006","1006","1006","5309","5340","6346"
"13.09.2025 01:00 - 13.09.2025 02:00","0","0","0","1087","1087","1087","5704","5735","6822"
"13.09.2025 02:00 - 13.09.2025 03:00","0","0","0","1121","1121","1121","5839","5872","6992"
"13.09.2025 03:00 - 13.09.2025 04:00","0","0","0","1165","1165","1165","5869","5904","7069"
"13.09.2025 04:00 - 13.09.2025 05:00","0","0","0","1187","1187","1187","6019","6057","7243"
"13.09.2025 05:00 - 13.09.2025 06:00","0","0","0","1185","1185","1185","6061","6099","7284"
"13.09.2025 06:00 - 13.09.2025 07:00","0","0","0","1156","1156","1156","6227","6264","7420"
"13.09.2025 07:00 - 13.09.2025 08:00","0","0","0","1119","1119","1119","6363","6948","7518"
"13.09.2025 08:00 - 13.09.2025 09:00","197","194","194","1071","1122","1122","6234","6123","6220"
"13.09.2025 09:00 - 13.09.2025 10:00","1693","1616","1616","1013","1044","1044","6424","6392","6429"
"13.09.2025 10:00 - 13.09.2025 11:00","4292","4040","4021","994","1084","1084","7136","6991","7222"
"13.09.2025 11:00 - 13.09.2025 12:00","6333","6361","6150","963","1087","1087","7798","7831","8075"
"13.09.2025 12:00 - 13.09.2025 13:00","7781","7679","7450","919","1068","1068","7899","8357","8615"
"13.09.2025 13:00 - 13.09.2025 14:00","8613","8067","7601","902","1034","1034","8038","7911","8138"
"13.09.2025 14:00 - 13.09.2025 15:00","8743","6920","6187","898","1031","1031","8292","4761","4961"
"13.09.2025 15:00 - 13.09.2025 16:00","8153","6425","5977","978","1060","1060","8313","4756","4903"
"13.09.2025 16:00 - 13.09.2025 17:00","7318","6858","6768","1014","1081","1081","8313","9031","9190"
"13.09.2025 17:00 - 13.09.2025 18:00","5947","5320","5496","993","1089","1089","8002","8181","8365"
"13.09.2025 18:00 - 13.09.2025 19:00","4501","4165","4252","940","1067","1067","7263","7700","7912"
"13.09.2025 19:00 - 13.09.2025 20:00","2461","2320","2297","888","999","999","6567","6921","7114"
"13.09.2025 20:00 - 13.09.2025 21:00","605","557","547","817","902","902","6117","6393","6557"
"13.09.2025 21:00 - 13.09.2025 22:00","19","18","17","739","772","772","5930","6236","6347"
"13.09.2025 22:00 - 13.09.2025 23:00","0","0","0","683","661","661","5610","6133","6187"
"13.09.2025 23:00 - 14.09.2025 00:00","0","0","0","604","583","583","5372","5969","6023"
"14.09.2025 00:00 - 14.09.2025 01:00","0","0","0","481","481","481","5394","6008","6488"
"14.09.2025 01:00 - 14.09.2025 02:00","0","0","0","382","382","382","5226","5880","6262"
"14.09.2025 02:00 - 14.09.2025 03:00","0","0","0","313","313","313","5037","5399","5712"
"14.09.2025 03:00 - 14.09.2025 04:00","0","0","0","295","295","295","4751","4887","5182"
"14.09.2025 04:00 - 14.09.2025 05:00","0","0","0","293","293","293","4388","4788","5081"
"14.09.2025 05:00 - 14.09.2025 06:00","0","0","0","272","272","272","4000","4552","4824"
"14.09.2025 06:00 - 14.09.2025 07:00","0","0","0","245","245","245","3617","4276","4521"
"14.09.2025 07:00 - 14.09.2025 08:00","0","0","0","255","255","255","3435","3652","4363"
"14.09.2025 08:00 - 14.09.2025 09:00","197","160","160","301","326","326","3466","3331","3976"
"14.09.2025 09:00 - 14.09.2025 10:00","1742","1477","1477","391","457","457","3522","3391","3922"
"14.09.2025 10:00 - 14.09.2025 11:00","4633","3696","4449","490","578","578","3439","3320","3425"
"14.09.2025 11:00 - 14.09.2025 12:00","6955","5291","6682","640","668","668","3615","3471","3530"
"14.09.2025 12:00 - 14.09.2025 13:00","8357","6577","7862","707","745","745","4359","4174","4252"
"14.09.2025 13:00 - 14.09.2025 14:00","9175","7622","8415","786","850","850","5368","5497","5609"
"14.09.2025 14:00 - 14.09.2025 15:00","9510","7664","7864","947","976","976","6604","6098","6166"
"14.09.2025 15:00 - 14.09.2025 16:00","9503","6613","6200","1042","1109","1109","7763","4113","4181"
"14.09.2025 16:00 - 14.09.2025 17:00","8968","7651","7108","1157","1225","1225","8718","8436","8561"
"14.09.2025 17:00 - 14.09.2025 18:00","7426","6419","6089","1262","1319","1319","9420","8810","8924"
"14.09.2025 18:00 - 14.09.2025 19:00","5472","5027","4696","1315","1362","1362","10073","9491","9597"
"14.09.2025 19:00 - 14.09.2025 20:00","2816","2685","2535","1342","1383","1383","11016","10310","10412"
"14.09.2025 20:00 - 14.09.2025 21:00","646","626","614","1354","1393","1393","12160","11508","11608"
"14.09.2025 21:00 - 14.09.2025 22:00","15","14","14","1361","1395","1395","12904","12500","12594"
"14.09.2025 22:00 - 14.09.2025 23:00","0","0","0","1361","1394","1394","13494","13355","13447"
"14.09.2025 23:00 - 15.09.2025 00:00","0","0","0","1358","1391","1391","14128","14243","14333"
"15.09.2025 00:00 - 15.09.2025 01:00","0","0","0","1373","1373","1373","15051","15590","16963"
"15.09.2025 01:00 - 15.09.2025 02:00","0","0","0","1363","1363","1363","15413","13956","15318"
"15.09.2025 02:00 - 15.09.2025 03:00","0","0","0","1355","1355","1355","15487","8358","9713"
"15.09.2025 03:00 - 15.09.2025 04:00","0","0","0","1355","1355","1355","15490","8386","9741"
"15.09.2025 04:00 - 15.09.2025 05:00","0","0","0","1351","1351","1351","15360","8310","9661"
"15.09.2025 05:00 - 15.09.2025 06:00","0","0","0","1345","1345","1345","14882","8109","9454"
"15.09.2025 06:00 - 15.09.2025 07:00","0","0","0","1336","1336","1336","14320","7794","9129"
"15.09.2025 07:00 - 15.09.2025 08:00","0","0","0","1312","1312","1312","13916","15074","15933"
"15.09.2025 08:00 - 15.09.2025 09:00","202","201","201","1290","1314","1314","13405","13082","14038"
"15.09.2025 09:00 - 15.09.2025 10:00","2077","1980","1980","1282","1299","1299","12564","12553","13166"
"15.09.2025 10:00 - 15.09.2025 11:00","5593","5366","5652","1259","1288","1288","12054","12583","12571"
"15.09.2025 11:00 - 15.09.2025 12:00","8750","8074","8521","1248","1282","1282","12847","11521","11598"
"15.09.2025 12:00 - 15.09.2025 13:00","10898","8588","8718","1243","1279","1279","13657","6921","7127"
"15.09.2025 13:00 - 15.09.2025 14:00","12263","9420","9265","1247","1272","1272","14383","7468","7667"
"15.09.2025 14:00 - 15.09.2025 15:00","12453","9380","9166","1256","1289","1289","15200","7936","8144"
"15.09.2025 15:00 - 15.09.2025 16:00","12035","9143","8929","1260","1299","1299","15767","8323","8535"
"15.09.2025 16:00 - 15.09.2025 17:00","10971","8528","8262","1263","1297","1297","16141","8535","8739"
"15.09.2025 17:00 - 15.09.2025 18:00","9117","8828","8693","1243","1264","1264","16136","16376","16497"
"15.09.2025 18:00 - 15.09.2025 19:00","6486","6329","6448","1123","1138","1138","15556","15750","15869"
"15.09.2025 19:00 - 15.09.2025 20:00","3155","3123","3251","1108","1122","1122","14541","14747","14868"
"15.09.2025 20:00 - 15.09.2025 21:00","704","695","729","1090","1104","1104","13824","13958","14081"
"15.09.2025 21:00 - 15.09.2025 22:00","14","14","14","1071","1083","1083","13316","13513","13636"
"15.09.2025 22:00 - 15.09.2025 23:00","0","0","0","1058","1062","1062","12982","13424","13541"
"15.09.2025 23:00 - 16.09.2025 00:00","0","0","0","1039","1045","1045","12828","13332","13450"
"16.09.2025 00:00 - 16.09.2025 01:00","0","0","0","991","991","991","12283","12511","13502"
"16.09.2025 01:00 - 16.09.2025 02:00","0","0","0","946","946","946","11938","12280","13226"
"16.09.2025 02:00 - 16.09.2025 03:00","0","0","0","919","919","919","11665","11830","12748"
"16.09.2025 03:00 - 16.09.2025 04:00","0","0","0","881","881","881","11286","11306","12187"
"16.09.2025 04:00 - 16.09.2025 05:00","0","0","0","829","829","829","10792","10867","11696"
"16.09.2025 05:00 - 16.09.2025 06:00","0","0","0","793","793","793","10262","10394","11187"
"16.09.2025 06:00 - 16.09.2025 07:00","0","0","0","773","773","773","9825","10029","10802"
"16.09.2025 07:00 - 16.09.2025 08:00","0","0","0","719","719","719","9571","9919","10396"
"16.09.2025 08:00 - 16.09.2025 09:00","195","184","184","672","699","699","9172","8820","9155"
"16.09.2025 09:00 - 16.09.2025 10:00","2067","1976","1976","619","639","639","8375","7947","8382"
"16.09.2025 10:00 - 16.09.2025 11:00","5547","5282","5497","550","555","555","9086","8487","8200"
"16.09.2025 11:00 - 16.09.2025 12:00","8587","8406","8694","504","500","500","9920","9380","9146"
"16.09.2025 12:00 - 16.09.2025 13:00","10757","10083","10678","464","440","440","9920","9611","9402"
"16.09.2025 13:00 - 16.09.2025 14:00","11145","10323","10944","444","413","413","8645","8755","8605"
"16.09.2025 14:00 - 16.09.2025 15:00","9350","8547","9006","414","401","401","5094","5468","5445"
"16.09.2025 15:00 - 16.09.2025 16:00","8879","8163","8474","371","399","399","5069","5496","5516"
"16.09.2025 16:00 - 16.09.2025 17:00","9935","9095","9228","344","397","397","9389","9753","9706"
"16.09.2025 17:00 - 16.09.2025 18:00","8028","6957","7131","326","378","378","8855","8923","8886"
"16.09.2025 18:00 - 16.09.2025 19:00","5570","4904","5137","312","340","340","7873","7593","7542"
"16.09.2025 19:00 - 16.09.2025 20:00","2696","2473","2608","327","316","316","6357","6018","5934"
"16.09.2025 20:00 - 16.09.2025 21:00","596","543","575","339","310","310","5063","4806","4709"
"16.09.2025 21:00 - 16.09.2025 22:00","7","6","6","348","310","310","4186","3934","3831"
"16.09.2025 22:00 - 16.09.2025 23:00","0","0","0","380","315","315","3701","3337","3210"
"16.09.2025 23:00 - 17.09.2025 00:00","0","0","0","369","320","320","3465","2958","2848"
"17.09.2025 00:00 - 17.09.2025 01:00","0","0","0","358","358","358","2966","3113","3471"
"17.09.2025 01:00 - 17.09.2025 02:00","0","0","0","376","376","376","2868","2943","3319"
"17.09.2025 02:00 - 17.09.2025 03:00","0","0","0","410","410","410","2691","2681","3091"
"17.09.2025 03:00 - 17.09.2025 04:00","0","0","0","436","436","436","2352","2464","2900"
"17.09.2025 04:00 - 17.09.2025 05:00","0","0","0","482","482","482","2138","2353","2835"
"17.09.2025 05:00 - 17.09.2025 06:00","0","0","0","549","549","549","2169","2311","2860"
"17.09.2025 06:00 - 17.09.2025 07:00","0","0","0","574","574","574","2330","2413","2987"
"17.09.2025 07:00 - 17.09.2025 08:00","0","0","0","587","587","587","2498","2918","3163"
"17.09.2025 08:00 - 17.09.2025 09:00","148","145","145","587","511","511","2624","2445","2743"
"17.09.2025 09:00 - 17.09.2025 10:00","1846","1890","1890","583","524","524","2872","2827","2886"
"17.09.2025 10:00 - 17.09.2025 11:00","5467","5389","6356","576","524","524","2476","3177","3385"
"17.09.2025 11:00 - 17.09.2025 12:00","9097","9202","10778","547","539","539","2121","2853","3040"
"17.09.2025 12:00 - 17.09.2025 13:00","12200","12340","13963","517","510","510","2686","3168","3320"
"17.09.2025 13:00 - 17.09.2025 14:00","14489","14362","15685","487","479","479","3818","4132","4257"
"17.09.2025 14:00 - 17.09.2025 15:00","15638","15471","16266","466","459","459","4442","4959","5062"
"17.09.2025 15:00 - 17.09.2025 16:00","15702","15476","15797","386","468","468","4657","5010","5187"
"17.09.2025 16:00 - 17.09.2025 17:00","14584","14341","14351","373","469","469","4670","4721","4900"
"17.09.2025 17:00 - 17.09.2025 18:00","12043","11828","11683","378","441","441","4311","4274","4412"
"17.09.2025 18:00 - 17.09.2025 19:00","8234","8069","7914","360","425","425","3566","3626","3759"
"17.09.2025 19:00 - 17.09.2025 20:00","3757","3693","3618","413","425","425","2751","3106","3180"
"17.09.2025 20:00 - 17.09.2025 21:00","769","761","747","446","425","425","2368","3026","3062"
"17.09.2025 21:00 - 17.09.2025 22:00","6","6","6","450","435","435","2309","3154","3192"
"17.09.2025 22:00 - 17.09.2025 23:00","0","0","0","463","436","436","2372","3169","3191"
"17.09.2025 23:00 - 18.09.2025 00:00","0","0","0","429","436","436","2426","3160","3216"
"18.09.2025 00:00 - 18.09.2025 01:00","0","0","0","430","430","430","3080","3213","3643"
"18.09.2025 01:00 - 18.09.2025 02:00","0","0","0","412","412","412","3005","3130","3541"
"18.09.2025 02:00 - 18.09.2025 03:00","0","0","0","396","396","396","2953","3071","3467"
"18.09.2025 03:00 - 18.09.2025 04:00","0","0","0","394","394","394","2879","2992","3386"
"18.09.2025 04:00 - 18.09.2025 05:00","0","0","0","383","383","383","2747","2854","3238"
"18.09.2025 05:00 - 18.09.2025 06:00","0","0","0","371","371","371","2547","2649","3021"
"18.09.2025 06:00 - 18.09.2025 07:00","0","0","0","376","376","376","2334","2432","2808"
"18.09.2025 07:00 - 18.09.2025 08:00","0","0","0","380","380","380","2165","1942","2641"
"18.09.2025 08:00 - 18.09.2025 09:00","167","167","167","347","369","369","1976","1504","2049"
"18.09.2025 09:00 - 18.09.2025 10:00","2302","2318","2318","333","370","370","1887","1537","1944"
"18.09.2025 10:00 - 18.09.2025 11:00","6804","6875","7057","331","353","353","1490","1304","1481"
"18.09.2025 11:00 - 18.09.2025 12:00","11540","11671","12048","312","323","323","1316","1232","1378"
"18.09.2025 12:00 - 18.09.2025 13:00","15121","15185","15684","284","296","296","1623","1479","1609"
"18.09.2025 13:00 - 18.09.2025 14:00","17231","17230","17771","241","245","245","1944","1745","1856"
"18.09.2025 14:00 - 18.09.2025 15:00","18003","17976","18444","194","194","194","1955","1877","1975"
"18.09.2025 15:00 - 18.09.2025 16:00","17529","17526","17925","158","143","143","1826","1907","1982"
"18.09.2025 16:00 - 18.09.2025 17:00","15750","15861","16178","117","105","105","1758","1848","1920"
"18.09.2025 17:00 - 18.09.2025 18:00","12734","12805","12979","83","74","74","1654","1710","1780"
"18.09.2025 18:00 - 18.09.2025 19:00","8481","8481","8573","57","40","40","1461","1446","1505"
"18.09.2025 19:00 - 18.09.2025 20:00","3733","3726","3776","47","16","16","1326","1277","1320"
"18.09.2025 20:00 - 18.09.2025 21:00","736","734","746","44","11","11","1471","1405","1443"
"18.09.2025 21:00 - 18.09.2025 22:00","3","3","3","51","17","17","1641","1595","1628"
"18.09.2025 22:00 - 18.09.2025 23:00","0","0","0","70","27","27","1866","1774","1795"
"18.09.2025 23:00 - 19.09.2025 00:00","0","0","0","78","37","37","2184","1992","2015"
"19.09.2025 00:00 - 19.09.2025 01:00","0","0","0","41","41","41","1674","1689","1730"
"19.09.2025 01:00 - 19.09.2025 02:00","0","0","0","69","69","69","1834","1852","1920"
"19.09.2025 02:00 - 19.09.2025 03:00","0","0","0","96","96","96","2061","2082","2177"
"19.09.2025 03:00 - 19.09.2025 04:00","0","0","0","118","118","118","2333","2355","2472"
"19.09.2025 04:00 - 19.09.2025 05:00","0","0","0","144","144","144","2658","2681","2825"
"19.09.2025 05:00 - 19.09.2025 06:00","0","0","0","170","170","170","2958","2982","3152"
"19.09.2025 06:00 - 19.09.2025 07:00","0","0","0","197","197","197","3230","3254","3451"
"19.09.2025 07:00 - 19.09.2025 08:00","0","0","0","226","226","226","3704","4212","3954"
"19.09.2025 08:00 - 19.09.2025 09:00","139","140","140","243","285","285","4260","4318","4243"
"19.09.2025 09:00 - 19.09.2025 10:00","2140","2178","2178","253","316","316","4598","4642","4560"
"19.09.2025 10:00 - 19.09.2025 11:00","6499","6649","6775","257","310","310","5257","5185","5606"
"19.09.2025 11:00 - 19.09.2025 12:00","11030","11442","11647","243","286","286","4447","4495","4815"
"19.09.2025 12:00 - 19.09.2025 13:00","14429","14988","15225","216","268","268","3030","3086","3362"
"19.09.2025 13:00 - 19.09.2025 14:00","16400","17104","17172","179","223","223","2652","2672","2901"
"19.09.2025 14:00 - 19.09.2025 15:00","17027","17850","17709","146","171","171","2716","2841","3022"
"19.09.2025 15:00 - 19.09.2025 16:00","16431","17243","17103","128","145","145","2749","2941","3091"
"19.09.2025 16:00 - 19.09.2025 17:00","14544","15281","15236","116","129","129","2778","3010","3142"
"19.09.2025 17:00 - 19.09.2025 18:00","11564","12110","12075","108","102","102","2785","3128","3230"
"19.09.2025 18:00 - 19.09.2025 19:00","7622","7910","7877","112","84","84","2814","3293","3364"
"19.09.2025 19:00 - 19.09.2025 20:00","3308","3386","3392","152","95","95","3328","3942","3976"
"19.09.2025 20:00 - 19.09.2025 21:00","636","640","649","166","93","93","4460","5122","5135"
"19.09.2025 21:00 - 19.09.2025 22:00","2","2","2","182","80","80","5727","6411","6390"
"19.09.2025 22:00 - 19.09.2025 23:00","0","0","0","198","88","88","6788","7255","7220"
"19.09.2025 23:00 - 20.09.2025 00:00","0","0","0","221","141","141","7256","7512","7503"
"20.09.2025 00:00 - 20.09.2025 01:00","0","0","0","168","168","168","7306","7213","7381"
"20.09.2025 01:00 - 20.09.2025 02:00","0","0","0","200","200","200","7192","7105","7305"
"20.09.2025 02:00 - 20.09.2025 03:00","0","0","0","191","191","191","7211","7132","7323"
"20.09.2025 03:00 - 20.09.2025 04:00","0","0","0","172","172","172","6990","6917","7089"
"20.09.2025 04:00 - 20.09.2025 05:00","0","0","0","140","140","140","6739","6672","6812"
"20.09.2025 05:00 - 20.09.2025 06:00","0","0","0","118","118","118","6894","6832","6949"
"20.09.2025 06:00 - 20.09.2025 07:00","0","0","0","139","139","139","6897","6840","6979"
"20.09.2025 07:00 - 20.09.2025 08:00","0","0","0","159","159","159","6699","7622","6803"
"20.09.2025 08:00 - 20.09.2025 09:00","108","108","108","242","290","290","7232","8189","7132"
"20.09.2025 09:00 - 20.09.2025 10:00","1724","1720","1720","337","385","385","8336","9271","8237"
"20.09.2025 10:00 - 20.09.2025 11:00","5097","5140","4815","450","467","467","8612","9213","8690"
"20.09.2025 11:00 - 20.09.2025 12:00","8360","8657","8160","528","617","617","7071","7056","6728"
"20.09.2025 12:00 - 20.09.2025 13:00","10663","10997","10561","643","802","802","6081","6148","5966"
"20.09.2025 13:00 - 20.09.2025 14:00","11993","12219","11755","806","946","946","6459","6855","6707"
"20.09.2025 14:00 - 20.09.2025 15:00","12118","12375","11971","989","1017","1017","7368","7702","7480"
"20.09.2025 15:00 - 20.09.2025 16:00","11420","11561","11439","1037","1113","1113","8216","8054","7907"
"20.09.2025 16:00 - 20.09.2025 17:00","9934","9974","10091","1087","1171","1171","8390","8161","8044"
"20.09.2025 17:00 - 20.09.2025 18:00","7753","7696","7959","1152","1201","1201","8638","8240","8094"
"20.09.2025 18:00 - 20.09.2025 19:00","5117","5036","5280","1155","1180","1180","8669","8262","8104"
"20.09.2025 19:00 - 20.09.2025 20:00","2247","2205","2292","1172","1122","1122","8141","8237","8023"
"20.09.2025 20:00 - 20.09.2025 21:00","434","423","429","1138","1051","1051","8139","8180","7942"
"20.09.2025 21:00 - 20.09.2025 22:00","1","1","1","1050","964","964","8225","7919","7688"
"20.09.2025 22:00 - 20.09.2025 23:00","0","0","0","952","874","874","8102","7328","7111"
"20.09.2025 23:00 - 21.09.2025 00:00","0","0","0","891","798","798","8081","6557","6330"
"21.09.2025 00:00 - 21.09.2025 01:00","0","0","0","656","656","656","6932","7153","7809"
"21.09.2025 01:00 - 21.09.2025 02:00","0","0","0","620","620","620","6578","6777","7397"
"21.09.2025 02:00 - 21.09.2025 03:00","0","0","0","594","594","594","6306","6484","7078"
"21.09.2025 03:00 - 21.09.2025 04:00","0","0","0","522","522","522","5880","6043","6564"
"21.09.2025 04:00 - 21.09.2025 05:00","0","0","0","391","391","391","5074","5227","5617"
"21.09.2025 05:00 - 21.09.2025 06:00","0","0","0","289","289","289","4213","4356","4645"
"21.09.2025 06:00 - 21.09.2025 07:00","0","0","0","222","222","222","3591","3724","3946"
"21.09.2025 07:00 - 21.09.2025 08:00","0","0","0","165","165","165","2838","3030","3126"
"21.09.2025 08:00 - 21.09.2025 09:00","70","65","65","134","126","126","2144","2264","2267"
"21.09.2025 09:00 - 21.09.2025 10:00","1263","1155","1155","118","110","110","1748","1823","1865"
"21.09.2025 10:00 - 21.09.2025 11:00","3779","3471","3513","111","93","93","1504","1555","1492"
"21.09.2025 11:00 - 21.09.2025 12:00","6208","5702","5725","99","81","81","1351","1438","1382"
"21.09.2025 12:00 - 21.09.2025 13:00","7724","7248","7243","91","89","89","1268","1364","1326"
"21.09.2025 13:00 - 21.09.2025 14:00","8491","8069","8063","97","108","108","1229","1371","1351"
"21.09.2025 14:00 - 21.09.2025 15:00","8614","8055","8340","122","163","163","1315","1402","1414"
"21.09.2025 15:00 - 21.09.2025 16:00","8419","7655","7707","181","222","222","1315","1532","1543"
"21.09.2025 16:00 - 21.09.2025 17:00","7571","6936","6816","250","317","317","1353","1625","1666"
"21.09.2025 17:00 - 21.09.2025 18:00","5979","5570","5467","333","452","452","1542","1803","1900"
"21.09.2025 18:00 - 21.09.2025 19:00","4350","4070","3972","575","614","614","1738","2068","2086"
"21.09.2025 19:00 - 21.09.2025 20:00","2101","1972","1913","678","796","796","2244","2352","2451"
"21.09.2025 20:00 - 21.09.2025 21:00","410","387","371","818","867","867","2935","2858","2889"
"21.09.2025 21:00 - 21.09.2025 22:00","1","0","1","909","888","888","3620","3376","3338"
"21.09.2025 22:00 - 21.09.2025 23:00","0","0","0","957","910","910","3873","3939","3877"
"21.09.2025 23:00 - 22.09.2025 00:00","0","0","0","1003","929","929","4080","4262","4173"
"22.09.2025 00:00 - 22.09.2025 01:00","0","0","0","938","938","938","4610","5145","6083"
"22.09.2025 01:00 - 22.09.2025 02:00","0","0","0","967","967","967","4912","5733","6700"
"22.09.2025 02:00 - 22.09.2025 03:00","0","0","0","1005","1005","1005","5282","6209","7214"
"22.09.2025 03:00 - 22.09.2025 04:00","0","0","0","1055","1055","1055","5502","6243","7297"
"22.09.2025 04:00 - 22.09.2025 05:00","0","0","0","1097","1097","1097","5608","6245","7342"
"22.09.2025 05:00 - 22.09.2025 06:00","0","0","0","1131","1131","1131","6054","6622","7752"
"22.09.2025 06:00 - 22.09.2025 07:00","0","0","0","1155","1155","1155","6543","7147","8302"
"22.09.2025 07:00 - 22.09.2025 08:00","0","0","0","1166","1166","1166","6931","9345","8877"
"22.09.2025 08:00 - 22.09.2025 09:00","58","49","49","1176","1206","1206","7549","8692","8291"
"22.09.2025 09:00 - 22.09.2025 10:00","1426","1335","1335","1176","1197","1197","8329","8970","8885"
"22.09.2025 10:00 - 22.09.2025 11:00","4599","4425","4074","1164","1171","1171","7616","8069","7748"
"22.09.2025 11:00 - 22.09.2025 12:00","8078","7805","7290","1131","1117","1117","7694","8204","7913"
"22.09.2025 12:00 - 22.09.2025 13:00","10692","10358","9667","1082","1060","1060","8961","9552","9291"
"22.09.2025 13:00 - 22.09.2025 14:00","11447","11240","10285","1036","1002","1002","8658","8920","8700"
"22.09.2025 14:00 - 22.09.2025 15:00","9685","9745","8890","1004","969","969","5554","5164","5018"
"22.09.2025 15:00 - 22.09.2025 16:00","9252","9502","8697","984","976","976","5883","5108","4998"
"22.09.2025 16:00 - 22.09.2025 17:00","8416","8520","7940","986","1011","1011","5961","4998","4932"
"22.09.2025 17:00 - 22.09.2025 18:00","6744","6781","6429","1020","1065","1065","5786","4918","4879"
"22.09.2025 18:00 - 22.09.2025 19:00","4512","4551","4302","1041","1124","1124","5510","4825","4828"
"22.09.2025 19:00 - 22.09.2025 20:00","2426","2441","2340","1051","1175","1175","10296","9394","9393"
"22.09.2025 20:00 - 22.09.2025 21:00","437","444","442","1052","1177","1177","10385","9250","9256"
"22.09.2025 21:00 - 22.09.2025 22:00","1","1","1","1048","1152","1152","10478","9262","9253"
"22.09.2025 22:00 - 22.09.2025 23:00","0","0","0","1012","1109","1109","10346","8958","8944"
"22.09.2025 23:00 - 23.09.2025 00:00","0","0","0","986","1012","1012","10056","8637","8556"
"23.09.2025 00:00 - 23.09.2025 01:00","0","0","0","931","931","931","7426","7891","8822"
"23.09.2025 01:00 - 23.09.2025 02:00","0","0","0","855","855","855","7209","7380","8235"
"23.09.2025 02:00 - 23.09.2025 03:00","0","0","0","809","809","809","6966","7173","7982"
"23.09.2025 03:00 - 23.09.2025 04:00","0","0","0","776","776","776","5942","6239","7015"
"23.09.2025 04:00 - 23.09.2025 05:00","0","0","0","746","746","746","3300","3542","4288"
"23.09.2025 05:00 - 23.09.2025 06:00","0","0","0","704","704","704","3346","3635","4339"
"23.09.2025 06:00 - 23.09.2025 07:00","0","0","0","675","675","675","3521","3817","4491"
"23.09.2025 07:00 - 23.09.2025 08:00","0","0","0","634","634","634","7292","8041","8225"
"23.09.2025 08:00 - 23.09.2025 09:00","56","56","56","627","715","715","7413","7456","7601"
"23.09.2025 09:00 - 23.09.2025 10:00","1359","1366","1366","619","718","718","7292","7549","7458"
"23.09.2025 10:00 - 23.09.2025 11:00","4307","4388","4269","612","689","689","6590","6978","6948"
"23.09.2025 11:00 - 23.09.2025 12:00","7325","7404","7407","564","626","626","6222","6737","6744"
"23.09.2025 12:00 - 23.09.2025 13:00","9616","9582","9688","524","609","609","6380","7396","7454"
"23.09.2025 13:00 - 23.09.2025 14:00","10626","10936","10824","516","622","622","6896","8046","8141"
"23.09.2025 14:00 - 23.09.2025 15:00","11071","11124","11049","541","663","663","7735","8479","8602"
"23.09.2025 15:00 - 23.09.2025 16:00","10785","10664","10483","617","699","699","8231","8666","8758"
"23.09.2025 16:00 - 23.09.2025 17:00","9496","9580","9267","698","760","760","8214","8557","8636"
"23.09.2025 17:00 - 23.09.2025 18:00","7355","7475","7225","759","829","829","8086","8338","8429"
"23.09.2025 18:00 - 23.09.2025 19:00","4908","4896","4829","811","910","910","7572","7874","7997"
"23.09.2025 19:00 - 23.09.2025 20:00","2135","2114","2132","895","978","978","6998","7093","7201"
"23.09.2025 20:00 - 23.09.2025 21:00","383","388","395","940","1038","1038","6779","6614","6739"
"23.09.2025 21:00 - 23.09.2025 22:00","0","0","0","979","1056","1056","6432","6594","6698"
"23.09.2025 22:00 - 23.09.2025 23:00","0","0","0","988","1038","1038","6195","6787","6866"
"23.09.2025 23:00 - 24.09.2025 00:00","0","0","0","988","1009","1009","6337","7043","7093"
"24.09.2025 00:00 - 24.09.2025 01:00","0","0","0","947","947","947","7264","7468","8415"
"24.09.2025 01:00 - 24.09.2025 02:00","0","0","0","889","889","889","7529","7717","8605"
"24.09.2025 02:00 - 24.09.2025 03:00","0","0","0","805","805","805","7504","7678","8483"
"24.09.2025 03:00 - 24.09.2025 04:00","0","0","0","771","771","771","7364","7527","8298"
"24.09.2025 04:00 - 24.09.2025 05:00","0","0","0","718","718","718","7171","7325","8043"
"24.09.2025 05:00 - 24.09.2025 06:00","0","0","0","707","707","707","6795","6941","7648"
"24.09.2025 06:00 - 24.09.2025 07:00","0","0","0","708","708","708","6555","6694","7401"
"24.09.2025 07:00 - 24.09.2025 08:00","0","0","0","726","726","726","6449","6247","7309"
"24.09.2025 08:00 - 24.09.2025 09:00","41","36","36","747","737","737","6277","5511","6420"
"24.09.2025 09:00 - 24.09.2025 10:00","1252","1169","1169","752","743","743","6079","5737","6218"
"24.09.2025 10:00 - 24.09.2025 11:00","4117","3994","3979","731","717","717","5878","5541","5662"
"24.09.2025 11:00 - 24.09.2025 12:00","6964","6962","6829","687","668","668","5874","5611","5730"
"24.09.2025 12:00 - 24.09.2025 13:00","8891","9149","8707","626","630","630","5969","5913","6050"
"24.09.2025 13:00 - 24.09.2025 14:00","9931","10319","9532","591","604","604","6143","5803","5944"
"24.09.2025 14:00 - 24.09.2025 15:00","10285","10443","9886","626","629","629","5964","5631","5758"
"24.09.2025 15:00 - 24.09.2025 16:00","9992","10170","9587","650","652","652","5777","5635","5755"
"24.09.2025 16:00 - 24.09.2025 17:00","9036","9187","8646","680","684","684","5658","5543","5661"
"24.09.2025 17:00 - 24.09.2025 18:00","7413","7418","7010","713","720","720","5332","5372","5489"
"24.09.2025 18:00 - 24.09.2025 19:00","5042","5103","4788","717","747","747","5085","5079","5217"
"24.09.2025 19:00 - 24.09.2025 20:00","2189","2239","2075","776","752","752","4716","4489","4571"
"24.09.2025 20:00 - 24.09.2025 21:00","404","407","369","820","763","763","4296","3976","4021"
"24.09.2025 21:00 - 24.09.2025 22:00","0","0","0","800","740","740","3985","3680","3721"
"24.09.2025 22:00 - 24.09.2025 23:00","0","0","0","731","669","669","3870","3431","3468"
"24.09.2025 23:00 - 25.09.2025 00:00","0","0","0","672","572","572","3919","3269","3267"
"25.09.2025 00:00 - 25.09.2025 01:00","0","0","0","499","499","499","3582","3510","4009"
"25.09.2025 01:00 - 25.09.2025 02:00","0","0","0","459","459","459","3499","3436","3895"
"25.09.2025 02:00 - 25.09.2025 03:00","0","0","0","437","437","437","3411","3355","3792"
"25.09.2025 03:00 - 25.09.2025 04:00","0","0","0","419","419","419","3373","3324","3743"
"25.09.2025 04:00 - 25.09.2025 05:00","0","0","0","409","409","409","3455","3409","3819"
"25.09.2025 05:00 - 25.09.2025 06:00","0","0","0","431","431","431","3493","3452","3882"
"25.09.2025 06:00 - 25.09.2025 07:00","0","0","0","459","459","459","3301","3261","3720"
"25.09.2025 07:00 - 25.09.2025 08:00","0","0","0","506","506","506","3074","3333","3543"
"25.09.2025 08:00 - 25.09.2025 09:00","36","33","33","567","642","642","2942","2682","2832"
"25.09.2025 09:00 - 25.09.2025 10:00","1331","1204","1204","551","646","646","2867","2589","2738"
"25.09.2025 10:00 - 25.09.2025 11:00","4555","4158","3725","515","562","562","2611","2302","2272"
"25.09.2025 11:00 - 25.09.2025 12:00","7939","7444","6682","477","509","509","2615","2203","2191"
"25.09.2025 12:00 - 25.09.2025 13:00","10480","9782","8822","446","475","475","2788","2546","2546"
"25.09.2025 13:00 - 25.09.2025 14:00","11767","10817","10193","462","470","470","2838","2799","2788"
"25.09.2025 14:00 - 25.09.2025 15:00","12038","10960","10753","480","481","481","2889","2854","2842"
"25.09.2025 15:00 - 25.09.2025 16:00","11561","10464","10387","510","502","502","2996","2795","2779"
"25.09.2025 16:00 - 25.09.2025 17:00","10230","9266","9163","532","540","540","3076","2751","2756"
"25.09.2025 17:00 - 25.09.2025 18:00","8217","7311","6919","555","568","568","3088","2752","2765"
"25.09.2025 18:00 - 25.09.2025 19:00","5434","4843","4491","583","580","580","3044","2563","2562"
"25.09.2025 19:00 - 25.09.2025 20:00","2259","2039","1936","596","567","567","2812","2156","2129"
"25.09.2025 20:00 - 25.09.2025 21:00","396","353","344","594","547","547","2514","1899","1857"
"25.09.2025 21:00 - 25.09.2025 22:00","0","0","0","561","536","536","2233","1728","1708"
"25.09.2025 22:00 - 25.09.2025 23:00","0","0","0","553","521","521","1967","1596","1570"
"25.09.2025 23:00 - 26.09.2025 00:00","0","0","0","508","485","485","1887","1543","1527"
"26.09.2025 00:00 - 26.09.2025 01:00","0","0","0","516","516","516","1680","1680","2196"
"26.09.2025 01:00 - 26.09.2025 02:00","0","0","0","464","464","464","1523","1526","1990"
"26.09.2025 02:00 - 26.09.2025 03:00","0","0","0","401","401","401","1384","1388","1789"
"26.09.2025 03:00 - 26.09.2025 04:00","0","0","0","356","356","356","1303","1307","1663"
"26.09.2025 04:00 - 26.09.2025 05:00","0","0","0","307","307","307","1300","1306","1613"
"26.09.2025 05:00 - 26.09.2025 06:00","0","0","0","252","252","252","1373","1380","1631"
"26.09.2025 06:00 - 26.09.2025 07:00","0","0","0","202","202","202","1405","1412","1615"
"26.09.2025 07:00 - 26.09.2025 08:00","0","0","0","164","164","164","1394","1611","1566"
"26.09.2025 08:00 - 26.09.2025 09:00","27","26","26","148","172","172","1317","1386","1301"
"26.09.2025 09:00 - 26.09.2025 10:00","1161","1039","1039","130","166","166","1201","1205","1174"
"26.09.2025 10:00 - 26.09.2025 11:00","4084","3715","3273","108","140","140","986","997","888"
"26.09.2025 11:00 - 26.09.2025 12:00","6978","6866","6016","94","123","123","828","900","825"
"26.09.2025 12:00 - 26.09.2025 13:00","9093","9161","8150","81","96","96","837","929","860"
"26.09.2025 13:00 - 26.09.2025 14:00","10396","10452","9693","66","68","68","887","960","890"
"26.09.2025 14:00 - 26.09.2025 15:00","10642","10742","10300","48","41","41","882","957","889"
"26.09.2025 15:00 - 26.09.2025 16:00","10185","10532","10349","28","27","27","851","900","850"
"26.09.2025 16:00 - 26.09.2025 17:00","9423","9678","9412","14","20","20","807","866","833"
"26.09.2025 17:00 - 26.09.2025 18:00","7762","7778","7487","12","17","17","763","823","792"
"26.09.2025 18:00 - 26.09.2025 19:00","5172","5207","4984","14","17","17","708","709","681"
"26.09.2025 19:00 - 26.09.2025 20:00","2167","2187","2099","19","23","23","628","590","569"
"26.09.2025 20:00 - 26.09.2025 21:00","377","370","365","22","25","25","625","571","550"
"26.09.2025 21:00 - 26.09.2025 22:00","0","0","0","23","25","25","681","613","590"
"26.09.2025 22:00 - 26.09.2025 23:00","0","0","0","23","26","26","770","689","670"
"26.09.2025 23:00 - 27.09.2025 00:00","0","0","0","26","32","32","860","774","760"
"27.09.2025 00:00 - 27.09.2025 01:00","0","0","0","35","35","35","868","863","898"
"27.09.2025 01:00 - 27.09.2025 02:00","0","0","0","37","37","37","935","931","968"
"27.09.2025 02:00 - 27.09.2025 03:00","0","0","0","46","46","46","888","885","931"
"27.09.2025 03:00 - 27.09.2025 04:00","0","0","0","55","55","55","808","804","859"
"27.09.2025 04:00 - 27.09.2025 05:00","0","0","0","61","61","61","752","748","809"
"27.09.2025 05:00 - 27.09.2025 06:00","0","0","0","67","67","67","728","724","791"
"27.09.2025 06:00 - 27.09.2025 07:00","0","0","0","72","72","72","739","735","807"
"27.09.2025 07:00 - 27.09.2025 08:00","0","0","0","71","71","71","733","901","800"
"27.09.2025 08:00 - 27.09.2025 09:00","23","21","21","90","120","120","735","846","701"
"27.09.2025 09:00 - 27.09.2025 10:00","1311","1218","1218","107","137","137","748","907","713"
"27.09.2025 10:00 - 27.09.2025 11:00","4669","4320","4232","121","163","163","841","989","1023"
"27.09.2025 11:00 - 27.09.2025 12:00","8397","7953","7840","132","167","167","796","914","941"
"27.09.2025 12:00 - 27.09.2025 13:00","11343","10942","10383","130","173","173","823","904","940"
"27.09.2025 13:00 - 27.09.2025 14:00","12941","12773","12006","134","176","176","977","1063","1096"
"27.09.2025 14:00 - 27.09.2025 15:00","13706","13600","12763","131","180","180","1071","1183","1225"
"27.09.2025 15:00 - 27.09.2025 16:00","13268","13201","12270","118","188","188","1043","1139","1203"
"27.09.2025 16:00 - 27.09.2025 17:00","11616","11760","10926","106","168","168","977","1026","1084"
"27.09.2025 17:00 - 27.09.2025 18:00","8871","9278","8590","90","156","156","891","918","981"
"27.09.2025 18:00 - 27.09.2025 19:00","5592","5871","5511","84","149","149","797","878","939"
"27.09.2025 19:00 - 27.09.2025 20:00","2226","2286","2188","98","187","187","846","983","1068"
"27.09.2025 20:00 - 27.09.2025 21:00","358","362","346","123","229","229","1103","1379","1480"
"27.09.2025 21:00 - 27.09.2025 22:00","0","0","0","150","266","266","1404","1832","1944"
"27.09.2025 22:00 - 27.09.2025 23:00","0","0","0","172","285","285","1768","2246","2353"
"27.09.2025 23:00 - 28.09.2025 00:00","0","0","0","175","272","272","2173","2685","2778"
"28.09.2025 00:00 - 28.09.2025 01:00","0","0","0","184","184","184","2907","2945","3129"
"28.09.2025 01:00 - 28.09.2025 02:00","0","0","0","170","170","170","2757","2791","2961"
"28.09.2025 02:00 - 28.09.2025 03:00","0","0","0","147","147","147","2591","2622","2769"
"28.09.2025 03:00 - 28.09.2025 04:00","0","0","0","135","135","135","2481","2510","2645"
"28.09.2025 04:00 - 28.09.2025 05:00","0","0","0","121","121","121","2369","2397","2518"
"28.09.2025 05:00 - 28.09.2025 06:00","0","0","0","113","113","113","2295","2321","2433"
"28.09.2025 06:00 - 28.09.2025 07:00","0","0","0","103","103","103","2251","2275","2378"
"28.09.2025 07:00 - 28.09.2025 08:00","0","0","0","92","92","92","2239","1992","2354"
"28.09.2025 08:00 - 28.09.2025 09:00","16","15","15","83","85","85","2198","1994","2219"
"28.09.2025 09:00 - 28.09.2025 10:00","1127","1057","1057","74","82","82","2111","2000","2126"
"28.09.2025 10:00 - 28.09.2025 11:00","4179","3718","3933","64","71","71","1961","1862","1860"
"28.09.2025 11:00 - 28.09.2025 12:00","7647","6943","7327","57","60","60","1285","1226","1236"
"28.09.2025 12:00 - 28.09.2025 13:00","10395","9464","9913","86","85","85","827","772","786"
"28.09.2025 13:00 - 28.09.2025 14:00","11992","11016","11397","104","106","106","831","673","694"
"28.09.2025 14:00 - 28.09.2025 15:00","12444","11668","11514","109","122","122","867","673","709"
"28.09.2025 15:00 - 28.09.2025 16:00","11675","11265","10954","120","136","136","865","706","746"
"28.09.2025 16:00 - 28.09.2025 17:00","10311","9797","9762","126","145","145","907","721","763"
"28.09.2025 17:00 - 28.09.2025 18:00","7931","7468","7513","141","163","163","926","739","786"
"28.09.2025 18:00 - 28.09.2025 19:00","4866","4684","4696","177","193","193","982","816","855"
"28.09.2025 19:00 - 28.09.2025 20:00","1866","1800","1824","223","236","236","1354","1072","1104"
"28.09.2025 20:00 - 28.09.2025 21:00","289","269","283","275","298","298","2026","1588","1626"
"28.09.2025 21:00 - 28.09.2025 22:00","0","0","0","312","354","354","2686","2142","2198"
"28.09.2025 22:00 - 28.09.2025 23:00","0","0","0","323","385","385","3162","2526","2603"
"28.09.2025 23:00 - 29.09.2025 00:00","0","0","0","286","372","372","3332","2718","2820"
"29.09.2025 00:00 - 29.09.2025 01:00","0","0","0","305","305","305","2428","2529","2834"
"29.09.2025 01:00 - 29.09.2025 02:00","0","0","0","269","269","269","2294","2384","2653"
"29.09.2025 02:00 - 29.09.2025 03:00","0","0","0","242","242","242","2169","2251","2493"
"29.09.2025 03:00 - 29.09.2025 04:00","0","0","0","223","223","223","2063","2139","2362"
"29.09.2025 04:00 - 29.09.2025 05:00","0","0","0","202","202","202","1956","2027","2229"
"29.09.2025 05:00 - 29.09.2025 06:00","0","0","0","177","177","177","1946","2012","2189"
"29.09.2025 06:00 - 29.09.2025 07:00","0","0","0","155","155","155","2032","2094","2249"
"29.09.2025 07:00 - 29.09.2025 08:00","0","0","0","137","137","137","2069","2085","2266"
"29.09.2025 08:00 - 29.09.2025 09:00","10","9","9","125","159","159","2024","1935","2049"
"29.09.2025 09:00 - 29.09.2025 10:00","1235","1236","1236","110","135","135","1920","1895","1953"
"29.09.2025 10:00 - 29.09.2025 11:00","4737","4824","5138","87","107","107","1718","1681","1698"
"29.09.2025 11:00 - 29.09.2025 12:00","9025","9229","9736","70","77","77","1232","1219","1235"
"29.09.2025 12:00 - 29.09.2025 13:00","12520","12632","13085","54","52","52","1048","1053","1062"
"29.09.2025 13:00 - 29.09.2025 14:00","14711","14725","15035","41","35","35","1142","1126","1128"
"29.09.2025 14:00 - 29.09.2025 15:00","15590","15573","15603","34","30","30","1196","1175","1180"
"29.09.2025 15:00 - 29.09.2025 16:00","15233","15117","14992","37","35","35","1220","1191","1200"
"29.09.2025 16:00 - 29.09.2025 17:00","13655","13497","13256","53","51","51","1286","1260","1268"
"29.09.2025 17:00 - 29.09.2025 18:00","10688","10604","10347","78","72","72","1390","1409","1415"
"29.09.2025 18:00 - 29.09.2025 19:00","6536","6539","6419","109","101","101","1587","1584","1588"
"29.09.2025 19:00 - 29.09.2025 20:00","2385","2407","2380","145","132","132","2023","1955","1955"
"29.09.2025 20:00 - 29.09.2025 21:00","342","349","345","171","167","167","2780","2637","2645"
"29.09.2025 21:00 - 29.09.2025 22:00","0","0","0","198","208","208","3337","3117","3137"
"29.09.2025 22:00 - 29.09.2025 23:00","0","0","0","221","248","248","3577","3315","3352"
"29.09.2025 23:00 - 30.09.2025 00:00","0","0","0","209","235","235","3594","3355","3391"
"30.09.2025 00:00 - 30.09.2025 01:00","0","0","0","184","184","184","3150","3162","3347"
"30.09.2025 01:00 - 30.09.2025 02:00","0","0","0","143","143","143","2854","2863","3006"
"30.09.2025 02:00 - 30.09.2025 03:00","0","0","0","108","108","108","2523","2530","2638"
"30.09.2025 03:00 - 30.09.2025 04:00","0","0","0","82","82","82","2304","2311","2393"
"30.09.2025 04:00 - 30.09.2025 05:00","0","0","0","66","66","66","2117","2123","2189"
"30.09.2025 05:00 - 30.09.2025 06:00","0","0","0","53","53","53","1958","1963","2016"
"30.09.2025 06:00 - 30.09.2025 07:00","0","0","0","48","48","48","1928","1932","1980"
"30.09.2025 07:00 - 30.09.2025 08:00","0","0","0","46","46","46","1978","1954","2027"
"30.09.2025 08:00 - 30.09.2025 09:00","6","5","5","46","46","46","2016","1974","2019"
"30.09.2025 09:00 - 30.09.2025 10:00","1085","1102","1102","46","43","43","2025","2065","2030"
"30.09.2025 10:00 - 30.09.2025 11:00","4192","4355","4815","36","30","30","1699","1874","2041"
"30.09.2025 11:00 - 30.09.2025 12:00","7906","8279","9232","28","14","14","1326","1394","1526"
"30.09.2025 12:00 - 30.09.2025 13:00","10851","11280","12500","17","7","7","1421","1390","1507"
"30.09.2025 13:00 - 30.09.2025 14:00","12861","13282","14375","9","4","4","1715","1670","1773"
"30.09.2025 14:00 - 30.09.2025 15:00","13681","13881","14955","8","2","2","1908","1882","1970"
"30.09.2025 15:00 - 30.09.2025 16:00","13271","13457","14422","8","2","2","2005","2022","2101"
"30.09.2025 16:00 - 30.09.2025 17:00","11635","11897","12822","11","6","6","2107","2194","2268"
"30.09.2025 17:00 - 30.09.2025 18:00","9010","9204","10029","17","12","12","2241","2425","2494"
"30.09.2025 18:00 - 30.09.2025 19:00","5687","5778","6284","29","24","24","2296","2450","2519"
"30.09.2025 19:00 - 30.09.2025 20:00","2159","2176","2358","43","38","38","2436","2571","2637"
"30.09.2025 20:00 - 30.09.2025 21:00","316","314","341","58","51","51","2929","3123","3184"
"30.09.2025 21:00 - 30.09.2025 22:00","0","0","0","73","66","66","3480","3646","3705"
"30.09.2025 22:00 - 30.09.2025 23:00","0","0","0","85","77","77","3879","3898","3953"
"30.09.2025 23:00 - 01.10.2025 00:00","0","0","0","100","81","81","3961","3927","3969"
"01.10.2025 00:00 - 01.10.2025 01:00","0","0","0","64","64","64","3524","3471","3535"
"01.10.2025 01:00 - 01.10.2025 02:00","0","0","0","65","65","65","3188","3143","3207"
"01.10.2025 02:00 - 01.10.2025 03:00","0","0","0","61","61","61","2902","2862","2922"
"01.10.2025 03:00 - 01.10.2025 04:00","0","0","0","50","50","50","2627","2592","2642"
"01.10.2025 04:00 - 01.10.2025 05:00","0","0","0","40","40","40","2351","2321","2361"
"01.10.2025 05:00 - 01.10.2025 06:00","0","0","0","33","33","33","2172","2145","2178"
"01.10.2025 06:00 - 01.10.2025 07:00","0","0","0","28","28","28","2082","2057","2085"
"01.10.2025 07:00 - 01.10.2025 08:00","0","0","0","23","23","23","2070","2077","2069"
"01.10.2025 08:00 - 01.10.2025 09:00","3","3","3","19","18","18","2086","2060","2065"
"01.10.2025 09:00 - 01.10.2025 10:00","1205","1216","1216","20","22","22","2064","2029","2041"
"01.10.2025 10:00 - 01.10.2025 11:00","4936","4987","5021","17","26","26","1907","1856","1969"
"01.10.2025 11:00 - 01.10.2025 12:00","9538","9706","9778","14","20","20","1567","1528","1625"
"01.10.2025 12:00 - 01.10.2025 13:00","13075","13364","13516","9","11","11","1420","1395","1477"
"01.10.2025 13:00 - 01.10.2025 14:00","15204","15437","15635","6","6","6","1522","1486","1558"
"01.10.2025 14:00 - 01.10.2025 15:00","15954","16039","16227","6","5","5","1609","1605","1671"
"01.10.2025 15:00 - 01.10.2025 16:00","15132","15227","15362","6","5","5","1632","1717","1779"
"01.10.2025 16:00 - 01.10.2025 17:00","12969","13211","13251","5","5","5","1647","1817","1878"
"01.10.2025 17:00 - 01.10.2025 18:00","9652","9969","10043","5","6","6","1706","1894","1953"
"01.10.2025 18:00 - 01.10.2025 19:00","5764","6030","6049","8","9","9","1790","1974","2031"
"01.10.2025 19:00 - 01.10.2025 20:00","2081","2182","2184","14","15","15","2008","2164","2220"
"01.10.2025 20:00 - 01.10.2025 21:00","287","295","305","18","19","19","2349","2497","2549"
"01.10.2025 21:00 - 01.10.2025 22:00","0","0","0","24","25","25","2605","2778","2828"
"01.10.2025 22:00 - 01.10.2025 23:00","0","0","0","30","32","32","2713","2928","2977"
"01.10.2025 23:00 - 02.10.2025 00:00","0","0","0","34","39","39","2741","2954","3005"
"02.10.2025 00:00 - 02.10.2025 01:00","0","0","0","61","61","61","2633","2572","2632"
"02.10.2025 01:00 - 02.10.2025 02:00","0","0","0","74","74","74","2465","2409","2483"
"02.10.2025 02:00 - 02.10.2025 03:00","0","0","0","87","87","87","2396","2345","2432"
"02.10.2025 03:00 - 02.10.2025 04:00","0","0","0","94","94","94","2445","2398","2492"
"02.10.2025 04:00 - 02.10.2025 05:00","0","0","0","96","96","96","2498","2454","2550"
"02.10.2025 05:00 - 02.10.2025 06:00","0","0","0","99","99","99","2556","2515","2614"
"02.10.2025 06:00 - 02.10.2025 07:00","0","0","0","101","101","101","2649","2609","2710"
"02.10.2025 07:00 - 02.10.2025 08:00","0","0","0","108","108","108","2639","2838","2708"
"02.10.2025 08:00 - 02.10.2025 09:00","2","1","1","116","125","125","2545","2773","2498"
"02.10.2025 09:00 - 02.10.2025 10:00","1190","1176","1176","129","156","156","2501","2832","2440"
"02.10.2025 10:00 - 02.10.2025 11:00","5016","4963","4991","165","205","205","2445","2749","2674"
"02.10.2025 11:00 - 02.10.2025 12:00","9829","9756","9806","193","240","240","1837","2032","2000"
"02.10.2025 12:00 - 02.10.2025 13:00","13480","13427","13497","226","271","271","1488","1597","1583"
"02.10.2025 13:00 - 02.10.2025 14:00","15527","15447","15619","228","282","282","1733","1793","1801"
"02.10.2025 14:00 - 02.10.2025 15:00","16112","15972","16243","226","274","274","1986","1960","1973"
"02.10.2025 15:00 - 02.10.2025 16:00","15205","15031","15554","248","271","271","2079","1937","1930"
"02.10.2025 16:00 - 02.10.2025 17:00","12943","12808","13378","276","266","266","2048","1905","1868"
"02.10.2025 17:00 - 02.10.2025 18:00","9645","9483","9940","311","277","277","1942","1807","1751"
"02.10.2025 18:00 - 02.10.2025 19:00","5753","5592","5833","359","317","317","1966","1793","1732"
"02.10.2025 19:00 - 02.10.2025 20:00","2026","1956","2018","433","375","375","2413","2127","2052"
"02.10.2025 20:00 - 02.10.2025 21:00","263","252","259","538","444","444","3213","2865","2756"
"02.10.2025 21:00 - 02.10.2025 22:00","0","0","0","643","546","546","4054","3569","3458"
"02.10.2025 22:00 - 02.10.2025 23:00","0","0","0","700","651","651","4844","4172","4111"
"02.10.2025 23:00 - 03.10.2025 00:00","0","0","0","753","723","723","5258","4633","4591"
"03.10.2025 00:00 - 03.10.2025 01:00","0","0","0","725","725","725","4944","4946","5671"
"03.10.2025 01:00 - 03.10.2025 02:00","0","0","0","728","728","728","4739","4741","5469"
"03.10.2025 02:00 - 03.10.2025 03:00","0","0","0","736","736","736","4477","4479","5215"
"03.10.2025 03:00 - 03.10.2025 04:00","0","0","0","731","731","731","4273","4276","5007"
"03.10.2025 04:00 - 03.10.2025 05:00","0","0","0","745","745","745","4049","4052","4797"
"03.10.2025 05:00 - 03.10.2025 06:00","0","0","0","753","753","753","3870","3874","4627"
"03.10.2025 06:00 - 03.10.2025 07:00","0","0","0","736","736","736","3802","3805","4542"
"03.10.2025 07:00 - 03.10.2025 08:00","0","0","0","734","734","734","3915","4954","4653"
"03.10.2025 08:00 - 03.10.2025 09:00","0","0","0","765","740","740","4321","4198","4351"
"03.10.2025 09:00 - 03.10.2025 10:00","739","668","668","798","824","824","4726","4536","4704"
"03.10.2025 10:00 - 03.10.2025 11:00","2988","2754","2307","860","885","885","5673","5526","5622"
"03.10.2025 11:00 - 03.10.2025 12:00","5690","5340","4548","925","989","989","5831","6065","6180"
"03.10.2025 12:00 - 03.10.2025 13:00","7603","7339","6427","982","1040","1040","5261","5978","6077"
"03.10.2025 13:00 - 03.10.2025 14:00","8543","8316","7546","1044","1045","1045","5302","5648","5680"
"03.10.2025 14:00 - 03.10.2025 15:00","8797","8671","8042","1103","1069","1069","5775","5413","5405"
"03.10.2025 15:00 - 03.10.2025 16:00","8357","8119","7900","1138","1119","1119","6872","5736","5741"
"03.10.2025 16:00 - 03.10.2025 17:00","7214","6920","6869","1174","1158","1158","7725","6512","6517"
"03.10.2025 17:00 - 03.10.2025 18:00","5251","5198","4949","1211","1225","1225","8263","7490","7523"
"03.10.2025 18:00 - 03.10.2025 19:00","3131","3127","2992","1255","1313","1313","8885","8467","8542"
"03.10.2025 19:00 - 03.10.2025 20:00","1148","1122","1100","1334","1385","1385","9685","9467","9534"
"03.10.2025 20:00 - 03.10.2025 21:00","154","150","138","1369","1401","1401","10443","10579","10626"
"03.10.2025 21:00 - 03.10.2025 22:00","0","0","0","1389","1417","1417","11411","11478","11518"
"03.10.2025 22:00 - 03.10.2025 23:00","0","0","0","1401","1428","1428","12575","12230","12269"
"03.10.2025 23:00 - 04.10.2025 00:00","0","0","0","1406","1434","1434","13561","13209","13247"
"04.10.2025 00:00 - 04.10.2025 01:00","0","0","0","1440","1440","1440","14499","14271","15712"
"04.10.2025 01:00 - 04.10.2025 02:00","0","0","0","1442","1442","1442","15030","14839","16281"
"04.10.2025 02:00 - 04.10.2025 03:00","0","0","0","1440","1440","1440","15551","15386","16825"
"04.10.2025 03:00 - 04.10.2025 04:00","0","0","0","1433","1433","1433","16036","15891","17324"
"04.10.2025 04:00 - 04.10.2025 05:00","0","0","0","1418","1418","1418","16563","16432","17850"
"04.10.2025 05:00 - 04.10.2025 06:00","0","0","0","1412","1412","1412","17022","16900","18312"
"04.10.2025 06:00 - 04.10.2025 07:00","0","0","0","1403","1403","1403","17406","17291","18694"
"04.10.2025 07:00 - 04.10.2025 08:00","0","0","0","1382","1382","1382","17635","18354","18903"
"04.10.2025 08:00 - 04.10.2025 09:00","0","0","0","1375","1363","1363","17640","17076","17538"
"04.10.2025 09:00 - 04.10.2025 10:00","635","656","656","1359","1350","1350","17520","17196","17420"
"04.10.2025 10:00 - 04.10.2025 11:00","2827","2846","3175","1333","1312","1312","17079","16850","15900"
"04.10.2025 11:00 - 04.10.2025 12:00","5574","5378","6265","1316","1294","1294","16863","16438","15756"
"04.10.2025 12:00 - 04.10.2025 13:00","7223","7135","8035","1308","1285","1285","14786","14276","13825"
"04.10.2025 13:00 - 04.10.2025 14:00","7107","7299","7909","1298","1269","1269","8697","8733","8595"
"04.10.2025 14:00 - 04.10.2025 15:00","7437","7698","8100","1303","1274","1274","8759","9150","9038"
"04.10.2025 15:00 - 04.10.2025 16:00","7630","7762","7893","1317","1298","1298","9176","9481","9394"
"04.10.2025 16:00 - 04.10.2025 17:00","7175","7056","7092","1337","1323","1323","9497","9590","9523"
"04.10.2025 17:00 - 04.10.2025 18:00","5773","5448","5455","1361","1354","1354","9335","9454","9403"
"04.10.2025 18:00 - 04.10.2025 19:00","4530","4311","4286","1365","1355","1355","16964","17215","16996"
"04.10.2025 19:00 - 04.10.2025 20:00","1609","1573","1569","1392","1374","1374","16518","16552","16343"
"04.10.2025 20:00 - 04.10.2025 21:00","204","199","203","1396","1380","1380","15984","15905","15712"
"04.10.2025 21:00 - 04.10.2025 22:00","0","0","0","1393","1377","1377","15223","15242","15059"
"04.10.2025 22:00 - 04.10.2025 23:00","0","0","0","1385","1370","1370","14479","14541","14365"
"04.10.2025 23:00 - 05.10.2025 00:00","0","0","0","1374","1361","1361","13944","13699","13537"
"05.10.2025 00:00 - 05.10.2025 01:00","0","0","0","1345","1345","1345","12486","12693","14038"
"05.10.2025 01:00 - 05.10.2025 02:00","0","0","0","1308","1308","1308","12178","12275","13583"
"05.10.2025 02:00 - 05.10.2025 03:00","0","0","0","1282","1282","1282","11864","11935","13217"
"05.10.2025 03:00 - 05.10.2025 04:00","0","0","0","1285","1285","1285","9934","10110","11394"
"05.10.2025 04:00 - 05.10.2025 05:00","0","0","0","1291","1291","1291","5304","5561","6852"
"05.10.2025 05:00 - 05.10.2025 06:00","0","0","0","1272","1272","1272","5144","5468","6739"
"05.10.2025 06:00 - 05.10.2025 07:00","0","0","0","1250","1250","1250","4924","5262","6512"
"05.10.2025 07:00 - 05.10.2025 08:00","0","0","0","1226","1226","1226","10187","11572","11696"
"05.10.2025 08:00 - 05.10.2025 09:00","0","0","0","1200","1213","1213","10020","10209","10255"
"05.10.2025 09:00 - 05.10.2025 10:00","887","899","899","1171","1165","1165","9541","9971","9766"
"05.10.2025 10:00 - 05.10.2025 11:00","3832","3858","3867","1110","926","926","7480","8108","8370"
"05.10.2025 11:00 - 05.10.2025 12:00","6590","6684","6741","742","208","208","4956","5675","5521"
"05.10.2025 12:00 - 05.10.2025 13:00","9291","9315","9352","610","100","100","5834","6621","6457"
"05.10.2025 13:00 - 05.10.2025 14:00","10843","10753","10800","594","99","99","5795","6811","6634"
"05.10.2025 14:00 - 05.10.2025 15:00","11464","11323","11274","583","99","99","5587","6729","6539"
"05.10.2025 15:00 - 05.10.2025 16:00","11146","11105","10868","588","101","101","5532","6694","6482"
"05.10.2025 16:00 - 05.10.2025 17:00","9895","9863","9712","604","227","227","5527","6497","6379"
"05.10.2025 17:00 - 05.10.2025 18:00","9532","7528","7510","877","870","870","5190","5590","5829"
"05.10.2025 18:00 - 05.10.2025 19:00","5555","5572","5550","996","954","954","9359","9520","9730"
"05.10.2025 19:00 - 05.10.2025 20:00","1814","1852","1830","977","928","928","7958","7912","8106"
"05.10.2025 20:00 - 05.10.2025 21:00","202","207","205","901","875","875","6825","6684","6896"
"05.10.2025 21:00 - 05.10.2025 22:00","0","0","0","786","785","785","6107","5814","6045"
"05.10.2025 22:00 - 05.10.2025 23:00","0","0","0","637","668","668","5678","5337","5595"
"05.10.2025 23:00 - 06.10.2025 00:00","0","0","0","504","540","540","5420","5246","5506"
"06.10.2025 00:00 - 06.10.2025 01:00","0","0","0","377","377","377","4975","5158","5536"
"06.10.2025 01:00 - 06.10.2025 02:00","0","0","0","305","305","305","4622","4761","5066"
"06.10.2025 02:00 - 06.10.2025 03:00","0","0","0","251","251","251","4226","4346","4596"
"06.10.2025 03:00 - 06.10.2025 04:00","0","0","0","229","229","229","3907","4029","4258"
"06.10.2025 04:00 - 06.10.2025 05:00","0","0","0","214","214","214","3728","3814","4028"
"06.10.2025 05:00 - 06.10.2025 06:00","0","0","0","196","196","196","3503","3547","3743"
"06.10.2025 06:00 - 06.10.2025 07:00","0","0","0","168","168","168","3201","3261","3428"
"06.10.2025 07:00 - 06.10.2025 08:00","0","0","0","149","149","149","2855","3253","3078"
"06.10.2025 08:00 - 06.10.2025 09:00","0","0","0","133","207","207","2480","2668","2472"
"06.10.2025 09:00 - 06.10.2025 10:00","812","861","861","110","178","178","2152","2367","2148"
"06.10.2025 10:00 - 06.10.2025 11:00","3866","4104","4104","92","154","154","1821","2081","2043"
"06.10.2025 11:00 - 06.10.2025 12:00","7904","8339","8339","92","127","127","1559","1866","1832"
"06.10.2025 12:00 - 06.10.2025 13:00","11262","11945","11945","93","121","121","1822","2046","2020"
"06.10.2025 13:00 - 06.10.2025 14:00","13474","14321","14321","91","130","130","2316","2458","2452"
"06.10.2025 14:00 - 06.10.2025 15:00","14409","15343","15343","93","135","135","2511","2811","2816"
"06.10.2025 15:00 - 06.10.2025 16:00","14161","14975","14975","100","130","130","2500","2945","2943"
"06.10.2025 16:00 - 06.10.2025 17:00","12673","13316","13316","99","119","119","2464","2903","2894"
"06.10.2025 17:00 - 06.10.2025 18:00","9858","10260","10260","87","103","103","2427","2691","2681"
"06.10.2025 18:00 - 06.10.2025 19:00","5819","5991","5991","74","84","84","2232","2338","2325"
"06.10.2025 19:00 - 06.10.2025 20:00","1898","1941","1941","64","74","74","2119","2228","2218"
"06.10.2025 20:00 - 06.10.2025 21:00","207","209","209","54","68","68","2198","2328","2325"
"06.10.2025 21:00 - 06.10.2025 22:00","0","0","0","48","64","64","2272","2330","2329"
"06.10.2025 22:00 - 06.10.2025 23:00","0","0","0","55","64","64","2315","2303","2296"
"06.10.2025 23:00 - 07.10.2025 00:00","0","0","0","72","72","72","2358","2297","2282"
"07.10.2025 00:00 - 07.10.2025 01:00","0","0","0","82","82","82","2091","2134","2216"
"07.10.2025 01:00 - 07.10.2025 02:00","0","0","0","116","116","116","1965","2004","2120"
"07.10.2025 02:00 - 07.10.2025 03:00","0","0","0","144","144","144","1900","1935","2079"
"07.10.2025 03:00 - 07.10.2025 04:00","0","0","0","143","143","143","1946","1980","2123"
"07.10.2025 04:00 - 07.10.2025 05:00","0","0","0","125","125","125","2001","2035","2160"
"07.10.2025 05:00 - 07.10.2025 06:00","0","0","0","115","115","115","1930","1964","2079"
"07.10.2025 06:00 - 07.10.2025 07:00","0","0","0","107","107","107","1848","1880","1987"
"07.10.2025 07:00 - 07.10.2025 08:00","0","0","0","92","92","92","1805","1715","1928"
"07.10.2025 08:00 - 07.10.2025 09:00","0","0","0","81","81","81","1676","1520","1704"
"07.10.2025 09:00 - 07.10.2025 10:00","755","787","787","74","72","72","1532","1414","1561"
"07.10.2025 10:00 - 07.10.2025 11:00","3641","3807","3913","68","70","70","1440","1387","1496"
"07.10.2025 11:00 - 07.10.2025 12:00","7434","7794","8065","54","58","58","1030","1043","1135"
"07.10.2025 12:00 - 07.10.2025 13:00","10603","11001","11334","37","40","40","834","836","916"
"07.10.2025 13:00 - 07.10.2025 14:00","12396","12788","13296","23","22","22","899","897","963"
"07.10.2025 14:00 - 07.10.2025 15:00","13182","13463","13937","14","12","12","937","970","1028"
"07.10.2025 15:00 - 07.10.2025 16:00","12848","13070","13327","8","8","8","959","1001","1054"
"07.10.2025 16:00 - 07.10.2025 17:00","11265","11586","11802","4","4","4","967","996","1042"
"07.10.2025 17:00 - 07.10.2025 18:00","8593","8843","9116","3","5","5","963","969","1015"
"07.10.2025 18:00 - 07.10.2025 19:00","5057","5163","5361","6","8","8","961","947","989"
"07.10.2025 19:00 - 07.10.2025 20:00","1645","1663","1731","14","19","19","1089","1100","1143"
"07.10.2025 20:00 - 07.10.2025 21:00","171","168","177","27","29","29","1382","1435","1474"
"07.10.2025 21:00 - 07.10.2025 22:00","0","0","0","37","37","37","1622","1676","1711"
"07.10.2025 22:00 - 07.10.2025 23:00","0","0","0","43","44","44","1734","1761","1796"
"07.10.2025 23:00 - 08.10.2025 00:00","0","0","0","50","48","48","1730","1749","1779"
"08.10.2025 00:00 - 08.10.2025 01:00","0","0","0","53","53","53","1669","1681","1734"
"08.10.2025 01:00 - 08.10.2025 02:00","0","0","0","51","51","51","1559","1570","1621"
"08.10.2025 02:00 - 08.10.2025 03:00","0","0","0","51","51","51","1415","1423","1473"
"08.10.2025 03:00 - 08.10.2025 04:00","0","0","0","49","49","49","1293","1300","1349"
"08.10.2025 04:00 - 08.10.2025 05:00","0","0","0","53","53","53","1175","1182","1235"
"08.10.2025 05:00 - 08.10.2025 06:00","0","0","0","58","58","58","1135","1142","1200"
"08.10.2025 06:00 - 08.10.2025 07:00","0","0","0","67","67","67","1178","1185","1251"
"08.10.2025 07:00 - 08.10.2025 08:00","0","0","0","72","72","72","1210","1225","1287"
"08.10.2025 08:00 - 08.10.2025 09:00","0","0","0","73","52","52","1204","1212","1232"
"08.10.2025 09:00 - 08.10.2025 10:00","651","670","670","69","60","60","1174","1177","1190"
"08.10.2025 10:00 - 08.10.2025 11:00","3193","3322","3659","56","53","53","1088","1057","1028"
"08.10.2025 11:00 - 08.10.2025 12:00","6399","6904","7557","48","40","40","823","786","767"
"08.10.2025 12:00 - 08.10.2025 13:00","8898","9515","10440","43","31","31","669","694","677"
"08.10.2025 13:00 - 08.10.2025 14:00","10354","10997","11880","39","26","26","788","769","753"
"08.10.2025 14:00 - 08.10.2025 15:00","10954","11612","11970","35","26","26","914","814","805"
"08.10.2025 15:00 - 08.10.2025 16:00","10671","11269","11279","39","29","29","1003","868","859"
"08.10.2025 16:00 - 08.10.2025 17:00","9306","9827","9825","50","38","38","1128","991","981"
"08.10.2025 17:00 - 08.10.2025 18:00","7032","7367","7387","67","58","58","1263","1151","1143"
"08.10.2025 18:00 - 08.10.2025 19:00","4168","4287","4372","109","100","100","1464","1374","1368"
"08.10.2025 19:00 - 08.10.2025 20:00","1368","1385","1438","174","154","154","1837","1808","1792"
"08.10.2025 20:00 - 08.10.2025 21:00","140","140","144","251","223","223","2402","2400","2377"
"08.10.2025 21:00 - 08.10.2025 22:00","0","0","0","300","269","269","2900","2833","2807"
"08.10.2025 22:00 - 08.10.2025 23:00","0","0","0","306","278","278","3314","3098","3075"
"08.10.2025 23:00 - 09.10.2025 00:00","0","0","0","295","264","264","3570","3316","3290"
"09.10.2025 00:00 - 09.10.2025 01:00","0","0","0","215","215","215","3144","3137","3352"
"09.10.2025 01:00 - 09.10.2025 02:00","0","0","0","196","196","196","3056","3051","3247"
"09.10.2025 02:00 - 09.10.2025 03:00","0","0","0","179","179","179","2947","2944","3124"
"09.10.2025 03:00 - 09.10.2025 04:00","0","0","0","165","165","165","2883","2883","3048"
"09.10.2025 04:00 - 09.10.2025 05:00","0","0","0","162","162","162","2786","2787","2949"
"09.10.2025 05:00 - 09.10.2025 06:00","0","0","0","155","155","155","2696","2697","2852"
"09.10.2025 06:00 - 09.10.2025 07:00","0","0","0","150","150","150","2617","2618","2768"
"09.10.2025 07:00 - 09.10.2025 08:00","0","0","0","152","152","152","2509","2385","2663"
"09.10.2025 08:00 - 09.10.2025 09:00","0","0","0","136","146","146","2414","2295","2408"
"09.10.2025 09:00 - 09.10.2025 10:00","540","487","487","122","139","139","2371","2287","2357"
"09.10.2025 10:00 - 09.10.2025 11:00","2771","2638","2667","99","107","107","2185","2084","2128"
"09.10.2025 11:00 - 09.10.2025 12:00","5812","5669","5723","89","79","79","1855","1764","1790"
"09.10.2025 12:00 - 09.10.2025 13:00","8400","8207","8435","71","59","59","1991","1990","2011"
"09.10.2025 13:00 - 09.10.2025 14:00","9989","9860","10130","52","52","52","2468","2485","2517"
"09.10.2025 14:00 - 09.10.2025 15:00","10719","10679","11107","46","56","56","2570","2611","2654"
"09.10.2025 15:00 - 09.10.2025 16:00","10840","10678","11236","56","60","60","2504","2545","2582"
"09.10.2025 16:00 - 09.10.2025 17:00","9982","9676","10287","74","79","79","2580","2546","2581"
"09.10.2025 17:00 - 09.10.2025 18:00","7873","7497","7968","97","95","95","2751","2723","2751"
"09.10.2025 18:00 - 09.10.2025 19:00","4671","4422","4664","133","117","117","2814","2831","2842"
"09.10.2025 19:00 - 09.10.2025 20:00","1476","1409","1479","170","153","153","2921","2937","2947"
"09.10.2025 20:00 - 09.10.2025 21:00","136","132","137","223","214","214","3250","3234","3252"
"09.10.2025 21:00 - 09.10.2025 22:00","0","0","0","254","245","245","3602","3397","3415"
"09.10.2025 22:00 - 09.10.2025 23:00","0","0","0","265","251","251","3829","3574","3586"
"09.10.2025 23:00 - 10.10.2025 00:00","0","0","0","252","242","242","3867","3766","3783"
"10.10.2025 00:00 - 10.10.2025 01:00","0","0","0","204","204","204","3481","3408","3613"
"10.10.2025 01:00 - 10.10.2025 02:00","0","0","0","182","182","182","3313","3249","3431"
"10.10.2025 02:00 - 10.10.2025 03:00","0","0","0","171","171","171","3074","3018","3188"
"10.10.2025 03:00 - 10.10.2025 04:00","0","0","0","163","163","163","2920","2869","3031"
"10.10.2025 04:00 - 10.10.2025 05:00","0","0","0","145","145","145","2698","2652","2796"
"10.10.2025 05:00 - 10.10.2025 06:00","0","0","0","127","127","127","2502","2459","2586"
"10.10.2025 06:00 - 10.10.2025 07:00","0","0","0","114","114","114","2454","2413","2527"
"10.10.2025 07:00 - 10.10.2025 08:00","0","0","0","105","105","105","2486","2598","2551"
"10.10.2025 08:00 - 10.10.2025 09:00","0","0","0","105","75","75","2519","2512","2511"
"10.10.2025 09:00 - 10.10.2025 10:00","672","647","647","110","80","80","2525","2435","2518"
"10.10.2025 10:00 - 10.10.2025 11:00","3732","3644","3579","103","82","82","2471","2295","2339"
"10.10.2025 11:00 - 10.10.2025 12:00","8166","8039","7722","92","80","80","1800","1792","1832"
"10.10.2025 12:00 - 10.10.2025 13:00","11891","11810","11121","82","71","71","1573","1737","1769"
"10.10.2025 13:00 - 10.10.2025 14:00","14225","14177","13203","70","62","62","1936","2058","2090"
"10.10.2025 14:00 - 10.10.2025 15:00","15101","15082","13914","63","54","54","2131","2171","2199"
"10.10.2025 15:00 - 10.10.2025 16:00","14691","14625","13574","58","52","52","2122","2121","2148"
"10.10.2025 16:00 - 10.10.2025 17:00","12999","12889","11974","72","62","62","2113","2110","2130"
"10.10.2025 17:00 - 10.10.2025 18:00","9840","9712","9072","101","83","83","2170","2167","2176"
"10.10.2025 18:00 - 10.10.2025 19:00","5500","5436","5159","145","113","113","2312","2221","2215"
"10.10.2025 19:00 - 10.10.2025 20:00","1623","1615","1554","194","156","156","2730","2469","2454"
"10.10.2025 20:00 - 10.10.2025 21:00","133","133","130","251","209","209","3383","3016","2994"
"10.10.2025 21:00 - 10.10.2025 22:00","0","0","0","311","261","261","3745","3499","3467"
"10.10.2025 22:00 - 10.10.2025 23:00","0","0","0","365","304","304","3841","3741","3698"
"10.10.2025 23:00 - 11.10.2025 00:00","0","0","0","333","326","326","3892","3758","3769"
"11.10.2025 00:00 - 11.10.2025 01:00","0","0","0","285","285","285","3632","3724","4009"
"11.10.2025 01:00 - 11.10.2025 02:00","0","0","0","286","286","286","3476","3555","3842"
"11.10.2025 02:00 - 11.10.2025 03:00","0","0","0","287","287","287","3406","3476","3763"
"11.10.2025 03:00 - 11.10.2025 04:00","0","0","0","285","285","285","3415","3478","3763"
"11.10.2025 04:00 - 11.10.2025 05:00","0","0","0","289","289","289","3410","3468","3758"
"11.10.2025 05:00 - 11.10.2025 06:00","0","0","0","303","303","303","3418","3470","3773"
"11.10.2025 06:00 - 11.10.2025 07:00","0","0","0","316","316","316","3440","3488","3804"
"11.10.2025 07:00 - 11.10.2025 08:00","0","0","0","329","329","329","3451","3519","3824"
"11.10.2025 08:00 - 11.10.2025 09:00","0","0","0","342","377","377","3374","3139","3383"
"11.10.2025 09:00 - 11.10.2025 10:00","667","654","654","346","372","372","3237","3149","3253"
"11.10.2025 10:00 - 11.10.2025 11:00","3857","3809","3567","313","359","359","3252","3042","3097"
"11.10.2025 11:00 - 11.10.2025 12:00","8511","8490","8086","277","327","327","2296","2291","2355"
"11.10.2025 12:00 - 11.10.2025 13:00","12432","12477","12024","252","288","288","1662","1867","1917"
"11.10.2025 13:00 - 11.10.2025 14:00","14801","14975","14566","246","271","271","1687","1849","1885"
"11.10.2025 14:00 - 11.10.2025 15:00","15572","15851","15653","253","277","277","1737","1812","1848"
"11.10.2025 15:00 - 11.10.2025 16:00","14996","15361","15283","293","287","287","1838","1832","1842"
"11.10.2025 16:00 - 11.10.2025 17:00","13130","13487","13457","338","311","311","2095","1943","1934"
"11.10.2025 17:00 - 11.10.2025 18:00","9801","10078","10101","391","372","372","2476","2139","2140"
"11.10.2025 18:00 - 11.10.2025 19:00","5369","5515","5536","483","476","476","2932","2464","2476"
"11.10.2025 19:00 - 11.10.2025 20:00","1536","1571","1582","623","605","605","3758","3280","3277"
"11.10.2025 20:00 - 11.10.2025 21:00","114","116","120","689","736","736","4846","4437","4499"
"11.10.2025 21:00 - 11.10.2025 22:00","0","0","0","754","807","807","5335","5122","5190"
"11.10.2025 22:00 - 11.10.2025 23:00","0","0","0","796","804","804","5350","5315","5339"
"11.10.2025 23:00 - 12.10.2025 00:00","0","0","0","771","774","774","5205","5259","5280"
"12.10.2025 00:00 - 12.10.2025 01:00","0","0","0","652","652","652","5001","5003","5655"
"12.10.2025 01:00 - 12.10.2025 02:00","0","0","0","608","608","608","4711","4708","5315"
"12.10.2025 02:00 - 12.10.2025 03:00","0","0","0","561","561","561","4448","4442","5002"
"12.10.2025 03:00 - 12.10.2025 04:00","0","0","0","519","519","519","4242","4234","4753"
"12.10.2025 04:00 - 12.10.2025 05:00","0","0","0","497","497","497","4091","4081","4578"
"12.10.2025 05:00 - 12.10.2025 06:00","0","0","0","500","500","500","4033","4021","4521"
"12.10.2025 06:00 - 12.10.2025 07:00","0","0","0","509","509","509","4033","4019","4528"
"12.10.2025 07:00 - 12.10.2025 08:00","0","0","0","539","539","539","3986","4559","4511"
"12.10.2025 08:00 - 12.10.2025 09:00","0","0","0","589","609","609","3863","3902","3829"
"12.10.2025 09:00 - 12.10.2025 10:00","617","603","603","638","639","639","3719","3850","3703"
"12.10.2025 10:00 - 12.10.2025 11:00","3698","3694","3598","667","654","654","3545","3782","3849"
"12.10.2025 11:00 - 12.10.2025 12:00","8325","8358","8240","649","669","669","2690","2949","3021"
"12.10.2025 12:00 - 12.10.2025 13:00","12356","12213","12215","635","687","687","2408","2562","2650"
"12.10.2025 13:00 - 12.10.2025 14:00","14842","14676","14746","627","661","661","2703","2747","2808"
"12.10.2025 14:00 - 12.10.2025 15:00","15771","15618","15689","650","662","662","2821","2820","2852"
"12.10.2025 15:00 - 12.10.2025 16:00","15286","15065","15167","636","677","677","2947","2780","2836"
"12.10.2025 16:00 - 12.10.2025 17:00","13311","13151","13303","685","714","714","3065","2785","2824"
"12.10.2025 17:00 - 12.10.2025 18:00","9879","9770","9912","789","771","771","3156","2909","2900"
"12.10.2025 18:00 - 12.10.2025 19:00","5357","5293","5369","904","845","845","3359","3131","3079"
"12.10.2025 19:00 - 12.10.2025 20:00","1497","1482","1504","1002","967","967","4070","3752","3723"
"12.10.2025 20:00 - 12.10.2025 21:00","103","102","105","1079","1069","1069","5141","4773","4768"
"12.10.2025 21:00 - 12.10.2025 22:00","0","0","0","1135","1114","1114","5853","5554","5536"
"12.10.2025 22:00 - 12.10.2025 23:00","0","0","0","1139","1115","1115","6254","6001","5979"
"12.10.2025 23:00 - 13.10.2025 00:00","0","0","0","1109","1100","1100","6423","6217","6210"
"13.10.2025 00:00 - 13.10.2025 01:00","0","0","0","1043","1043","1043","6001","5882","6925"
"13.10.2025 01:00 - 13.10.2025 02:00","0","0","0","993","993","993","5693","5581","6574"
"13.10.2025 02:00 - 13.10.2025 03:00","0","0","0","924","924","924","5375","5269","6193"
"13.10.2025 03:00 - 13.10.2025 04:00","0","0","0","874","874","874","5080","4980","5853"
"13.10.2025 04:00 - 13.10.2025 05:00","0","0","0","850","850","850","4914","4816","5666"
"13.10.2025 05:00 - 13.10.2025 06:00","0","0","0","854","854","854","4958","4861","5714"
"13.10.2025 06:00 - 13.10.2025 07:00","0","0","0","853","853","853","5159","5064","5917"
"13.10.2025 07:00 - 13.10.2025 08:00","0","0","0","881","881","881","5259","6024","6048"
"13.10.2025 08:00 - 13.10.2025 09:00","0","0","0","933","933","933","5169","5114","5082"
"13.10.2025 09:00 - 13.10.2025 10:00","510","500","500","978","978","978","5067","4988","4983"
"13.10.2025 10:00 - 13.10.2025 11:00","3209","3209","3404","951","951","951","4879","4650","4796"
"13.10.2025 11:00 - 13.10.2025 12:00","7143","7345","7813","904","904","904","4331","3911","4022"
"13.10.2025 12:00 - 13.10.2025 13:00","10685","10930","11535","852","852","852","4350","3759","3849"
"13.10.2025 13:00 - 13.10.2025 14:00","12995","13257","13772","832","832","832","4808","4201","4280"
"13.10.2025 14:00 - 13.10.2025 15:00","14044","14180","14507","846","846","846","5012","4752","4823"
"13.10.2025 15:00 - 13.10.2025 16:00","13670","13692","13990","857","857","857","5054","5157","5222"
"13.10.2025 16:00 - 13.10.2025 17:00","11894","11892","12376","939","939","939","5072","5301","5359"
"13.10.2025 17:00 - 13.10.2025 18:00","8843","8814","9297","1022","1022","1022","5066","5270","5324"
"13.10.2025 18:00 - 13.10.2025 19:00","4781","4786","5011","1108","1108","1108","5018","4962","5012"
"13.10.2025 19:00 - 13.10.2025 20:00","1317","1333","1376","1164","1164","1164","5500","5238","5282"
"13.10.2025 20:00 - 13.10.2025 21:00","85","86","89","1206","1206","1206","6328","6117","6159"
"13.10.2025 21:00 - 13.10.2025 22:00","0","0","0","1219","1219","1219","6801","6686","6726"
"13.10.2025 22:00 - 13.10.2025 23:00","0","0","0","1193","1193","1193","6826","6785","6824"
"13.10.2025 23:00 - 14.10.2025 00:00","0","0","0","1186","1186","1186","6572","6615","6652"
"14.10.2025 00:00 - 14.10.2025 01:00","0","0","0","1001","1001","1001","5959","6035","7035"
"14.10.2025 01:00 - 14.10.2025 02:00","0","0","0","952","952","952","5678","5744","6696"
"14.10.2025 02:00 - 14.10.2025 03:00","0","0","0","891","891","891","5544","5602","6493"
"14.10.2025 03:00 - 14.10.2025 04:00","0","0","0","865","865","865","5448","5499","6365"
"14.10.2025 04:00 - 14.10.2025 05:00","0","0","0","878","878","878","5331","5376","6254"
"14.10.2025 05:00 - 14.10.2025 06:00","0","0","0","909","909","909","5229","5268","6177"
"14.10.2025 06:00 - 14.10.2025 07:00","0","0","0","944","944","944","5094","5130","6073"
"14.10.2025 07:00 - 14.10.2025 08:00","0","0","0","999","999","999","4967","6038","5999"
"14.10.2025 08:00 - 14.10.2025 09:00","0","0","0","1064","1064","1064","4856","5076","4889"
"14.10.2025 09:00 - 14.10.2025 10:00","471","427","427","1098","1098","1098","4734","5004","4766"
"14.10.2025 10:00 - 14.10.2025 11:00","3069","2830","2902","1095","1095","1095","4207","4440","4512"
"14.10.2025 11:00 - 14.10.2025 12:00","7024","6569","6850","1041","1041","1041","4073","4125","4189"
"14.10.2025 12:00 - 14.10.2025 13:00","10644","10021","10382","965","965","965","4204","4044","4098"
"14.10.2025 13:00 - 14.10.2025 14:00","13174","12435","12640","884","884","884","4451","4088","4138"
"14.10.2025 14:00 - 14.10.2025 15:00","14314","13666","13837","843","843","843","4562","4073","4119"
"14.10.2025 15:00 - 14.10.2025 16:00","14123","13715","13785","814","814","814","4411","4009","4054"
"14.10.2025 16:00 - 14.10.2025 17:00","12486","12351","12378","850","850","850","4283","4075","4117"
"14.10.2025 17:00 - 14.10.2025 18:00","9329","9334","9400","938","938","938","4246","4202","4241"
"14.10.2025 18:00 - 14.10.2025 19:00","4974","5010","5049","1049","1049","1049","4136","4175","4211"
"14.10.2025 19:00 - 14.10.2025 20:00","1327","1344","1351","1142","1142","1142","4445","4455","4490"
"14.10.2025 20:00 - 14.10.2025 21:00","77","78","78","1186","1186","1186","5121","5301","5335"
"14.10.2025 21:00 - 14.10.2025 22:00","0","0","0","1194","1194","1194","5472","5894","5929"
"14.10.2025 22:00 - 14.10.2025 23:00","0","0","0","1168","1168","1168","5532","6003","6038"
"14.10.2025 23:00 - 15.10.2025 00:00","0","0","0","1136","1136","1136","5432","5859","5895"
"15.10.2025 00:00 - 15.10.2025 01:00","0","0","0","1009","1009","1009","5357","5407","6416"
"15.10.2025 01:00 - 15.10.2025 02:00","0","0","0","941","941","941","5069","5114","6054"
"15.10.2025 02:00 - 15.10.2025 03:00","0","0","0","854","854","854","4828","4870","5724"
"15.10.2025 03:00 - 15.10.2025 04:00","0","0","0","805","805","805","4611","4650","5455"
"15.10.2025 04:00 - 15.10.2025 05:00","0","0","0","772","772","772","4485","4520","5292"
"15.10.2025 05:00 - 15.10.2025 06:00","0","0","0","744","744","744","4404","4435","5179"
"15.10.2025 06:00 - 15.10.2025 07:00","0","0","0","725","725","725","4338","4367","5092"
"15.10.2025 07:00 - 15.10.2025 08:00","0","0","0","701","701","701","4310","4963","5039"
"15.10.2025 08:00 - 15.10.2025 09:00","0","0","0","695","597","597","4235","4172","4361"
"15.10.2025 09:00 - 15.10.2025 10:00","459","455","455","721","593","593","4105","4050","4261"
"15.10.2025 10:00 - 15.10.2025 11:00","3162","3198","3059","663","528","528","3631","3657","3562"
"15.10.2025 11:00 - 15.10.2025 12:00","7419","7621","7331","574","466","466","3023","3072","2995"
"15.10.2025 12:00 - 15.10.2025 13:00","11245","11543","11246","525","418","418","2992","3002","2919"
"15.10.2025 13:00 - 15.10.2025 14:00","13764","14007","13825","483","390","390","3459","3461","3387"
"15.10.2025 14:00 - 15.10.2025 15:00","14768","14967","14918","464","399","399","3829","3903","3853"
"15.10.2025 15:00 - 15.10.2025 16:00","14463","14622","14605","531","476","476","3930","4020","3977"
"15.10.2025 16:00 - 15.10.2025 17:00","12711","12814","12831","652","595","595","3931","4110","4063"
"15.10.2025 17:00 - 15.10.2025 18:00","9375","9500","9466","788","749","749","3921","4227","4199"
"15.10.2025 18:00 - 15.10.2025 19:00","4934","5021","4974","945","912","912","3757","4083","4060"
"15.10.2025 19:00 - 15.10.2025 20:00","1297","1317","1306","1049","1019","1019","3987","4212","4190"
"15.10.2025 20:00 - 15.10.2025 21:00","69","70","69","1087","1063","1063","4695","4790","4773"
"15.10.2025 21:00 - 15.10.2025 22:00","0","0","0","1124","1063","1063","5053","5178","5126"
"15.10.2025 22:00 - 15.10.2025 23:00","0","0","0","1109","1049","1049","5086","5231","5181"
"15.10.2025 23:00 - 16.10.2025 00:00","0","0","0","1045","1008","1008","5030","5259","5232"
"16.10.2025 00:00 - 16.10.2025 01:00","0","0","0","866","866","866","4982","4947","5812"
"16.10.2025 01:00 - 16.10.2025 02:00","0","0","0","776","776","776","4754","4723","5499"
"16.10.2025 02:00 - 16.10.2025 03:00","0","0","0","706","706","706","4531","4503","5209"
"16.10.2025 03:00 - 16.10.2025 04:00","0","0","0","673","673","673","4366","4341","5014"
"16.10.2025 04:00 - 16.10.2025 05:00","0","0","0","652","652","652","4249","4225","4876"
"16.10.2025 05:00 - 16.10.2025 06:00","0","0","0","650","650","650","4186","4163","4813"
"16.10.2025 06:00 - 16.10.2025 07:00","0","0","0","670","670","670","4200","4179","4849"
"16.10.2025 07:00 - 16.10.2025 08:00","0","0","0","697","697","697","4166","4621","4843"
"16.10.2025 08:00 - 16.10.2025 09:00","0","0","0","727","718","718","3987","3822","3980"
"16.10.2025 09:00 - 16.10.2025 10:00","443","435","435","742","717","717","3804","3741","3814"
"16.10.2025 10:00 - 16.10.2025 11:00","3262","3181","3222","732","711","711","3488","3414","3574"
"16.10.2025 11:00 - 16.10.2025 12:00","7796","7674","7697","694","695","695","2723","2703","2858"
"16.10.2025 12:00 - 16.10.2025 13:00","11791","11680","11554","645","695","695","2400","2526","2708"
"16.10.2025 13:00 - 16.10.2025 14:00","14222","14059","13903","667","650","650","2765","3065","3164"
"16.10.2025 14:00 - 16.10.2025 15:00","15149","14946","14817","626","615","615","3471","3494","3589"
"16.10.2025 15:00 - 16.10.2025 16:00","14655","14589","14403","593","612","612","3795","3619","3739"
"16.10.2025 16:00 - 16.10.2025 17:00","12761","12818","12641","599","615","615","3785","3684","3795"
"16.10.2025 17:00 - 16.10.2025 18:00","9416","9451","9368","644","647","647","3630","3673","3767"
"16.10.2025 18:00 - 16.10.2025 19:00","4905","4932","4886","724","700","700","3328","3422","3484"
"16.10.2025 19:00 - 16.10.2025 20:00","1255","1269","1251","788","784","784","3474","3544","3623"
"16.10.2025 20:00 - 16.10.2025 21:00","60","60","60","841","861","861","4055","4079","4180"
"16.10.2025 21:00 - 16.10.2025 22:00","0","0","0","837","896","896","4459","4337","4475"
"16.10.2025 22:00 - 16.10.2025 23:00","0","0","0","863","902","902","4721","4468","4584"
"16.10.2025 23:00 - 17.10.2025 00:00","0","0","0","869","912","912","4951","4718","4837"
"17.10.2025 00:00 - 17.10.2025 01:00","0","0","0","808","808","808","4637","4672","5480"
"17.10.2025 01:00 - 17.10.2025 02:00","0","0","0","756","756","756","4595","4628","5383"
"17.10.2025 02:00 - 17.10.2025 03:00","0","0","0","713","713","713","4506","4537","5250"
"17.10.2025 03:00 - 17.10.2025 04:00","0","0","0","655","655","655","4395","4425","5080"
"17.10.2025 04:00 - 17.10.2025 05:00","0","0","0","615","615","615","4229","4258","4872"
"17.10.2025 05:00 - 17.10.2025 06:00","0","0","0","587","587","587","4019","4045","4632"
"17.10.2025 06:00 - 17.10.2025 07:00","0","0","0","563","563","563","3948","3973","4536"
"17.10.2025 07:00 - 17.10.2025 08:00","0","0","0","544","544","544","4011","4675","4580"
"17.10.2025 08:00 - 17.10.2025 09:00","0","0","0","537","585","585","3967","3959","3945"
"17.10.2025 09:00 - 17.10.2025 10:00","400","382","382","542","592","592","3795","3757","3771"
"17.10.2025 10:00 - 17.10.2025 11:00","3094","2982","3030","516","574","574","3500","3586","3752"
"17.10.2025 11:00 - 17.10.2025 12:00","7586","7425","7529","453","511","511","2647","2721","2866"
"17.10.2025 12:00 - 17.10.2025 13:00","11604","11397","11608","402","451","451","2247","2235","2355"
"17.10.2025 13:00 - 17.10.2025 14:00","14133","14017","14146","360","401","401","2550","2413","2512"
"17.10.2025 14:00 - 17.10.2025 15:00","14972","15017","15119","344","369","369","2934","2702","2776"
"17.10.2025 15:00 - 17.10.2025 16:00","14583","14612","14715","336","367","367","2981","2915","2990"
"17.10.2025 16:00 - 17.10.2025 17:00","12799","12747","12856","365","390","390","2770","2951","3016"
"17.10.2025 17:00 - 17.10.2025 18:00","9356","9369","9437","406","430","430","2539","2813","2875"
"17.10.2025 18:00 - 17.10.2025 19:00","4798","4843","4856","495","509","509","2382","2535","2583"
"17.10.2025 19:00 - 17.10.2025 20:00","1201","1213","1214","605","581","581","2854","2900","2908"
"17.10.2025 20:00 - 17.10.2025 21:00","51","51","51","708","655","655","3787","3761","3739"
"17.10.2025 21:00 - 17.10.2025 22:00","0","0","0","803","724","724","4418","4233","4184"
"17.10.2025 22:00 - 17.10.2025 23:00","0","0","0","851","782","782","4676","4470","4430"
"17.10.2025 23:00 - 18.10.2025 00:00","0","0","0","734","852","852","4796","4647","4795"
"18.10.2025 00:00 - 18.10.2025 01:00","0","0","0","771","771","771","4701","4738","5508"
"18.10.2025 01:00 - 18.10.2025 02:00","0","0","0","731","731","731","4589","4620","5351"
"18.10.2025 02:00 - 18.10.2025 03:00","0","0","0","671","671","671","4502","4529","5200"
"18.10.2025 03:00 - 18.10.2025 04:00","0","0","0","601","601","601","4362","4386","4987"
"18.10.2025 04:00 - 18.10.2025 05:00","0","0","0","544","544","544","4118","4139","4683"
"18.10.2025 05:00 - 18.10.2025 06:00","0","0","0","534","534","534","3840","3857","4391"
"18.10.2025 06:00 - 18.10.2025 07:00","0","0","0","581","581","581","3732","3747","4328"
"18.10.2025 07:00 - 18.10.2025 08:00","0","0","0","619","619","619","3858","4808","4490"
"18.10.2025 08:00 - 18.10.2025 09:00","0","0","0","669","728","728","3899","4049","3854"
"18.10.2025 09:00 - 18.10.2025 10:00","380","372","372","720","725","725","3833","4113","3842"
"18.10.2025 10:00 - 18.10.2025 11:00","3033","2976","2959","670","667","667","4072","4466","4680"
"18.10.2025 11:00 - 18.10.2025 12:00","7499","7402","7376","540","606","606","2994","3241","3467"
"18.10.2025 12:00 - 18.10.2025 13:00","11484","11339","11321","474","490","490","2113","2325","2470"
"18.10.2025 13:00 - 18.10.2025 14:00","13901","13825","13838","416","411","411","2331","2423","2526"
"18.10.2025 14:00 - 18.10.2025 15:00","14730","14744","14803","357","369","369","2723","2726","2829"
"18.10.2025 15:00 - 18.10.2025 16:00","14186","14247","14271","309","351","351","2815","2896","3016"
"18.10.2025 16:00 - 18.10.2025 17:00","12189","12338","12290","310","326","326","2732","2908","2993"
"18.10.2025 17:00 - 18.10.2025 18:00","8722","8949","8876","302","328","328","2584","2813","2901"
"18.10.2025 18:00 - 18.10.2025 19:00","4361","4502","4461","340","358","358","2510","2784","2857"
"18.10.2025 19:00 - 18.10.2025 20:00","1056","1088","1079","401","404","404","3243","3409","3460"
"18.10.2025 20:00 - 18.10.2025 21:00","39","40","40","448","464","464","4425","4403","4463"
"18.10.2025 21:00 - 18.10.2025 22:00","0","0","0","496","518","518","5245","5010","5073"
"18.10.2025 22:00 - 18.10.2025 23:00","0","0","0","533","563","563","5654","5467","5536"
"18.10.2025 23:00 - 19.10.2025 00:00","0","0","0","583","596","596","5828","6049","6101"
"19.10.2025 00:00 - 19.10.2025 01:00","0","0","0","499","499","499","6021","5910","6409"
"19.10.2025 01:00 - 19.10.2025 02:00","0","0","0","529","529","529","5949","5851","6380"
"19.10.2025 02:00 - 19.10.2025 03:00","0","0","0","571","571","571","5896","5807","6378"
"19.10.2025 03:00 - 19.10.2025 04:00","0","0","0","607","607","607","5929","5847","6454"
"19.10.2025 04:00 - 19.10.2025 05:00","0","0","0","677","677","677","5933","5858","6535"
"19.10.2025 05:00 - 19.10.2025 06:00","0","0","0","726","726","726","5986","5916","6642"
"19.10.2025 06:00 - 19.10.2025 07:00","0","0","0","773","773","773","6186","6119","6893"
"19.10.2025 07:00 - 19.10.2025 08:00","0","0","0","900","900","900","6427","7003","7262"
"19.10.2025 08:00 - 19.10.2025 09:00","0","0","0","1018","952","952","6728","6599","6731"
"19.10.2025 09:00 - 19.10.2025 10:00","247","215","215","1051","984","984","7351","7473","7357"
"19.10.2025 10:00 - 19.10.2025 11:00","1959","1731","1726","1085","1053","1053","8665","8930","8862"
"19.10.2025 11:00 - 19.10.2025 12:00","4626","4139","4211","1135","1122","1122","9036","9144","9099"
"19.10.2025 12:00 - 19.10.2025 13:00","7006","6331","6092","1202","1184","1184","8309","8454","8409"
"19.10.2025 13:00 - 19.10.2025 14:00","8523","7613","7212","1284","1247","1247","8370","8422","8359"
"19.10.2025 14:00 - 19.10.2025 15:00","8839","7967","7340","1334","1336","1336","8946","8541","8516"
"19.10.2025 15:00 - 19.10.2025 16:00","8443","7581","6927","1362","1390","1390","9802","9112","9100"
"19.10.2025 16:00 - 19.10.2025 17:00","7215","6468","6101","1345","1390","1390","10401","9845","9841"
"19.10.2025 17:00 - 19.10.2025 18:00","5046","4594","4356","1288","1284","1284","11105","10590","10552"
"19.10.2025 18:00 - 19.10.2025 19:00","2601","2362","2265","1158","1123","1123","11653","11332","11275"
"19.10.2025 19:00 - 19.10.2025 20:00","676","603","597","1087","1022","1022","12246","12339","12252"
"19.10.2025 20:00 - 19.10.2025 21:00","25","22","22","1058","1037","1037","12793","13013","12970"
"19.10.2025 21:00 - 19.10.2025 22:00","0","0","0","1074","1091","1091","13317","13228","13225"
"19.10.2025 22:00 - 19.10.2025 23:00","0","0","0","1118","1156","1156","13760","13426","13445"
"19.10.2025 23:00 - 20.10.2025 00:00","0","0","0","1153","1180","1180","13915","13541","13551"
"20.10.2025 00:00 - 20.10.2025 01:00","0","0","0","1232","1232","1232","13266","13354","14586"
"20.10.2025 01:00 - 20.10.2025 02:00","0","0","0","1253","1253","1253","12954","13045","14298"
"20.10.2025 02:00 - 20.10.2025 03:00","0","0","0","1297","1297","1297","12503","12595","13892"
"20.10.2025 03:00 - 20.10.2025 04:00","0","0","0","1351","1351","1351","11767","11861","13212"
"20.10.2025 04:00 - 20.10.2025 05:00","0","0","0","1396","1396","1396","11064","11158","12554"
"20.10.2025 05:00 - 20.10.2025 06:00","0","0","0","1424","1424","1424","10498","10590","12014"
"20.10.2025 06:00 - 20.10.2025 07:00","0","0","0","1438","1438","1438","10224","10315","11752"
"20.10.2025 07:00 - 20.10.2025 08:00","0","0","0","1435","1435","1435","10157","11219","11683"
"20.10.2025 08:00 - 20.10.2025 09:00","0","0","0","1423","1406","1406","10401","10038","10509"
"20.10.2025 09:00 - 20.10.2025 10:00","134","109","109","1415","1415","1415","10865","10755","10956"
"20.10.2025 10:00 - 20.10.2025 11:00","1317","1153","1378","1392","1386","1386","11313","11498","11428"
"20.10.2025 11:00 - 20.10.2025 12:00","3412","3054","3508","1385","1373","1373","12575","12472","12432"
"20.10.2025 12:00 - 20.10.2025 13:00","5304","4759","5367","1375","1377","1377","13980","13657","13653"
"20.10.2025 13:00 - 20.10.2025 14:00","6534","6115","6171","1368","1371","1371","14633","14465","14474"
"20.10.2025 14:00 - 20.10.2025 15:00","7154","6854","6435","1365","1364","1364","15096","15157","15169"
"20.10.2025 15:00 - 20.10.2025 16:00","7327","6759","6413","1355","1314","1314","15559","15728","15704"
"20.10.2025 16:00 - 20.10.2025 17:00","6742","6024","5635","1359","1304","1304","15526","15683","15643"
"20.10.2025 17:00 - 20.10.2025 18:00","5086","4524","4189","1362","1318","1318","15783","16004","15972"
"20.10.2025 18:00 - 20.10.2025 19:00","2704","2427","2339","1375","1369","1369","16506","16380","16384"
"20.10.2025 19:00 - 20.10.2025 20:00","691","631","635","1419","1428","1428","16779","16682","16704"
"20.10.2025 20:00 - 20.10.2025 21:00","23","23","22","1436","1449","1449","16698","16829","16855"
"20.10.2025 21:00 - 20.10.2025 22:00","0","0","0","1437","1445","1445","16582","16773","16797"
"20.10.2025 22:00 - 20.10.2025 23:00","0","0","0","1432","1430","1430","16378","16664","16679"
"20.10.2025 23:00 - 21.10.2025 00:00","0","0","0","1421","1408","1408","16065","16388","16394"
"21.10.2025 00:00 - 21.10.2025 01:00","0","0","0","1382","1382","1382","15481","15473","16855"
"21.10.2025 01:00 - 21.10.2025 02:00","0","0","0","1358","1358","1358","14913","14931","16289"
"21.10.2025 02:00 - 21.10.2025 03:00","0","0","0","1319","1319","1319","14228","14262","15581"
"21.10.2025 03:00 - 21.10.2025 04:00","0","0","0","1235","1235","1235","13524","13573","14808"
"21.10.2025 04:00 - 21.10.2025 05:00","0","0","0","1155","1155","1155","12773","12835","13991"
"21.10.2025 05:00 - 21.10.2025 06:00","0","0","0","1094","1094","1094","12066","12140","13234"
"21.10.2025 06:00 - 21.10.2025 07:00","0","0","0","1057","1057","1057","11166","11246","12303"
"21.10.2025 07:00 - 21.10.2025 08:00","0","0","0","1022","1022","1022","10262","11076","11370"
"21.10.2025 08:00 - 21.10.2025 09:00","0","0","0","1022","909","909","9380","9489","9580"
"21.10.2025 09:00 - 21.10.2025 10:00","126","135","135","1013","867","867","8475","8610","8707"
"21.10.2025 10:00 - 21.10.2025 11:00","1201","1274","1617","1007","873","873","7312","7341","7026"
"21.10.2025 11:00 - 21.10.2025 12:00","2822","3052","3988","1039","905","905","7704","7800","7568"
"21.10.2025 12:00 - 21.10.2025 13:00","4277","4304","5782","1068","926","926","7891","8342","8142"
"21.10.2025 13:00 - 21.10.2025 14:00","5215","4882","6330","1095","947","947","7402","8114","7937"
"21.10.2025 14:00 - 21.10.2025 15:00","5561","5313","6162","1105","980","980","7563","8017","7884"
"21.10.2025 15:00 - 21.10.2025 16:00","5399","5281","5624","1073","991","991","8054","7966","7887"
"21.10.2025 16:00 - 21.10.2025 17:00","4702","4583","4712","1024","963","963","8257","7913","7859"
"21.10.2025 17:00 - 21.10.2025 18:00","3540","3279","3359","952","906","906","7650","7070","7036"
"21.10.2025 18:00 - 21.10.2025 19:00","1905","1767","1763","848","821","821","7074","6449","6439"
"21.10.2025 19:00 - 21.10.2025 20:00","480","474","454","748","746","746","6638","6287","6302"
"21.10.2025 20:00 - 21.10.2025 21:00","13","13","13","671","699","699","6137","6013","6059"
"21.10.2025 21:00 - 21.10.2025 22:00","0","0","0","639","680","680","5817","5547","5607"
"21.10.2025 22:00 - 21.10.2025 23:00","0","0","0","631","655","655","5694","5242","5285"
"21.10.2025 23:00 - 22.10.2025 00:00","0","0","0","608","622","622","5717","5203","5237"
"22.10.2025 00:00 - 22.10.2025 01:00","0","0","0","430","430","430","5924","5832","6262"
"22.10.2025 01:00 - 22.10.2025 02:00","0","0","0","377","377","377","5393","5315","5692"
"22.10.2025 02:00 - 22.10.2025 03:00","0","0","0","330","330","330","4881","4816","5146"
"22.10.2025 03:00 - 22.10.2025 04:00","0","0","0","292","292","292","4409","4351","4642"
"22.10.2025 04:00 - 22.10.2025 05:00","0","0","0","258","258","258","3980","3928","4186"
"22.10.2025 05:00 - 22.10.2025 06:00","0","0","0","231","231","231","3704","3653","3884"
"22.10.2025 06:00 - 22.10.2025 07:00","0","0","0","226","226","226","3320","3272","3498"
"22.10.2025 07:00 - 22.10.2025 08:00","0","0","0","212","212","212","2924","4169","3094"
"22.10.2025 08:00 - 22.10.2025 09:00","0","0","0","188","177","177","2716","3790","2690"
"22.10.2025 09:00 - 22.10.2025 10:00","95","97","97","171","151","151","2539","3602","2525"
"22.10.2025 10:00 - 22.10.2025 11:00","1022","1102","1537","151","140","140","2243","3411","3405"
"22.10.2025 11:00 - 22.10.2025 12:00","2420","2832","3962","157","134","134","2079","3315","3297"
"22.10.2025 12:00 - 22.10.2025 13:00","3844","4147","5942","163","136","136","2236","3425","3400"
"22.10.2025 13:00 - 22.10.2025 14:00","4908","5010","6832","184","153","153","2591","3521","3493"
"22.10.2025 14:00 - 22.10.2025 15:00","5493","5374","6320","245","222","222","3091","3635","3617"
"22.10.2025 15:00 - 22.10.2025 16:00","5212","5093","5122","372","336","336","3551","3738","3709"
"22.10.2025 16:00 - 22.10.2025 17:00","4366","4316","4175","509","524","524","3994","3925","3947"
"22.10.2025 17:00 - 22.10.2025 18:00","3140","3028","3000","640","751","751","4282","4260","4378"
"22.10.2025 18:00 - 22.10.2025 19:00","1684","1612","1593","858","919","919","4573","4747","4813"
"22.10.2025 19:00 - 22.10.2025 20:00","437","427","415","1003","1068","1068","5457","5819","5889"
"22.10.2025 20:00 - 22.10.2025 21:00","9","9","9","1125","1202","1202","6791","7243","7325"
"22.10.2025 21:00 - 22.10.2025 22:00","0","0","0","1298","1327","1327","8307","8901","8937"
"22.10.2025 22:00 - 22.10.2025 23:00","0","0","0","1383","1403","1403","10211","10764","10793"
"22.10.2025 23:00 - 23.10.2025 00:00","0","0","0","1420","1428","1428","12381","13085","13101"
"23.10.2025 00:00 - 23.10.2025 01:00","0","0","0","1391","1391","1391","17221","17142","18533"
"23.10.2025 01:00 - 23.10.2025 02:00","0","0","0","1362","1362","1362","18399","18335","19697"
"23.10.2025 02:00 - 23.10.2025 03:00","0","0","0","1319","1319","1319","18942","18883","20202"
"23.10.2025 03:00 - 23.10.2025 04:00","0","0","0","1289","1289","1289","16825","16774","18062"
"23.10.2025 04:00 - 23.10.2025 05:00","0","0","0","1266","1266","1266","10212","10177","11442"
"23.10.2025 05:00 - 23.10.2025 06:00","0","0","0","1228","1228","1228","10329","10299","11527"
"23.10.2025 06:00 - 23.10.2025 07:00","0","0","0","1153","1153","1153","19180","19145","20297"
"23.10.2025 07:00 - 23.10.2025 08:00","0","0","0","1125","1125","1125","19231","19259","20323"
"23.10.2025 08:00 - 23.10.2025 09:00","0","0","0","1127","1205","1205","20106","19128","20000"
"23.10.2025 09:00 - 23.10.2025 10:00","90","82","82","1134","1230","1230","20886","19741","20767"
"23.10.2025 10:00 - 23.10.2025 11:00","1128","1235","1485","1135","1215","1215","21015","20306","20185"
"23.10.2025 11:00 - 23.10.2025 12:00","3155","3636","4197","1140","1199","1199","21152","20952","20869"
"23.10.2025 12:00 - 23.10.2025 13:00","5386","6047","6883","1127","1190","1190","21591","21274","21247"
"23.10.2025 13:00 - 23.10.2025 14:00","6995","7841","8823","1158","1218","1218","21745","21342","21370"
"23.10.2025 14:00 - 23.10.2025 15:00","7747","8042","9088","1199","1227","1227","19230","18911","18993"
"23.10.2025 15:00 - 23.10.2025 16:00","6903","6937","7645","1245","1255","1255","11935","11588","11803"
"23.10.2025 16:00 - 23.10.2025 17:00","6295","6429","6838","1261","1260","1260","11947","11489","11688"
"23.10.2025 17:00 - 23.10.2025 18:00","4745","4832","5086","1289","1273","1273","11748","11181","11361"
"23.10.2025 18:00 - 23.10.2025 19:00","2989","3016","3189","1309","1304","1304","20719","19715","19758"
"23.10.2025 19:00 - 23.10.2025 20:00","683","686","726","1340","1344","1344","19874","18764","18819"
"23.10.2025 20:00 - 23.10.2025 21:00","10","10","10","1365","1367","1367","18989","18150","18206"
"23.10.2025 21:00 - 23.10.2025 22:00","0","0","0","1375","1374","1374","18280","17462","17518"
"23.10.2025 22:00 - 23.10.2025 23:00","0","0","0","1379","1378","1378","17701","16950","17009"
"23.10.2025 23:00 - 24.10.2025 00:00","0","0","0","1375","1372","1372","17207","16489","16547"
"24.10.2025 00:00 - 24.10.2025 01:00","N/A","N/A","","N/A","N/A","","N/A","N/A",""
"24.10.2025 01:00 - 24.10.2025 02:00","N/A","N/A","","N/A","N/A","","N/A","N/A",""
"24.10.2025 02:00 - 24.10.2025 03:00","N/A","N/A","","N/A","N/A","","N/A","N/A",""
"24.10.2025 03:00 - 24.10.2025 04:00","N/A","N/A","","N/A","N/A","","N/A","N/A",""
"24.10.2025 04:00 - 24.10.2025 05:00","N/A","N/A","","N/A","N/A","","N/A","N/A",""
"24.10.2025 05:00 - 24.10.2025 06:00","N/A","N/A","","N/A","N/A","","N/A","N/A",""
"24.10.2025 06:00 - 24.10.2025 07:00","N/A","N/A","","N/A","N/A","","N/A","N/A",""
"24.10.2025 07:00 - 24.10.2025 08:00","N/A","N/A","","N/A","N/A","","N/A","N/A",""
"24.10.2025 08:00 - 24.10.2025 09:00","N/A","N/A","","N/A","N/A","","N/A","N/A",""
"24.10.2025 09:00 - 24.10.2025 10:00","N/A","N/A","","N/A","N/A","","N/A","N/A",""
"24.10.2025 10:00 - 24.10.2025 11:00","N/A","N/A","","N/A","N/A","","N/A","N/A",""
"24.10.2025 11:00 - 24.10.2025 12:00","N/A","N/A","","N/A","N/A","","N/A","N/A",""
"24.10.2025 12:00 - 24.10.2025 13:00","N/A","N/A","","N/A","N/A","","N/A","N/A",""
"24.10.2025 13:00 - 24.10.2025 14:00","N/A","N/A","","N/A","N/A","","N/A","N/A",""
"24.10.2025 14:00 - 24.10.2025 15:00","N/A","N/A","","N/A","N/A","","N/A","N/A",""
"24.10.2025 15:00 - 24.10.2025 16:00","N/A","N/A","","N/A","N/A","","N/A","N/A",""
"24.10.2025 16:00 - 24.10.2025 17:00","N/A","N/A","","N/A","N/A","","N/A","N/A",""
"24.10.2025 17:00 - 24.10.2025 18:00","N/A","N/A","","N/A","N/A","","N/A","N/A",""
"24.10.2025 18:00 - 24.10.2025 19:00","N/A","N/A","","N/A","N/A","","N/A","N/A",""
"24.10.2025 19:00 - 24.10.2025 20:00","N/A","N/A","","N/A","N/A","","N/A","N/A",""
"24.10.2025 20:00 - 24.10.2025 21:00","N/A","N/A","","N/A","N/A","","N/A","N/A",""
"24.10.2025 21:00 - 24.10.2025 22:00","N/A","N/A","","N/A","N/A","","N/A","N/A",""
"24.10.2025 22:00 - 24.10.2025 23:00","N/A","N/A","","N/A","N/A","","N/A","N/A",""
"24.10.2025 23:00 - 25.10.2025 00:00","N/A","N/A","","N/A","N/A","","N/A","N/A",""
"25.10.2025 00:00 - 25.10.2025 01:00","N/A","N/A","","N/A","N/A","","N/A","N/A",""
"25.10.2025 01:00 - 25.10.2025 02:00","N/A","N/A","","N/A","N/A","","N/A","N/A",""
"25.10.2025 02:00 - 25.10.2025 03:00","N/A","N/A","","N/A","N/A","","N/A","N/A",""
"25.10.2025 03:00 - 25.10.2025 04:00","N/A","N/A","","N/A","N/A","","N/A","N/A",""
"25.10.2025 04:00 - 25.10.2025 05:00","N/A","N/A","","N/A","N/A","","N/A","N/A",""
"25.10.2025 05:00 - 25.10.2025 06:00","N/A","N/A","","N/A","N/A","","N/A","N/A",""
"25.10.2025 06:00 - 25.10.2025 07:00","N/A","N/A","","N/A","N/A","","N/A","N/A",""
"25.10.2025 07:00 - 25.10.2025 08:00","N/A","N/A","","N/A","N/A","","N/A","N/A",""
"25.10.2025 08:00 - 25.10.2025 09:00","N/A","N/A","","N/A","N/A","","N/A","N/A",""
"25.10.2025 09:00 - 25.10.2025 10:00","N/A","N/A","","N/A","N/A","","N/A","N/A",""
"25.10.2025 10:00 - 25.10.2025 11:00","N/A","N/A","","N/A","N/A","","N/A","N/A",""
"25.10.2025 11:00 - 25.10.2025 12:00","N/A","N/A","","N/A","N/A","","N/A","N/A",""
"25.10.2025 12:00 - 25.10.2025 13:00","N/A","N/A","","N/A","N/A","","N/A","N/A",""
"25.10.2025 13:00 - 25.10.2025 14:00","N/A","N/A","","N/A","N/A","","N/A","N/A",""
"25.10.2025 14:00 - 25.10.2025 15:00","N/A","N/A","","N/A","N/A","","N/A","N/A",""
"25.10.2025 15:00 - 25.10.2025 16:00","N/A","N/A","","N/A","N/A","","N/A","N/A",""
"25.10.2025 16:00 - 25.10.2025 17:00","N/A","N/A","","N/A","N/A","","N/A","N/A",""
"25.10.2025 17:00 - 25.10.2025 18:00","N/A","N/A","","N/A","N/A","","N/A","N/A",""
"25.10.2025 18:00 - 25.10.2025 19:00","N/A","N/A","","N/A","N/A","","N/A","N/A",""
"25.10.2025 19:00 - 25.10.2025 20:00","N/A","N/A","","N/A","N/A","","N/A","N/A",""
"25.10.2025 20:00 - 25.10.2025 21:00","N/A","N/A","","N/A","N/A","","N/A","N/A",""
"25.10.2025 21:00 - 25.10.2025 22:00","N/A","N/A","","N/A","N/A","","N/A","N/A",""
"25.10.2025 22:00 - 25.10.2025 23:00","N/A","N/A","","N/A","N/A","","N/A","N/A",""
"25.10.2025 23:00 - 26.10.2025 00:00","N/A","N/A","","N/A","N/A","","N/A","N/A",""
"26.10.2025 00:00 - 26.10.2025 01:00","N/A","N/A","","N/A","N/A","","N/A","N/A",""
"26.10.2025 01:00 - 26.10.2025 02:00","N/A","N/A","","N/A","N/A","","N/A","N/A",""
"26.10.2025 02:00 - 26.10.2025 03:00","N/A","N/A","","N/A","N/A","","N/A","N/A",""
"26.10.2025 02:00 - 26.10.2025 03:00","N/A","N/A","","N/A","N/A","","N/A","N/A",""
"26.10.2025 03:00 - 26.10.2025 04:00","N/A","N/A","","N/A","N/A","","N/A","N/A",""
"26.10.2025 04:00 - 26.10.2025 05:00","N/A","N/A","","N/A","N/A","","N/A","N/A",""
"26.10.2025 05:00 - 26.10.2025 06:00","N/A","N/A","","N/A","N/A","","N/A","N/A",""
"26.10.2025 06:00 - 26.10.2025 07:00","N/A","N/A","","N/A","N/A","","N/A","N/A",""
"26.10.2025 07:00 - 26.10.2025 08:00","N/A","N/A","","N/A","N/A","","N/A","N/A",""
"26.10.2025 08:00 - 26.10.2025 09:00","N/A","N/A","","N/A","N/A","","N/A","N/A",""
"26.10.2025 09:00 - 26.10.2025 10:00","N/A","N/A","","N/A","N/A","","N/A","N/A",""
"26.10.2025 10:00 - 26.10.2025 11:00","N/A","N/A","","N/A","N/A","","N/A","N/A",""
"26.10.2025 11:00 - 26.10.2025 12:00","N/A","N/A","","N/A","N/A","","N/A","N/A",""
"26.10.2025 12:00 - 26.10.2025 13:00","N/A","N/A","","N/A","N/A","","N/A","N/A",""
"26.10.2025 13:00 - 26.10.2025 14:00","N/A","N/A","","N/A","N/A","","N/A","N/A",""
"26.10.2025 14:00 - 26.10.2025 15:00","N/A","N/A","","N/A","N/A","","N/A","N/A",""
"26.10.2025 15:00 - 26.10.2025 16:00","N/A","N/A","","N/A","N/A","","N/A","N/A",""
"26.10.2025 16:00 - 26.10.2025 17:00","N/A","N/A","","N/A","N/A","","N/A","N/A",""
"26.10.2025 17:00 - 26.10.2025 18:00","N/A","N/A","","N/A","N/A","","N/A","N/A",""
"26.10.2025 18:00 - 26.10.2025 19:00","N/A","N/A","","N/A","N/A","","N/A","N/A",""
"26.10.2025 19:00 - 26.10.2025 20:00","N/A","N/A","","N/A","N/A","","N/A","N/A",""
"26.10.2025 20:00 - 26.10.2025 21:00","N/A","N/A","","N/A","N/A","","N/A","N/A",""
"26.10.2025 21:00 - 26.10.2025 22:00","N/A","N/A","","N/A","N/A","","N/A","N/A",""
"26.10.2025 22:00 - 26.10.2025 23:00","N/A","N/A","","N/A","N/A","","N/A","N/A",""
"26.10.2025 23:00 - 27.10.2025 00:00","N/A","N/A","","N/A","N/A","","N/A","N/A",""
"27.10.2025 00:00 - 27.10.2025 01:00","N/A","N/A","","N/A","N/A","","N/A","N/A",""
"27.10.2025 01:00 - 27.10.2025 02:00","N/A","N/A","","N/A","N/A","","N/A","N/A",""
"27.10.2025 02:00 - 27.10.2025 03:00","N/A","N/A","","N/A","N/A","","N/A","N/A",""
"27.10.2025 03:00 - 27.10.2025 04:00","N/A","N/A","","N/A","N/A","","N/A","N/A",""
"27.10.2025 04:00 - 27.10.2025 05:00","N/A","N/A","","N/A","N/A","","N/A","N/A",""
"27.10.2025 05:00 - 27.10.2025 06:00","N/A","N/A","","N/A","N/A","","N/A","N/A",""
"27.10.2025 06:00 - 27.10.2025 07:00","N/A","N/A","","N/A","N/A","","N/A","N/A",""
"27.10.2025 07:00 - 27.10.2025 08:00","N/A","N/A","","N/A","N/A","","N/A","N/A",""
"27.10.2025 08:00 - 27.10.2025 09:00","N/A","N/A","","N/A","N/A","","N/A","N/A",""
"27.10.2025 09:00 - 27.10.2025 10:00","N/A","N/A","","N/A","N/A","","N/A","N/A",""
"27.10.2025 10:00 - 27.10.2025 11:00","N/A","N/A","","N/A","N/A","","N/A","N/A",""
"27.10.2025 11:00 - 27.10.2025 12:00","N/A","N/A","","N/A","N/A","","N/A","N/A",""
"27.10.2025 12:00 - 27.10.2025 13:00","N/A","N/A","","N/A","N/A","","N/A","N/A",""
"27.10.2025 13:00 - 27.10.2025 14:00","N/A","N/A","","N/A","N/A","","N/A","N/A",""
"27.10.2025 14:00 - 27.10.2025 15:00","N/A","N/A","","N/A","N/A","","N/A","N/A",""
"27.10.2025 15:00 - 27.10.2025 16:00","N/A","N/A","","N/A","N/A","","N/A","N/A",""
"27.10.2025 16:00 - 27.10.2025 17:00","N/A","N/A","","N/A","N/A","","N/A","N/A",""
"27.10.2025 17:00 - 27.10.2025 18:00","N/A","N/A","","N/A","N/A","","N/A","N/A",""
"27.10.2025 18:00 - 27.10.2025 19:00","N/A","N/A","","N/A","N/A","","N/A","N/A",""
"27.10.2025 19:00 - 27.10.2025 20:00","N/A","N/A","","N/A","N/A","","N/A","N/A",""
"27.10.2025 20:00 - 27.10.2025 21:00","N/A","N/A","","N/A","N/A","","N/A","N/A",""
"27.10.2025 21:00 - 27.10.2025 22:00","N/A","N/A","","N/A","N/A","","N/A","N/A",""
"27.10.2025 22:00 - 27.10.2025 23:00","N/A","N/A","","N/A","N/A","","N/A","N/A",""
"27.10.2025 23:00 - 28.10.2025 00:00","N/A","N/A","","N/A","N/A","","N/A","N/A",""
"28.10.2025 00:00 - 28.10.2025 01:00","-","-","","-","-","","-","-",""
"28.10.2025 01:00 - 28.10.2025 02:00","-","-","","-","-","","-","-",""
"28.10.2025 02:00 - 28.10.2025 03:00","-","-","","-","-","","-","-",""
"28.10.2025 03:00 - 28.10.2025 04:00","-","-","","-","-","","-","-",""
"28.10.2025 04:00 - 28.10.2025 05:00","-","-","","-","-","","-","-",""
"28.10.2025 05:00 - 28.10.2025 06:00","-","-","","-","-","","-","-",""
"28.10.2025 06:00 - 28.10.2025 07:00","-","-","","-","-","","-","-",""
"28.10.2025 07:00 - 28.10.2025 08:00","-","-","","-","-","","-","-",""
"28.10.2025 08:00 - 28.10.2025 09:00","-","-","","-","-","","-","-",""
"28.10.2025 09:00 - 28.10.2025 10:00","-","-","","-","-","","-","-",""
"28.10.2025 10:00 - 28.10.2025 11:00","-","-","","-","-","","-","-",""
"28.10.2025 11:00 - 28.10.2025 12:00","-","-","","-","-","","-","-",""
"28.10.2025 12:00 - 28.10.2025 13:00","-","-","","-","-","","-","-",""
"28.10.2025 13:00 - 28.10.2025 14:00","-","-","","-","-","","-","-",""
"28.10.2025 14:00 - 28.10.2025 15:00","-","-","","-","-","","-","-",""
"28.10.2025 15:00 - 28.10.2025 16:00","-","-","","-","-","","-","-",""
"28.10.2025 16:00 - 28.10.2025 17:00","-","-","","-","-","","-","-",""
"28.10.2025 17:00 - 28.10.2025 18:00","-","-","","-","-","","-","-",""
"28.10.2025 18:00 - 28.10.2025 19:00","-","-","","-","-","","-","-",""
"28.10.2025 19:00 - 28.10.2025 20:00","-","-","","-","-","","-","-",""
"28.10.2025 20:00 - 28.10.2025 21:00","-","-","","-","-","","-","-",""
"28.10.2025 21:00 - 28.10.2025 22:00","-","-","","-","-","","-","-",""
"28.10.2025 22:00 - 28.10.2025 23:00","-","-","","-","-","","-","-",""
"28.10.2025 23:00 - 29.10.2025 00:00","-","-","","-","-","","-","-",""
"29.10.2025 00:00 - 29.10.2025 01:00","-","-","","-","-","","-","-",""
"29.10.2025 01:00 - 29.10.2025 02:00","-","-","","-","-","","-","-",""
"29.10.2025 02:00 - 29.10.2025 03:00","-","-","","-","-","","-","-",""
"29.10.2025 03:00 - 29.10.2025 04:00","-","-","","-","-","","-","-",""
"29.10.2025 04:00 - 29.10.2025 05:00","-","-","","-","-","","-","-",""
"29.10.2025 05:00 - 29.10.2025 06:00","-","-","","-","-","","-","-",""
"29.10.2025 06:00 - 29.10.2025 07:00","-","-","","-","-","","-","-",""
"29.10.2025 07:00 - 29.10.2025 08:00","-","-","","-","-","","-","-",""
"29.10.2025 08:00 - 29.10.2025 09:00","-","-","","-","-","","-","-",""
"29.10.2025 09:00 - 29.10.2025 10:00","-","-","","-","-","","-","-",""
"29.10.2025 10:00 - 29.10.2025 11:00","-","-","","-","-","","-","-",""
"29.10.2025 11:00 - 29.10.2025 12:00","-","-","","-","-","","-","-",""
"29.10.2025 12:00 - 29.10.2025 13:00","-","-","","-","-","","-","-",""
"29.10.2025 13:00 - 29.10.2025 14:00","-","-","","-","-","","-","-",""
"29.10.2025 14:00 - 29.10.2025 15:00","-","-","","-","-","","-","-",""
"29.10.2025 15:00 - 29.10.2025 16:00","-","-","","-","-","","-","-",""
"29.10.2025 16:00 - 29.10.2025 17:00","-","-","","-","-","","-","-",""
"29.10.2025 17:00 - 29.10.2025 18:00","-","-","","-","-","","-","-",""
"29.10.2025 18:00 - 29.10.2025 19:00","-","-","","-","-","","-","-",""
"29.10.2025 19:00 - 29.10.2025 20:00","-","-","","-","-","","-","-",""
"29.10.2025 20:00 - 29.10.2025 21:00","-","-","","-","-","","-","-",""
"29.10.2025 21:00 - 29.10.2025 22:00","-","-","","-","-","","-","-",""
"29.10.2025 22:00 - 29.10.2025 23:00","-","-","","-","-","","-","-",""
"29.10.2025 23:00 - 30.10.2025 00:00","-","-","","-","-","","-","-",""
"30.10.2025 00:00 - 30.10.2025 01:00","-","-","","-","-","","-","-",""
"30.10.2025 01:00 - 30.10.2025 02:00","-","-","","-","-","","-","-",""
"30.10.2025 02:00 - 30.10.2025 03:00","-","-","","-","-","","-","-",""
"30.10.2025 03:00 - 30.10.2025 04:00","-","-","","-","-","","-","-",""
"30.10.2025 04:00 - 30.10.2025 05:00","-","-","","-","-","","-","-",""
"30.10.2025 05:00 - 30.10.2025 06:00","-","-","","-","-","","-","-",""
"30.10.2025 06:00 - 30.10.2025 07:00","-","-","","-","-","","-","-",""
"30.10.2025 07:00 - 30.10.2025 08:00","-","-","","-","-","","-","-",""
"30.10.2025 08:00 - 30.10.2025 09:00","-","-","","-","-","","-","-",""
"30.10.2025 09:00 - 30.10.2025 10:00","-","-","","-","-","","-","-",""
"30.10.2025 10:00 - 30.10.2025 11:00","-","-","","-","-","","-","-",""
"30.10.2025 11:00 - 30.10.2025 12:00","-","-","","-","-","","-","-",""
"30.10.2025 12:00 - 30.10.2025 13:00","-","-","","-","-","","-","-",""
"30.10.2025 13:00 - 30.10.2025 14:00","-","-","","-","-","","-","-",""
"30.10.2025 14:00 - 30.10.2025 15:00","-","-","","-","-","","-","-",""
"30.10.2025 15:00 - 30.10.2025 16:00","-","-","","-","-","","-","-",""
"30.10.2025 16:00 - 30.10.2025 17:00","-","-","","-","-","","-","-",""
"30.10.2025 17:00 - 30.10.2025 18:00","-","-","","-","-","","-","-",""
"30.10.2025 18:00 - 30.10.2025 19:00","-","-","","-","-","","-","-",""
"30.10.2025 19:00 - 30.10.2025 20:00","-","-","","-","-","","-","-",""
"30.10.2025 20:00 - 30.10.2025 21:00","-","-","","-","-","","-","-",""
"30.10.2025 21:00 - 30.10.2025 22:00","-","-","","-","-","","-","-",""
"30.10.2025 22:00 - 30.10.2025 23:00","-","-","","-","-","","-","-",""
"30.10.2025 23:00 - 31.10.2025 00:00","-","-","","-","-","","-","-",""
"31.10.2025 00:00 - 31.10.2025 01:00","-","-","","-","-","","-","-",""
"31.10.2025 01:00 - 31.10.2025 02:00","-","-","","-","-","","-","-",""
"31.10.2025 02:00 - 31.10.2025 03:00","-","-","","-","-","","-","-",""
"31.10.2025 03:00 - 31.10.2025 04:00","-","-","","-","-","","-","-",""
"31.10.2025 04:00 - 31.10.2025 05:00","-","-","","-","-","","-","-",""
"31.10.2025 05:00 - 31.10.2025 06:00","-","-","","-","-","","-","-",""
"31.10.2025 06:00 - 31.10.2025 07:00","-","-","","-","-","","-","-",""
"31.10.2025 07:00 - 31.10.2025 08:00","-","-","","-","-","","-","-",""
"31.10.2025 08:00 - 31.10.2025 09:00","-","-","","-","-","","-","-",""
"31.10.2025 09:00 - 31.10.2025 10:00","-","-","","-","-","","-","-",""
"31.10.2025 10:00 - 31.10.2025 11:00","-","-","","-","-","","-","-",""
"31.10.2025 11:00 - 31.10.2025 12:00","-","-","","-","-","","-","-",""
"31.10.2025 12:00 - 31.10.2025 13:00","-","-","","-","-","","-","-",""
"31.10.2025 13:00 - 31.10.2025 14:00","-","-","","-","-","","-","-",""
"31.10.2025 14:00 - 31.10.2025 15:00","-","-","","-","-","","-","-",""
"31.10.2025 15:00 - 31.10.2025 16:00","-","-","","-","-","","-","-",""
"31.10.2025 16:00 - 31.10.2025 17:00","-","-","","-","-","","-","-",""
"31.10.2025 17:00 - 31.10.2025 18:00","-","-","","-","-","","-","-",""
"31.10.2025 18:00 - 31.10.2025 19:00","-","-","","-","-","","-","-",""
"31.10.2025 19:00 - 31.10.2025 20:00","-","-","","-","-","","-","-",""
"31.10.2025 20:00 - 31.10.2025 21:00","-","-","","-","-","","-","-",""
"31.10.2025 21:00 - 31.10.2025 22:00","-","-","","-","-","","-","-",""
"31.10.2025 22:00 - 31.10.2025 23:00","-","-","","-","-","","-","-",""
"31.10.2025 23:00 - 01.11.2025 00:00","-","-","","-","-","","-","-",""
"01.11.2025 00:00 - 01.11.2025 01:00","-","-","","-","-","","-","-",""
"01.11.2025 01:00 - 01.11.2025 02:00","-","-","","-","-","","-","-",""
"01.11.2025 02:00 - 01.11.2025 03:00","-","-","","-","-","","-","-",""
"01.11.2025 03:00 - 01.11.2025 04:00","-","-","","-","-","","-","-",""
"01.11.2025 04:00 - 01.11.2025 05:00","-","-","","-","-","","-","-",""
"01.11.2025 05:00 - 01.11.2025 06:00","-","-","","-","-","","-","-",""
"01.11.2025 06:00 - 01.11.2025 07:00","-","-","","-","-","","-","-",""
"01.11.2025 07:00 - 01.11.2025 08:00","-","-","","-","-","","-","-",""
"01.11.2025 08:00 - 01.11.2025 09:00","-","-","","-","-","","-","-",""
"01.11.2025 09:00 - 01.11.2025 10:00","-","-","","-","-","","-","-",""
"01.11.2025 10:00 - 01.11.2025 11:00","-","-","","-","-","","-","-",""
"01.11.2025 11:00 - 01.11.2025 12:00","-","-","","-","-","","-","-",""
"01.11.2025 12:00 - 01.11.2025 13:00","-","-","","-","-","","-","-",""
"01.11.2025 13:00 - 01.11.2025 14:00","-","-","","-","-","","-","-",""
"01.11.2025 14:00 - 01.11.2025 15:00","-","-","","-","-","","-","-",""
"01.11.2025 15:00 - 01.11.2025 16:00","-","-","","-","-","","-","-",""
"01.11.2025 16:00 - 01.11.2025 17:00","-","-","","-","-","","-","-",""
"01.11.2025 17:00 - 01.11.2025 18:00","-","-","","-","-","","-","-",""
"01.11.2025 18:00 - 01.11.2025 19:00","-","-","","-","-","","-","-",""
"01.11.2025 19:00 - 01.11.2025 20:00","-","-","","-","-","","-","-",""
"01.11.2025 20:00 - 01.11.2025 21:00","-","-","","-","-","","-","-",""
"01.11.2025 21:00 - 01.11.2025 22:00","-","-","","-","-","","-","-",""
"01.11.2025 22:00 - 01.11.2025 23:00","-","-","","-","-","","-","-",""
"01.11.2025 23:00 - 02.11.2025 00:00","-","-","","-","-","","-","-",""
"02.11.2025 00:00 - 02.11.2025 01:00","-","-","","-","-","","-","-",""
"02.11.2025 01:00 - 02.11.2025 02:00","-","-","","-","-","","-","-",""
"02.11.2025 02:00 - 02.11.2025 03:00","-","-","","-","-","","-","-",""
"02.11.2025 03:00 - 02.11.2025 04:00","-","-","","-","-","","-","-",""
"02.11.2025 04:00 - 02.11.2025 05:00","-","-","","-","-","","-","-",""
"02.11.2025 05:00 - 02.11.2025 06:00","-","-","","-","-","","-","-",""
"02.11.2025 06:00 - 02.11.2025 07:00","-","-","","-","-","","-","-",""
"02.11.2025 07:00 - 02.11.2025 08:00","-","-","","-","-","","-","-",""
"02.11.2025 08:00 - 02.11.2025 09:00","-","-","","-","-","","-","-",""
"02.11.2025 09:00 - 02.11.2025 10:00","-","-","","-","-","","-","-",""
"02.11.2025 10:00 - 02.11.2025 11:00","-","-","","-","-","","-","-",""
"02.11.2025 11:00 - 02.11.2025 12:00","-","-","","-","-","","-","-",""
"02.11.2025 12:00 - 02.11.2025 13:00","-","-","","-","-","","-","-",""
"02.11.2025 13:00 - 02.11.2025 14:00","-","-","","-","-","","-","-",""
"02.11.2025 14:00 - 02.11.2025 15:00","-","-","","-","-","","-","-",""
"02.11.2025 15:00 - 02.11.2025 16:00","-","-","","-","-","","-","-",""
"02.11.2025 16:00 - 02.11.2025 17:00","-","-","","-","-","","-","-",""
"02.11.2025 17:00 - 02.11.2025 18:00","-","-","","-","-","","-","-",""
"02.11.2025 18:00 - 02.11.2025 19:00","-","-","","-","-","","-","-",""
"02.11.2025 19:00 - 02.11.2025 20:00","-","-","","-","-","","-","-",""
"02.11.2025 20:00 - 02.11.2025 21:00","-","-","","-","-","","-","-",""
"02.11.2025 21:00 - 02.11.2025 22:00","-","-","","-","-","","-","-",""
"02.11.2025 22:00 - 02.11.2025 23:00","-","-","","-","-","","-","-",""
"02.11.2025 23:00 - 03.11.2025 00:00","-","-","","-","-","","-","-",""
"03.11.2025 00:00 - 03.11.2025 01:00","-","-","","-","-","","-","-",""
"03.11.2025 01:00 - 03.11.2025 02:00","-","-","","-","-","","-","-",""
"03.11.2025 02:00 - 03.11.2025 03:00","-","-","","-","-","","-","-",""
"03.11.2025 03:00 - 03.11.2025 04:00","-","-","","-","-","","-","-",""
"03.11.2025 04:00 - 03.11.2025 05:00","-","-","","-","-","","-","-",""
"03.11.2025 05:00 - 03.11.2025 06:00","-","-","","-","-","","-","-",""
"03.11.2025 06:00 - 03.11.2025 07:00","-","-","","-","-","","-","-",""
"03.11.2025 07:00 - 03.11.2025 08:00","-","-","","-","-","","-","-",""
"03.11.2025 08:00 - 03.11.2025 09:00","-","-","","-","-","","-","-",""
"03.11.2025 09:00 - 03.11.2025 10:00","-","-","","-","-","","-","-",""
"03.11.2025 10:00 - 03.11.2025 11:00","-","-","","-","-","","-","-",""
"03.11.2025 11:00 - 03.11.2025 12:00","-","-","","-","-","","-","-",""
"03.11.2025 12:00 - 03.11.2025 13:00","-","-","","-","-","","-","-",""
"03.11.2025 13:00 - 03.11.2025 14:00","-","-","","-","-","","-","-",""
"03.11.2025 14:00 - 03.11.2025 15:00","-","-","","-","-","","-","-",""
"03.11.2025 15:00 - 03.11.2025 16:00","-","-","","-","-","","-","-",""
"03.11.2025 16:00 - 03.11.2025 17:00","-","-","","-","-","","-","-",""
"03.11.2025 17:00 - 03.11.2025 18:00","-","-","","-","-","","-","-",""
"03.11.2025 18:00 - 03.11.2025 19:00","-","-","","-","-","","-","-",""
"03.11.2025 19:00 - 03.11.2025 20:00","-","-","","-","-","","-","-",""
"03.11.2025 20:00 - 03.11.2025 21:00","-","-","","-","-","","-","-",""
"03.11.2025 21:00 - 03.11.2025 22:00","-","-","","-","-","","-","-",""
"03.11.2025 22:00 - 03.11.2025 23:00","-","-","","-","-","","-","-",""
"03.11.2025 23:00 - 04.11.2025 00:00","-","-","","-","-","","-","-",""
"04.11.2025 00:00 - 04.11.2025 01:00","-","-","","-","-","","-","-",""
"04.11.2025 01:00 - 04.11.2025 02:00","-","-","","-","-","","-","-",""
"04.11.2025 02:00 - 04.11.2025 03:00","-","-","","-","-","","-","-",""
"04.11.2025 03:00 - 04.11.2025 04:00","-","-","","-","-","","-","-",""
"04.11.2025 04:00 - 04.11.2025 05:00","-","-","","-","-","","-","-",""
"04.11.2025 05:00 - 04.11.2025 06:00","-","-","","-","-","","-","-",""
"04.11.2025 06:00 - 04.11.2025 07:00","-","-","","-","-","","-","-",""
"04.11.2025 07:00 - 04.11.2025 08:00","-","-","","-","-","","-","-",""
"04.11.2025 08:00 - 04.11.2025 09:00","-","-","","-","-","","-","-",""
"04.11.2025 09:00 - 04.11.2025 10:00","-","-","","-","-","","-","-",""
"04.11.2025 10:00 - 04.11.2025 11:00","-","-","","-","-","","-","-",""
"04.11.2025 11:00 - 04.11.2025 12:00","-","-","","-","-","","-","-",""
"04.11.2025 12:00 - 04.11.2025 13:00","-","-","","-","-","","-","-",""
"04.11.2025 13:00 - 04.11.2025 14:00","-","-","","-","-","","-","-",""
"04.11.2025 14:00 - 04.11.2025 15:00","-","-","","-","-","","-","-",""
"04.11.2025 15:00 - 04.11.2025 16:00","-","-","","-","-","","-","-",""
"04.11.2025 16:00 - 04.11.2025 17:00","-","-","","-","-","","-","-",""
"04.11.2025 17:00 - 04.11.2025 18:00","-","-","","-","-","","-","-",""
"04.11.2025 18:00 - 04.11.2025 19:00","-","-","","-","-","","-","-",""
"04.11.2025 19:00 - 04.11.2025 20:00","-","-","","-","-","","-","-",""
"04.11.2025 20:00 - 04.11.2025 21:00","-","-","","-","-","","-","-",""
"04.11.2025 21:00 - 04.11.2025 22:00","-","-","","-","-","","-","-",""
"04.11.2025 22:00 - 04.11.2025 23:00","-","-","","-","-","","-","-",""
"04.11.2025 23:00 - 05.11.2025 00:00","-","-","","-","-","","-","-",""
"05.11.2025 00:00 - 05.11.2025 01:00","-","-","","-","-","","-","-",""
"05.11.2025 01:00 - 05.11.2025 02:00","-","-","","-","-","","-","-",""
"05.11.2025 02:00 - 05.11.2025 03:00","-","-","","-","-","","-","-",""
"05.11.2025 03:00 - 05.11.2025 04:00","-","-","","-","-","","-","-",""
"05.11.2025 04:00 - 05.11.2025 05:00","-","-","","-","-","","-","-",""
"05.11.2025 05:00 - 05.11.2025 06:00","-","-","","-","-","","-","-",""
"05.11.2025 06:00 - 05.11.2025 07:00","-","-","","-","-","","-","-",""
"05.11.2025 07:00 - 05.11.2025 08:00","-","-","","-","-","","-","-",""
"05.11.2025 08:00 - 05.11.2025 09:00","-","-","","-","-","","-","-",""
"05.11.2025 09:00 - 05.11.2025 10:00","-","-","","-","-","","-","-",""
"05.11.2025 10:00 - 05.11.2025 11:00","-","-","","-","-","","-","-",""
"05.11.2025 11:00 - 05.11.2025 12:00","-","-","","-","-","","-","-",""
"05.11.2025 12:00 - 05.11.2025 13:00","-","-","","-","-","","-","-",""
"05.11.2025 13:00 - 05.11.2025 14:00","-","-","","-","-","","-","-",""
"05.11.2025 14:00 - 05.11.2025 15:00","-","-","","-","-","","-","-",""
"05.11.2025 15:00 - 05.11.2025 16:00","-","-","","-","-","","-","-",""
"05.11.2025 16:00 - 05.11.2025 17:00","-","-","","-","-","","-","-",""
"05.11.2025 17:00 - 05.11.2025 18:00","-","-","","-","-","","-","-",""
"05.11.2025 18:00 - 05.11.2025 19:00","-","-","","-","-","","-","-",""
"05.11.2025 19:00 - 05.11.2025 20:00","-","-","","-","-","","-","-",""
"05.11.2025 20:00 - 05.11.2025 21:00","-","-","","-","-","","-","-",""
"05.11.2025 21:00 - 05.11.2025 22:00","-","-","","-","-","","-","-",""
"05.11.2025 22:00 - 05.11.2025 23:00","-","-","","-","-","","-","-",""
"05.11.2025 23:00 - 06.11.2025 00:00","-","-","","-","-","","-","-",""
"06.11.2025 00:00 - 06.11.2025 01:00","-","-","","-","-","","-","-",""
"06.11.2025 01:00 - 06.11.2025 02:00","-","-","","-","-","","-","-",""
"06.11.2025 02:00 - 06.11.2025 03:00","-","-","","-","-","","-","-",""
"06.11.2025 03:00 - 06.11.2025 04:00","-","-","","-","-","","-","-",""
"06.11.2025 04:00 - 06.11.2025 05:00","-","-","","-","-","","-","-",""
"06.11.2025 05:00 - 06.11.2025 06:00","-","-","","-","-","","-","-",""
"06.11.2025 06:00 - 06.11.2025 07:00","-","-","","-","-","","-","-",""
"06.11.2025 07:00 - 06.11.2025 08:00","-","-","","-","-","","-","-",""
"06.11.2025 08:00 - 06.11.2025 09:00","-","-","","-","-","","-","-",""
"06.11.2025 09:00 - 06.11.2025 10:00","-","-","","-","-","","-","-",""
"06.11.2025 10:00 - 06.11.2025 11:00","-","-","","-","-","","-","-",""
"06.11.2025 11:00 - 06.11.2025 12:00","-","-","","-","-","","-","-",""
"06.11.2025 12:00 - 06.11.2025 13:00","-","-","","-","-","","-","-",""
"06.11.2025 13:00 - 06.11.2025 14:00","-","-","","-","-","","-","-",""
"06.11.2025 14:00 - 06.11.2025 15:00","-","-","","-","-","","-","-",""
"06.11.2025 15:00 - 06.11.2025 16:00","-","-","","-","-","","-","-",""
"06.11.2025 16:00 - 06.11.2025 17:00","-","-","","-","-","","-","-",""
"06.11.2025 17:00 - 06.11.2025 18:00","-","-","","-","-","","-","-",""
"06.11.2025 18:00 - 06.11.2025 19:00","-","-","","-","-","","-","-",""
"06.11.2025 19:00 - 06.11.2025 20:00","-","-","","-","-","","-","-",""
"06.11.2025 20:00 - 06.11.2025 21:00","-","-","","-","-","","-","-",""
"06.11.2025 21:00 - 06.11.2025 22:00","-","-","","-","-","","-","-",""
"06.11.2025 22:00 - 06.11.2025 23:00","-","-","","-","-","","-","-",""
"06.11.2025 23:00 - 07.11.2025 00:00","-","-","","-","-","","-","-",""
"07.11.2025 00:00 - 07.11.2025 01:00","-","-","","-","-","","-","-",""
"07.11.2025 01:00 - 07.11.2025 02:00","-","-","","-","-","","-","-",""
"07.11.2025 02:00 - 07.11.2025 03:00","-","-","","-","-","","-","-",""
"07.11.2025 03:00 - 07.11.2025 04:00","-","-","","-","-","","-","-",""
"07.11.2025 04:00 - 07.11.2025 05:00","-","-","","-","-","","-","-",""
"07.11.2025 05:00 - 07.11.2025 06:00","-","-","","-","-","","-","-",""
"07.11.2025 06:00 - 07.11.2025 07:00","-","-","","-","-","","-","-",""
"07.11.2025 07:00 - 07.11.2025 08:00","-","-","","-","-","","-","-",""
"07.11.2025 08:00 - 07.11.2025 09:00","-","-","","-","-","","-","-",""
"07.11.2025 09:00 - 07.11.2025 10:00","-","-","","-","-","","-","-",""
"07.11.2025 10:00 - 07.11.2025 11:00","-","-","","-","-","","-","-",""
"07.11.2025 11:00 - 07.11.2025 12:00","-","-","","-","-","","-","-",""
"07.11.2025 12:00 - 07.11.2025 13:00","-","-","","-","-","","-","-",""
"07.11.2025 13:00 - 07.11.2025 14:00","-","-","","-","-","","-","-",""
"07.11.2025 14:00 - 07.11.2025 15:00","-","-","","-","-","","-","-",""
"07.11.2025 15:00 - 07.11.2025 16:00","-","-","","-","-","","-","-",""
"07.11.2025 16:00 - 07.11.2025 17:00","-","-","","-","-","","-","-",""
"07.11.2025 17:00 - 07.11.2025 18:00","-","-","","-","-","","-","-",""
"07.11.2025 18:00 - 07.11.2025 19:00","-","-","","-","-","","-","-",""
"07.11.2025 19:00 - 07.11.2025 20:00","-","-","","-","-","","-","-",""
"07.11.2025 20:00 - 07.11.2025 21:00","-","-","","-","-","","-","-",""
"07.11.2025 21:00 - 07.11.2025 22:00","-","-","","-","-","","-","-",""
"07.11.2025 22:00 - 07.11.2025 23:00","-","-","","-","-","","-","-",""
"07.11.2025 23:00 - 08.11.2025 00:00","-","-","","-","-","","-","-",""
"08.11.2025 00:00 - 08.11.2025 01:00","-","-","","-","-","","-","-",""
"08.11.2025 01:00 - 08.11.2025 02:00","-","-","","-","-","","-","-",""
"08.11.2025 02:00 - 08.11.2025 03:00","-","-","","-","-","","-","-",""
"08.11.2025 03:00 - 08.11.2025 04:00","-","-","","-","-","","-","-",""
"08.11.2025 04:00 - 08.11.2025 05:00","-","-","","-","-","","-","-",""
"08.11.2025 05:00 - 08.11.2025 06:00","-","-","","-","-","","-","-",""
"08.11.2025 06:00 - 08.11.2025 07:00","-","-","","-","-","","-","-",""
"08.11.2025 07:00 - 08.11.2025 08:00","-","-","","-","-","","-","-",""
"08.11.2025 08:00 - 08.11.2025 09:00","-","-","","-","-","","-","-",""
"08.11.2025 09:00 - 08.11.2025 10:00","-","-","","-","-","","-","-",""
"08.11.2025 10:00 - 08.11.2025 11:00","-","-","","-","-","","-","-",""
"08.11.2025 11:00 - 08.11.2025 12:00","-","-","","-","-","","-","-",""
"08.11.2025 12:00 - 08.11.2025 13:00","-","-","","-","-","","-","-",""
"08.11.2025 13:00 - 08.11.2025 14:00","-","-","","-","-","","-","-",""
"08.11.2025 14:00 - 08.11.2025 15:00","-","-","","-","-","","-","-",""
"08.11.2025 15:00 - 08.11.2025 16:00","-","-","","-","-","","-","-",""
"08.11.2025 16:00 - 08.11.2025 17:00","-","-","","-","-","","-","-",""
"08.11.2025 17:00 - 08.11.2025 18:00","-","-","","-","-","","-","-",""
"08.11.2025 18:00 - 08.11.2025 19:00","-","-","","-","-","","-","-",""
"08.11.2025 19:00 - 08.11.2025 20:00","-","-","","-","-","","-","-",""
"08.11.2025 20:00 - 08.11.2025 21:00","-","-","","-","-","","-","-",""
"08.11.2025 21:00 - 08.11.2025 22:00","-","-","","-","-","","-","-",""
"08.11.2025 22:00 - 08.11.2025 23:00","-","-","","-","-","","-","-",""
"08.11.2025 23:00 - 09.11.2025 00:00","-","-","","-","-","","-","-",""
"09.11.2025 00:00 - 09.11.2025 01:00","-","-","","-","-","","-","-",""
"09.11.2025 01:00 - 09.11.2025 02:00","-","-","","-","-","","-","-",""
"09.11.2025 02:00 - 09.11.2025 03:00","-","-","","-","-","","-","-",""
"09.11.2025 03:00 - 09.11.2025 04:00","-","-","","-","-","","-","-",""
"09.11.2025 04:00 - 09.11.2025 05:00","-","-","","-","-","","-","-",""
"09.11.2025 05:00 - 09.11.2025 06:00","-","-","","-","-","","-","-",""
"09.11.2025 06:00 - 09.11.2025 07:00","-","-","","-","-","","-","-",""
"09.11.2025 07:00 - 09.11.2025 08:00","-","-","","-","-","","-","-",""
"09.11.2025 08:00 - 09.11.2025 09:00","-","-","","-","-","","-","-",""
"09.11.2025 09:00 - 09.11.2025 10:00","-","-","","-","-","","-","-",""
"09.11.2025 10:00 - 09.11.2025 11:00","-","-","","-","-","","-","-",""
"09.11.2025 11:00 - 09.11.2025 12:00","-","-","","-","-","","-","-",""
"09.11.2025 12:00 - 09.11.2025 13:00","-","-","","-","-","","-","-",""
"09.11.2025 13:00 - 09.11.2025 14:00","-","-","","-","-","","-","-",""
"09.11.2025 14:00 - 09.11.2025 15:00","-","-","","-","-","","-","-",""
"09.11.2025 15:00 - 09.11.2025 16:00","-","-","","-","-","","-","-",""
"09.11.2025 16:00 - 09.11.2025 17:00","-","-","","-","-","","-","-",""
"09.11.2025 17:00 - 09.11.2025 18:00","-","-","","-","-","","-","-",""
"09.11.2025 18:00 - 09.11.2025 19:00","-","-","","-","-","","-","-",""
"09.11.2025 19:00 - 09.11.2025 20:00","-","-","","-","-","","-","-",""
"09.11.2025 20:00 - 09.11.2025 21:00","-","-","","-","-","","-","-",""
"09.11.2025 21:00 - 09.11.2025 22:00","-","-","","-","-","","-","-",""
"09.11.2025 22:00 - 09.11.2025 23:00","-","-","","-","-","","-","-",""
"09.11.2025 23:00 - 10.11.2025 00:00","-","-","","-","-","","-","-",""
"10.11.2025 00:00 - 10.11.2025 01:00","-","-","","-","-","","-","-",""
"10.11.2025 01:00 - 10.11.2025 02:00","-","-","","-","-","","-","-",""
"10.11.2025 02:00 - 10.11.2025 03:00","-","-","","-","-","","-","-",""
"10.11.2025 03:00 - 10.11.2025 04:00","-","-","","-","-","","-","-",""
"10.11.2025 04:00 - 10.11.2025 05:00","-","-","","-","-","","-","-",""
"10.11.2025 05:00 - 10.11.2025 06:00","-","-","","-","-","","-","-",""
"10.11.2025 06:00 - 10.11.2025 07:00","-","-","","-","-","","-","-",""
"10.11.2025 07:00 - 10.11.2025 08:00","-","-","","-","-","","-","-",""
"10.11.2025 08:00 - 10.11.2025 09:00","-","-","","-","-","","-","-",""
"10.11.2025 09:00 - 10.11.2025 10:00","-","-","","-","-","","-","-",""
"10.11.2025 10:00 - 10.11.2025 11:00","-","-","","-","-","","-","-",""
"10.11.2025 11:00 - 10.11.2025 12:00","-","-","","-","-","","-","-",""
"10.11.2025 12:00 - 10.11.2025 13:00","-","-","","-","-","","-","-",""
"10.11.2025 13:00 - 10.11.2025 14:00","-","-","","-","-","","-","-",""
"10.11.2025 14:00 - 10.11.2025 15:00","-","-","","-","-","","-","-",""
"10.11.2025 15:00 - 10.11.2025 16:00","-","-","","-","-","","-","-",""
"10.11.2025 16:00 - 10.11.2025 17:00","-","-","","-","-","","-","-",""
"10.11.2025 17:00 - 10.11.2025 18:00","-","-","","-","-","","-","-",""
"10.11.2025 18:00 - 10.11.2025 19:00","-","-","","-","-","","-","-",""
"10.11.2025 19:00 - 10.11.2025 20:00","-","-","","-","-","","-","-",""
"10.11.2025 20:00 - 10.11.2025 21:00","-","-","","-","-","","-","-",""
"10.11.2025 21:00 - 10.11.2025 22:00","-","-","","-","-","","-","-",""
"10.11.2025 22:00 - 10.11.2025 23:00","-","-","","-","-","","-","-",""
"10.11.2025 23:00 - 11.11.2025 00:00","-","-","","-","-","","-","-",""
"11.11.2025 00:00 - 11.11.2025 01:00","-","-","","-","-","","-","-",""
"11.11.2025 01:00 - 11.11.2025 02:00","-","-","","-","-","","-","-",""
"11.11.2025 02:00 - 11.11.2025 03:00","-","-","","-","-","","-","-",""
"11.11.2025 03:00 - 11.11.2025 04:00","-","-","","-","-","","-","-",""
"11.11.2025 04:00 - 11.11.2025 05:00","-","-","","-","-","","-","-",""
"11.11.2025 05:00 - 11.11.2025 06:00","-","-","","-","-","","-","-",""
"11.11.2025 06:00 - 11.11.2025 07:00","-","-","","-","-","","-","-",""
"11.11.2025 07:00 - 11.11.2025 08:00","-","-","","-","-","","-","-",""
"11.11.2025 08:00 - 11.11.2025 09:00","-","-","","-","-","","-","-",""
"11.11.2025 09:00 - 11.11.2025 10:00","-","-","","-","-","","-","-",""
"11.11.2025 10:00 - 11.11.2025 11:00","-","-","","-","-","","-","-",""
"11.11.2025 11:00 - 11.11.2025 12:00","-","-","","-","-","","-","-",""
"11.11.2025 12:00 - 11.11.2025 13:00","-","-","","-","-","","-","-",""
"11.11.2025 13:00 - 11.11.2025 14:00","-","-","","-","-","","-","-",""
"11.11.2025 14:00 - 11.11.2025 15:00","-","-","","-","-","","-","-",""
"11.11.2025 15:00 - 11.11.2025 16:00","-","-","","-","-","","-","-",""
"11.11.2025 16:00 - 11.11.2025 17:00","-","-","","-","-","","-","-",""
"11.11.2025 17:00 - 11.11.2025 18:00","-","-","","-","-","","-","-",""
"11.11.2025 18:00 - 11.11.2025 19:00","-","-","","-","-","","-","-",""
"11.11.2025 19:00 - 11.11.2025 20:00","-","-","","-","-","","-","-",""
"11.11.2025 20:00 - 11.11.2025 21:00","-","-","","-","-","","-","-",""
"11.11.2025 21:00 - 11.11.2025 22:00","-","-","","-","-","","-","-",""
"11.11.2025 22:00 - 11.11.2025 23:00","-","-","","-","-","","-","-",""
"11.11.2025 23:00 - 12.11.2025 00:00","-","-","","-","-","","-","-",""
"12.11.2025 00:00 - 12.11.2025 01:00","-","-","","-","-","","-","-",""
"12.11.2025 01:00 - 12.11.2025 02:00","-","-","","-","-","","-","-",""
"12.11.2025 02:00 - 12.11.2025 03:00","-","-","","-","-","","-","-",""
"12.11.2025 03:00 - 12.11.2025 04:00","-","-","","-","-","","-","-",""
"12.11.2025 04:00 - 12.11.2025 05:00","-","-","","-","-","","-","-",""
"12.11.2025 05:00 - 12.11.2025 06:00","-","-","","-","-","","-","-",""
"12.11.2025 06:00 - 12.11.2025 07:00","-","-","","-","-","","-","-",""
"12.11.2025 07:00 - 12.11.2025 08:00","-","-","","-","-","","-","-",""
"12.11.2025 08:00 - 12.11.2025 09:00","-","-","","-","-","","-","-",""
"12.11.2025 09:00 - 12.11.2025 10:00","-","-","","-","-","","-","-",""
"12.11.2025 10:00 - 12.11.2025 11:00","-","-","","-","-","","-","-",""
"12.11.2025 11:00 - 12.11.2025 12:00","-","-","","-","-","","-","-",""
"12.11.2025 12:00 - 12.11.2025 13:00","-","-","","-","-","","-","-",""
"12.11.2025 13:00 - 12.11.2025 14:00","-","-","","-","-","","-","-",""
"12.11.2025 14:00 - 12.11.2025 15:00","-","-","","-","-","","-","-",""
"12.11.2025 15:00 - 12.11.2025 16:00","-","-","","-","-","","-","-",""
"12.11.2025 16:00 - 12.11.2025 17:00","-","-","","-","-","","-","-",""
"12.11.2025 17:00 - 12.11.2025 18:00","-","-","","-","-","","-","-",""
"12.11.2025 18:00 - 12.11.2025 19:00","-","-","","-","-","","-","-",""
"12.11.2025 19:00 - 12.11.2025 20:00","-","-","","-","-","","-","-",""
"12.11.2025 20:00 - 12.11.2025 21:00","-","-","","-","-","","-","-",""
"12.11.2025 21:00 - 12.11.2025 22:00","-","-","","-","-","","-","-",""
"12.11.2025 22:00 - 12.11.2025 23:00","-","-","","-","-","","-","-",""
"12.11.2025 23:00 - 13.11.2025 00:00","-","-","","-","-","","-","-",""
"13.11.2025 00:00 - 13.11.2025 01:00","-","-","","-","-","","-","-",""
"13.11.2025 01:00 - 13.11.2025 02:00","-","-","","-","-","","-","-",""
"13.11.2025 02:00 - 13.11.2025 03:00","-","-","","-","-","","-","-",""
"13.11.2025 03:00 - 13.11.2025 04:00","-","-","","-","-","","-","-",""
"13.11.2025 04:00 - 13.11.2025 05:00","-","-","","-","-","","-","-",""
"13.11.2025 05:00 - 13.11.2025 06:00","-","-","","-","-","","-","-",""
"13.11.2025 06:00 - 13.11.2025 07:00","-","-","","-","-","","-","-",""
"13.11.2025 07:00 - 13.11.2025 08:00","-","-","","-","-","","-","-",""
"13.11.2025 08:00 - 13.11.2025 09:00","-","-","","-","-","","-","-",""
"13.11.2025 09:00 - 13.11.2025 10:00","-","-","","-","-","","-","-",""
"13.11.2025 10:00 - 13.11.2025 11:00","-","-","","-","-","","-","-",""
"13.11.2025 11:00 - 13.11.2025 12:00","-","-","","-","-","","-","-",""
"13.11.2025 12:00 - 13.11.2025 13:00","-","-","","-","-","","-","-",""
"13.11.2025 13:00 - 13.11.2025 14:00","-","-","","-","-","","-","-",""
"13.11.2025 14:00 - 13.11.2025 15:00","-","-","","-","-","","-","-",""
"13.11.2025 15:00 - 13.11.2025 16:00","-","-","","-","-","","-","-",""
"13.11.2025 16:00 - 13.11.2025 17:00","-","-","","-","-","","-","-",""
"13.11.2025 17:00 - 13.11.2025 18:00","-","-","","-","-","","-","-",""
"13.11.2025 18:00 - 13.11.2025 19:00","-","-","","-","-","","-","-",""
"13.11.2025 19:00 - 13.11.2025 20:00","-","-","","-","-","","-","-",""
"13.11.2025 20:00 - 13.11.2025 21:00","-","-","","-","-","","-","-",""
"13.11.2025 21:00 - 13.11.2025 22:00","-","-","","-","-","","-","-",""
"13.11.2025 22:00 - 13.11.2025 23:00","-","-","","-","-","","-","-",""
"13.11.2025 23:00 - 14.11.2025 00:00","-","-","","-","-","","-","-",""
"14.11.2025 00:00 - 14.11.2025 01:00","-","-","","-","-","","-","-",""
"14.11.2025 01:00 - 14.11.2025 02:00","-","-","","-","-","","-","-",""
"14.11.2025 02:00 - 14.11.2025 03:00","-","-","","-","-","","-","-",""
"14.11.2025 03:00 - 14.11.2025 04:00","-","-","","-","-","","-","-",""
"14.11.2025 04:00 - 14.11.2025 05:00","-","-","","-","-","","-","-",""
"14.11.2025 05:00 - 14.11.2025 06:00","-","-","","-","-","","-","-",""
"14.11.2025 06:00 - 14.11.2025 07:00","-","-","","-","-","","-","-",""
"14.11.2025 07:00 - 14.11.2025 08:00","-","-","","-","-","","-","-",""
"14.11.2025 08:00 - 14.11.2025 09:00","-","-","","-","-","","-","-",""
"14.11.2025 09:00 - 14.11.2025 10:00","-","-","","-","-","","-","-",""
"14.11.2025 10:00 - 14.11.2025 11:00","-","-","","-","-","","-","-",""
"14.11.2025 11:00 - 14.11.2025 12:00","-","-","","-","-","","-","-",""
"14.11.2025 12:00 - 14.11.2025 13:00","-","-","","-","-","","-","-",""
"14.11.2025 13:00 - 14.11.2025 14:00","-","-","","-","-","","-","-",""
"14.11.2025 14:00 - 14.11.2025 15:00","-","-","","-","-","","-","-",""
"14.11.2025 15:00 - 14.11.2025 16:00","-","-","","-","-","","-","-",""
"14.11.2025 16:00 - 14.11.2025 17:00","-","-","","-","-","","-","-",""
"14.11.2025 17:00 - 14.11.2025 18:00","-","-","","-","-","","-","-",""
"14.11.2025 18:00 - 14.11.2025 19:00","-","-","","-","-","","-","-",""
"14.11.2025 19:00 - 14.11.2025 20:00","-","-","","-","-","","-","-",""
"14.11.2025 20:00 - 14.11.2025 21:00","-","-","","-","-","","-","-",""
"14.11.2025 21:00 - 14.11.2025 22:00","-","-","","-","-","","-","-",""
"14.11.2025 22:00 - 14.11.2025 23:00","-","-","","-","-","","-","-",""
"14.11.2025 23:00 - 15.11.2025 00:00","-","-","","-","-","","-","-",""
"15.11.2025 00:00 - 15.11.2025 01:00","-","-","","-","-","","-","-",""
"15.11.2025 01:00 - 15.11.2025 02:00","-","-","","-","-","","-","-",""
"15.11.2025 02:00 - 15.11.2025 03:00","-","-","","-","-","","-","-",""
"15.11.2025 03:00 - 15.11.2025 04:00","-","-","","-","-","","-","-",""
"15.11.2025 04:00 - 15.11.2025 05:00","-","-","","-","-","","-","-",""
"15.11.2025 05:00 - 15.11.2025 06:00","-","-","","-","-","","-","-",""
"15.11.2025 06:00 - 15.11.2025 07:00","-","-","","-","-","","-","-",""
"15.11.2025 07:00 - 15.11.2025 08:00","-","-","","-","-","","-","-",""
"15.11.2025 08:00 - 15.11.2025 09:00","-","-","","-","-","","-","-",""
"15.11.2025 09:00 - 15.11.2025 10:00","-","-","","-","-","","-","-",""
"15.11.2025 10:00 - 15.11.2025 11:00","-","-","","-","-","","-","-",""
"15.11.2025 11:00 - 15.11.2025 12:00","-","-","","-","-","","-","-",""
"15.11.2025 12:00 - 15.11.2025 13:00","-","-","","-","-","","-","-",""
"15.11.2025 13:00 - 15.11.2025 14:00","-","-","","-","-","","-","-",""
"15.11.2025 14:00 - 15.11.2025 15:00","-","-","","-","-","","-","-",""
"15.11.2025 15:00 - 15.11.2025 16:00","-","-","","-","-","","-","-",""
"15.11.2025 16:00 - 15.11.2025 17:00","-","-","","-","-","","-","-",""
"15.11.2025 17:00 - 15.11.2025 18:00","-","-","","-","-","","-","-",""
"15.11.2025 18:00 - 15.11.2025 19:00","-","-","","-","-","","-","-",""
"15.11.2025 19:00 - 15.11.2025 20:00","-","-","","-","-","","-","-",""
"15.11.2025 20:00 - 15.11.2025 21:00","-","-","","-","-","","-","-",""
"15.11.2025 21:00 - 15.11.2025 22:00","-","-","","-","-","","-","-",""
"15.11.2025 22:00 - 15.11.2025 23:00","-","-","","-","-","","-","-",""
"15.11.2025 23:00 - 16.11.2025 00:00","-","-","","-","-","","-","-",""
"16.11.2025 00:00 - 16.11.2025 01:00","-","-","","-","-","","-","-",""
"16.11.2025 01:00 - 16.11.2025 02:00","-","-","","-","-","","-","-",""
"16.11.2025 02:00 - 16.11.2025 03:00","-","-","","-","-","","-","-",""
"16.11.2025 03:00 - 16.11.2025 04:00","-","-","","-","-","","-","-",""
"16.11.2025 04:00 - 16.11.2025 05:00","-","-","","-","-","","-","-",""
"16.11.2025 05:00 - 16.11.2025 06:00","-","-","","-","-","","-","-",""
"16.11.2025 06:00 - 16.11.2025 07:00","-","-","","-","-","","-","-",""
"16.11.2025 07:00 - 16.11.2025 08:00","-","-","","-","-","","-","-",""
"16.11.2025 08:00 - 16.11.2025 09:00","-","-","","-","-","","-","-",""
"16.11.2025 09:00 - 16.11.2025 10:00","-","-","","-","-","","-","-",""
"16.11.2025 10:00 - 16.11.2025 11:00","-","-","","-","-","","-","-",""
"16.11.2025 11:00 - 16.11.2025 12:00","-","-","","-","-","","-","-",""
"16.11.2025 12:00 - 16.11.2025 13:00","-","-","","-","-","","-","-",""
"16.11.2025 13:00 - 16.11.2025 14:00","-","-","","-","-","","-","-",""
"16.11.2025 14:00 - 16.11.2025 15:00","-","-","","-","-","","-","-",""
"16.11.2025 15:00 - 16.11.2025 16:00","-","-","","-","-","","-","-",""
"16.11.2025 16:00 - 16.11.2025 17:00","-","-","","-","-","","-","-",""
"16.11.2025 17:00 - 16.11.2025 18:00","-","-","","-","-","","-","-",""
"16.11.2025 18:00 - 16.11.2025 19:00","-","-","","-","-","","-","-",""
"16.11.2025 19:00 - 16.11.2025 20:00","-","-","","-","-","","-","-",""
"16.11.2025 20:00 - 16.11.2025 21:00","-","-","","-","-","","-","-",""
"16.11.2025 21:00 - 16.11.2025 22:00","-","-","","-","-","","-","-",""
"16.11.2025 22:00 - 16.11.2025 23:00","-","-","","-","-","","-","-",""
"16.11.2025 23:00 - 17.11.2025 00:00","-","-","","-","-","","-","-",""
"17.11.2025 00:00 - 17.11.2025 01:00","-","-","","-","-","","-","-",""
"17.11.2025 01:00 - 17.11.2025 02:00","-","-","","-","-","","-","-",""
"17.11.2025 02:00 - 17.11.2025 03:00","-","-","","-","-","","-","-",""
"17.11.2025 03:00 - 17.11.2025 04:00","-","-","","-","-","","-","-",""
"17.11.2025 04:00 - 17.11.2025 05:00","-","-","","-","-","","-","-",""
"17.11.2025 05:00 - 17.11.2025 06:00","-","-","","-","-","","-","-",""
"17.11.2025 06:00 - 17.11.2025 07:00","-","-","","-","-","","-","-",""
"17.11.2025 07:00 - 17.11.2025 08:00","-","-","","-","-","","-","-",""
"17.11.2025 08:00 - 17.11.2025 09:00","-","-","","-","-","","-","-",""
"17.11.2025 09:00 - 17.11.2025 10:00","-","-","","-","-","","-","-",""
"17.11.2025 10:00 - 17.11.2025 11:00","-","-","","-","-","","-","-",""
"17.11.2025 11:00 - 17.11.2025 12:00","-","-","","-","-","","-","-",""
"17.11.2025 12:00 - 17.11.2025 13:00","-","-","","-","-","","-","-",""
"17.11.2025 13:00 - 17.11.2025 14:00","-","-","","-","-","","-","-",""
"17.11.2025 14:00 - 17.11.2025 15:00","-","-","","-","-","","-","-",""
"17.11.2025 15:00 - 17.11.2025 16:00","-","-","","-","-","","-","-",""
"17.11.2025 16:00 - 17.11.2025 17:00","-","-","","-","-","","-","-",""
"17.11.2025 17:00 - 17.11.2025 18:00","-","-","","-","-","","-","-",""
"17.11.2025 18:00 - 17.11.2025 19:00","-","-","","-","-","","-","-",""
"17.11.2025 19:00 - 17.11.2025 20:00","-","-","","-","-","","-","-",""
"17.11.2025 20:00 - 17.11.2025 21:00","-","-","","-","-","","-","-",""
"17.11.2025 21:00 - 17.11.2025 22:00","-","-","","-","-","","-","-",""
"17.11.2025 22:00 - 17.11.2025 23:00","-","-","","-","-","","-","-",""
"17.11.2025 23:00 - 18.11.2025 00:00","-","-","","-","-","","-","-",""
"18.11.2025 00:00 - 18.11.2025 01:00","-","-","","-","-","","-","-",""
"18.11.2025 01:00 - 18.11.2025 02:00","-","-","","-","-","","-","-",""
"18.11.2025 02:00 - 18.11.2025 03:00","-","-","","-","-","","-","-",""
"18.11.2025 03:00 - 18.11.2025 04:00","-","-","","-","-","","-","-",""
"18.11.2025 04:00 - 18.11.2025 05:00","-","-","","-","-","","-","-",""
"18.11.2025 05:00 - 18.11.2025 06:00","-","-","","-","-","","-","-",""
"18.11.2025 06:00 - 18.11.2025 07:00","-","-","","-","-","","-","-",""
"18.11.2025 07:00 - 18.11.2025 08:00","-","-","","-","-","","-","-",""
"18.11.2025 08:00 - 18.11.2025 09:00","-","-","","-","-","","-","-",""
"18.11.2025 09:00 - 18.11.2025 10:00","-","-","","-","-","","-","-",""
"18.11.2025 10:00 - 18.11.2025 11:00","-","-","","-","-","","-","-",""
"18.11.2025 11:00 - 18.11.2025 12:00","-","-","","-","-","","-","-",""
"18.11.2025 12:00 - 18.11.2025 13:00","-","-","","-","-","","-","-",""
"18.11.2025 13:00 - 18.11.2025 14:00","-","-","","-","-","","-","-",""
"18.11.2025 14:00 - 18.11.2025 15:00","-","-","","-","-","","-","-",""
"18.11.2025 15:00 - 18.11.2025 16:00","-","-","","-","-","","-","-",""
"18.11.2025 16:00 - 18.11.2025 17:00","-","-","","-","-","","-","-",""
"18.11.2025 17:00 - 18.11.2025 18:00","-","-","","-","-","","-","-",""
"18.11.2025 18:00 - 18.11.2025 19:00","-","-","","-","-","","-","-",""
"18.11.2025 19:00 - 18.11.2025 20:00","-","-","","-","-","","-","-",""
"18.11.2025 20:00 - 18.11.2025 21:00","-","-","","-","-","","-","-",""
"18.11.2025 21:00 - 18.11.2025 22:00","-","-","","-","-","","-","-",""
"18.11.2025 22:00 - 18.11.2025 23:00","-","-","","-","-","","-","-",""
"18.11.2025 23:00 - 19.11.2025 00:00","-","-","","-","-","","-","-",""
"19.11.2025 00:00 - 19.11.2025 01:00","-","-","","-","-","","-","-",""
"19.11.2025 01:00 - 19.11.2025 02:00","-","-","","-","-","","-","-",""
"19.11.2025 02:00 - 19.11.2025 03:00","-","-","","-","-","","-","-",""
"19.11.2025 03:00 - 19.11.2025 04:00","-","-","","-","-","","-","-",""
"19.11.2025 04:00 - 19.11.2025 05:00","-","-","","-","-","","-","-",""
"19.11.2025 05:00 - 19.11.2025 06:00","-","-","","-","-","","-","-",""
"19.11.2025 06:00 - 19.11.2025 07:00","-","-","","-","-","","-","-",""
"19.11.2025 07:00 - 19.11.2025 08:00","-","-","","-","-","","-","-",""
"19.11.2025 08:00 - 19.11.2025 09:00","-","-","","-","-","","-","-",""
"19.11.2025 09:00 - 19.11.2025 10:00","-","-","","-","-","","-","-",""
"19.11.2025 10:00 - 19.11.2025 11:00","-","-","","-","-","","-","-",""
"19.11.2025 11:00 - 19.11.2025 12:00","-","-","","-","-","","-","-",""
"19.11.2025 12:00 - 19.11.2025 13:00","-","-","","-","-","","-","-",""
"19.11.2025 13:00 - 19.11.2025 14:00","-","-","","-","-","","-","-",""
"19.11.2025 14:00 - 19.11.2025 15:00","-","-","","-","-","","-","-",""
"19.11.2025 15:00 - 19.11.2025 16:00","-","-","","-","-","","-","-",""
"19.11.2025 16:00 - 19.11.2025 17:00","-","-","","-","-","","-","-",""
"19.11.2025 17:00 - 19.11.2025 18:00","-","-","","-","-","","-","-",""
"19.11.2025 18:00 - 19.11.2025 19:00","-","-","","-","-","","-","-",""
"19.11.2025 19:00 - 19.11.2025 20:00","-","-","","-","-","","-","-",""
"19.11.2025 20:00 - 19.11.2025 21:00","-","-","","-","-","","-","-",""
"19.11.2025 21:00 - 19.11.2025 22:00","-","-","","-","-","","-","-",""
"19.11.2025 22:00 - 19.11.2025 23:00","-","-","","-","-","","-","-",""
"19.11.2025 23:00 - 20.11.2025 00:00","-","-","","-","-","","-","-",""
"20.11.2025 00:00 - 20.11.2025 01:00","-","-","","-","-","","-","-",""
"20.11.2025 01:00 - 20.11.2025 02:00","-","-","","-","-","","-","-",""
"20.11.2025 02:00 - 20.11.2025 03:00","-","-","","-","-","","-","-",""
"20.11.2025 03:00 - 20.11.2025 04:00","-","-","","-","-","","-","-",""
"20.11.2025 04:00 - 20.11.2025 05:00","-","-","","-","-","","-","-",""
"20.11.2025 05:00 - 20.11.2025 06:00","-","-","","-","-","","-","-",""
"20.11.2025 06:00 - 20.11.2025 07:00","-","-","","-","-","","-","-",""
"20.11.2025 07:00 - 20.11.2025 08:00","-","-","","-","-","","-","-",""
"20.11.2025 08:00 - 20.11.2025 09:00","-","-","","-","-","","-","-",""
"20.11.2025 09:00 - 20.11.2025 10:00","-","-","","-","-","","-","-",""
"20.11.2025 10:00 - 20.11.2025 11:00","-","-","","-","-","","-","-",""
"20.11.2025 11:00 - 20.11.2025 12:00","-","-","","-","-","","-","-",""
"20.11.2025 12:00 - 20.11.2025 13:00","-","-","","-","-","","-","-",""
"20.11.2025 13:00 - 20.11.2025 14:00","-","-","","-","-","","-","-",""
"20.11.2025 14:00 - 20.11.2025 15:00","-","-","","-","-","","-","-",""
"20.11.2025 15:00 - 20.11.2025 16:00","-","-","","-","-","","-","-",""
"20.11.2025 16:00 - 20.11.2025 17:00","-","-","","-","-","","-","-",""
"20.11.2025 17:00 - 20.11.2025 18:00","-","-","","-","-","","-","-",""
"20.11.2025 18:00 - 20.11.2025 19:00","-","-","","-","-","","-","-",""
"20.11.2025 19:00 - 20.11.2025 20:00","-","-","","-","-","","-","-",""
"20.11.2025 20:00 - 20.11.2025 21:00","-","-","","-","-","","-","-",""
"20.11.2025 21:00 - 20.11.2025 22:00","-","-","","-","-","","-","-",""
"20.11.2025 22:00 - 20.11.2025 23:00","-","-","","-","-","","-","-",""
"20.11.2025 23:00 - 21.11.2025 00:00","-","-","","-","-","","-","-",""
"21.11.2025 00:00 - 21.11.2025 01:00","-","-","","-","-","","-","-",""
"21.11.2025 01:00 - 21.11.2025 02:00","-","-","","-","-","","-","-",""
"21.11.2025 02:00 - 21.11.2025 03:00","-","-","","-","-","","-","-",""
"21.11.2025 03:00 - 21.11.2025 04:00","-","-","","-","-","","-","-",""
"21.11.2025 04:00 - 21.11.2025 05:00","-","-","","-","-","","-","-",""
"21.11.2025 05:00 - 21.11.2025 06:00","-","-","","-","-","","-","-",""
"21.11.2025 06:00 - 21.11.2025 07:00","-","-","","-","-","","-","-",""
"21.11.2025 07:00 - 21.11.2025 08:00","-","-","","-","-","","-","-",""
"21.11.2025 08:00 - 21.11.2025 09:00","-","-","","-","-","","-","-",""
"21.11.2025 09:00 - 21.11.2025 10:00","-","-","","-","-","","-","-",""
"21.11.2025 10:00 - 21.11.2025 11:00","-","-","","-","-","","-","-",""
"21.11.2025 11:00 - 21.11.2025 12:00","-","-","","-","-","","-","-",""
"21.11.2025 12:00 - 21.11.2025 13:00","-","-","","-","-","","-","-",""
"21.11.2025 13:00 - 21.11.2025 14:00","-","-","","-","-","","-","-",""
"21.11.2025 14:00 - 21.11.2025 15:00","-","-","","-","-","","-","-",""
"21.11.2025 15:00 - 21.11.2025 16:00","-","-","","-","-","","-","-",""
"21.11.2025 16:00 - 21.11.2025 17:00","-","-","","-","-","","-","-",""
"21.11.2025 17:00 - 21.11.2025 18:00","-","-","","-","-","","-","-",""
"21.11.2025 18:00 - 21.11.2025 19:00","-","-","","-","-","","-","-",""
"21.11.2025 19:00 - 21.11.2025 20:00","-","-","","-","-","","-","-",""
"21.11.2025 20:00 - 21.11.2025 21:00","-","-","","-","-","","-","-",""
"21.11.2025 21:00 - 21.11.2025 22:00","-","-","","-","-","","-","-",""
"21.11.2025 22:00 - 21.11.2025 23:00","-","-","","-","-","","-","-",""
"21.11.2025 23:00 - 22.11.2025 00:00","-","-","","-","-","","-","-",""
"22.11.2025 00:00 - 22.11.2025 01:00","-","-","","-","-","","-","-",""
"22.11.2025 01:00 - 22.11.2025 02:00","-","-","","-","-","","-","-",""
"22.11.2025 02:00 - 22.11.2025 03:00","-","-","","-","-","","-","-",""
"22.11.2025 03:00 - 22.11.2025 04:00","-","-","","-","-","","-","-",""
"22.11.2025 04:00 - 22.11.2025 05:00","-","-","","-","-","","-","-",""
"22.11.2025 05:00 - 22.11.2025 06:00","-","-","","-","-","","-","-",""
"22.11.2025 06:00 - 22.11.2025 07:00","-","-","","-","-","","-","-",""
"22.11.2025 07:00 - 22.11.2025 08:00","-","-","","-","-","","-","-",""
"22.11.2025 08:00 - 22.11.2025 09:00","-","-","","-","-","","-","-",""
"22.11.2025 09:00 - 22.11.2025 10:00","-","-","","-","-","","-","-",""
"22.11.2025 10:00 - 22.11.2025 11:00","-","-","","-","-","","-","-",""
"22.11.2025 11:00 - 22.11.2025 12:00","-","-","","-","-","","-","-",""
"22.11.2025 12:00 - 22.11.2025 13:00","-","-","","-","-","","-","-",""
"22.11.2025 13:00 - 22.11.2025 14:00","-","-","","-","-","","-","-",""
"22.11.2025 14:00 - 22.11.2025 15:00","-","-","","-","-","","-","-",""
"22.11.2025 15:00 - 22.11.2025 16:00","-","-","","-","-","","-","-",""
"22.11.2025 16:00 - 22.11.2025 17:00","-","-","","-","-","","-","-",""
"22.11.2025 17:00 - 22.11.2025 18:00","-","-","","-","-","","-","-",""
"22.11.2025 18:00 - 22.11.2025 19:00","-","-","","-","-","","-","-",""
"22.11.2025 19:00 - 22.11.2025 20:00","-","-","","-","-","","-","-",""
"22.11.2025 20:00 - 22.11.2025 21:00","-","-","","-","-","","-","-",""
"22.11.2025 21:00 - 22.11.2025 22:00","-","-","","-","-","","-","-",""
"22.11.2025 22:00 - 22.11.2025 23:00","-","-","","-","-","","-","-",""
"22.11.2025 23:00 - 23.11.2025 00:00","-","-","","-","-","","-","-",""
"23.11.2025 00:00 - 23.11.2025 01:00","-","-","","-","-","","-","-",""
"23.11.2025 01:00 - 23.11.2025 02:00","-","-","","-","-","","-","-",""
"23.11.2025 02:00 - 23.11.2025 03:00","-","-","","-","-","","-","-",""
"23.11.2025 03:00 - 23.11.2025 04:00","-","-","","-","-","","-","-",""
"23.11.2025 04:00 - 23.11.2025 05:00","-","-","","-","-","","-","-",""
"23.11.2025 05:00 - 23.11.2025 06:00","-","-","","-","-","","-","-",""
"23.11.2025 06:00 - 23.11.2025 07:00","-","-","","-","-","","-","-",""
"23.11.2025 07:00 - 23.11.2025 08:00","-","-","","-","-","","-","-",""
"23.11.2025 08:00 - 23.11.2025 09:00","-","-","","-","-","","-","-",""
"23.11.2025 09:00 - 23.11.2025 10:00","-","-","","-","-","","-","-",""
"23.11.2025 10:00 - 23.11.2025 11:00","-","-","","-","-","","-","-",""
"23.11.2025 11:00 - 23.11.2025 12:00","-","-","","-","-","","-","-",""
"23.11.2025 12:00 - 23.11.2025 13:00","-","-","","-","-","","-","-",""
"23.11.2025 13:00 - 23.11.2025 14:00","-","-","","-","-","","-","-",""
"23.11.2025 14:00 - 23.11.2025 15:00","-","-","","-","-","","-","-",""
"23.11.2025 15:00 - 23.11.2025 16:00","-","-","","-","-","","-","-",""
"23.11.2025 16:00 - 23.11.2025 17:00","-","-","","-","-","","-","-",""
"23.11.2025 17:00 - 23.11.2025 18:00","-","-","","-","-","","-","-",""
"23.11.2025 18:00 - 23.11.2025 19:00","-","-","","-","-","","-","-",""
"23.11.2025 19:00 - 23.11.2025 20:00","-","-","","-","-","","-","-",""
"23.11.2025 20:00 - 23.11.2025 21:00","-","-","","-","-","","-","-",""
"23.11.2025 21:00 - 23.11.2025 22:00","-","-","","-","-","","-","-",""
"23.11.2025 22:00 - 23.11.2025 23:00","-","-","","-","-","","-","-",""
"23.11.2025 23:00 - 24.11.2025 00:00","-","-","","-","-","","-","-",""
"24.11.2025 00:00 - 24.11.2025 01:00","-","-","","-","-","","-","-",""
"24.11.2025 01:00 - 24.11.2025 02:00","-","-","","-","-","","-","-",""
"24.11.2025 02:00 - 24.11.2025 03:00","-","-","","-","-","","-","-",""
"24.11.2025 03:00 - 24.11.2025 04:00","-","-","","-","-","","-","-",""
"24.11.2025 04:00 - 24.11.2025 05:00","-","-","","-","-","","-","-",""
"24.11.2025 05:00 - 24.11.2025 06:00","-","-","","-","-","","-","-",""
"24.11.2025 06:00 - 24.11.2025 07:00","-","-","","-","-","","-","-",""
"24.11.2025 07:00 - 24.11.2025 08:00","-","-","","-","-","","-","-",""
"24.11.2025 08:00 - 24.11.2025 09:00","-","-","","-","-","","-","-",""
"24.11.2025 09:00 - 24.11.2025 10:00","-","-","","-","-","","-","-",""
"24.11.2025 10:00 - 24.11.2025 11:00","-","-","","-","-","","-","-",""
"24.11.2025 11:00 - 24.11.2025 12:00","-","-","","-","-","","-","-",""
"24.11.2025 12:00 - 24.11.2025 13:00","-","-","","-","-","","-","-",""
"24.11.2025 13:00 - 24.11.2025 14:00","-","-","","-","-","","-","-",""
"24.11.2025 14:00 - 24.11.2025 15:00","-","-","","-","-","","-","-",""
"24.11.2025 15:00 - 24.11.2025 16:00","-","-","","-","-","","-","-",""
"24.11.2025 16:00 - 24.11.2025 17:00","-","-","","-","-","","-","-",""
"24.11.2025 17:00 - 24.11.2025 18:00","-","-","","-","-","","-","-",""
"24.11.2025 18:00 - 24.11.2025 19:00","-","-","","-","-","","-","-",""
"24.11.2025 19:00 - 24.11.2025 20:00","-","-","","-","-","","-","-",""
"24.11.2025 20:00 - 24.11.2025 21:00","-","-","","-","-","","-","-",""
"24.11.2025 21:00 - 24.11.2025 22:00","-","-","","-","-","","-","-",""
"24.11.2025 22:00 - 24.11.2025 23:00","-","-","","-","-","","-","-",""
"24.11.2025 23:00 - 25.11.2025 00:00","-","-","","-","-","","-","-",""
"25.11.2025 00:00 - 25.11.2025 01:00","-","-","","-","-","","-","-",""
"25.11.2025 01:00 - 25.11.2025 02:00","-","-","","-","-","","-","-",""
"25.11.2025 02:00 - 25.11.2025 03:00","-","-","","-","-","","-","-",""
"25.11.2025 03:00 - 25.11.2025 04:00","-","-","","-","-","","-","-",""
"25.11.2025 04:00 - 25.11.2025 05:00","-","-","","-","-","","-","-",""
"25.11.2025 05:00 - 25.11.2025 06:00","-","-","","-","-","","-","-",""
"25.11.2025 06:00 - 25.11.2025 07:00","-","-","","-","-","","-","-",""
"25.11.2025 07:00 - 25.11.2025 08:00","-","-","","-","-","","-","-",""
"25.11.2025 08:00 - 25.11.2025 09:00","-","-","","-","-","","-","-",""
"25.11.2025 09:00 - 25.11.2025 10:00","-","-","","-","-","","-","-",""
"25.11.2025 10:00 - 25.11.2025 11:00","-","-","","-","-","","-","-",""
"25.11.2025 11:00 - 25.11.2025 12:00","-","-","","-","-","","-","-",""
"25.11.2025 12:00 - 25.11.2025 13:00","-","-","","-","-","","-","-",""
"25.11.2025 13:00 - 25.11.2025 14:00","-","-","","-","-","","-","-",""
"25.11.2025 14:00 - 25.11.2025 15:00","-","-","","-","-","","-","-",""
"25.11.2025 15:00 - 25.11.2025 16:00","-","-","","-","-","","-","-",""
"25.11.2025 16:00 - 25.11.2025 17:00","-","-","","-","-","","-","-",""
"25.11.2025 17:00 - 25.11.2025 18:00","-","-","","-","-","","-","-",""
"25.11.2025 18:00 - 25.11.2025 19:00","-","-","","-","-","","-","-",""
"25.11.2025 19:00 - 25.11.2025 20:00","-","-","","-","-","","-","-",""
"25.11.2025 20:00 - 25.11.2025 21:00","-","-","","-","-","","-","-",""
"25.11.2025 21:00 - 25.11.2025 22:00","-","-","","-","-","","-","-",""
"25.11.2025 22:00 - 25.11.2025 23:00","-","-","","-","-","","-","-",""
"25.11.2025 23:00 - 26.11.2025 00:00","-","-","","-","-","","-","-",""
"26.11.2025 00:00 - 26.11.2025 01:00","-","-","","-","-","","-","-",""
"26.11.2025 01:00 - 26.11.2025 02:00","-","-","","-","-","","-","-",""
"26.11.2025 02:00 - 26.11.2025 03:00","-","-","","-","-","","-","-",""
"26.11.2025 03:00 - 26.11.2025 04:00","-","-","","-","-","","-","-",""
"26.11.2025 04:00 - 26.11.2025 05:00","-","-","","-","-","","-","-",""
"26.11.2025 05:00 - 26.11.2025 06:00","-","-","","-","-","","-","-",""
"26.11.2025 06:00 - 26.11.2025 07:00","-","-","","-","-","","-","-",""
"26.11.2025 07:00 - 26.11.2025 08:00","-","-","","-","-","","-","-",""
"26.11.2025 08:00 - 26.11.2025 09:00","-","-","","-","-","","-","-",""
"26.11.2025 09:00 - 26.11.2025 10:00","-","-","","-","-","","-","-",""
"26.11.2025 10:00 - 26.11.2025 11:00","-","-","","-","-","","-","-",""
"26.11.2025 11:00 - 26.11.2025 12:00","-","-","","-","-","","-","-",""
"26.11.2025 12:00 - 26.11.2025 13:00","-","-","","-","-","","-","-",""
"26.11.2025 13:00 - 26.11.2025 14:00","-","-","","-","-","","-","-",""
"26.11.2025 14:00 - 26.11.2025 15:00","-","-","","-","-","","-","-",""
"26.11.2025 15:00 - 26.11.2025 16:00","-","-","","-","-","","-","-",""
"26.11.2025 16:00 - 26.11.2025 17:00","-","-","","-","-","","-","-",""
"26.11.2025 17:00 - 26.11.2025 18:00","-","-","","-","-","","-","-",""
"26.11.2025 18:00 - 26.11.2025 19:00","-","-","","-","-","","-","-",""
"26.11.2025 19:00 - 26.11.2025 20:00","-","-","","-","-","","-","-",""
"26.11.2025 20:00 - 26.11.2025 21:00","-","-","","-","-","","-","-",""
"26.11.2025 21:00 - 26.11.2025 22:00","-","-","","-","-","","-","-",""
"26.11.2025 22:00 - 26.11.2025 23:00","-","-","","-","-","","-","-",""
"26.11.2025 23:00 - 27.11.2025 00:00","-","-","","-","-","","-","-",""
"27.11.2025 00:00 - 27.11.2025 01:00","-","-","","-","-","","-","-",""
"27.11.2025 01:00 - 27.11.2025 02:00","-","-","","-","-","","-","-",""
"27.11.2025 02:00 - 27.11.2025 03:00","-","-","","-","-","","-","-",""
"27.11.2025 03:00 - 27.11.2025 04:00","-","-","","-","-","","-","-",""
"27.11.2025 04:00 - 27.11.2025 05:00","-","-","","-","-","","-","-",""
"27.11.2025 05:00 - 27.11.2025 06:00","-","-","","-","-","","-","-",""
"27.11.2025 06:00 - 27.11.2025 07:00","-","-","","-","-","","-","-",""
"27.11.2025 07:00 - 27.11.2025 08:00","-","-","","-","-","","-","-",""
"27.11.2025 08:00 - 27.11.2025 09:00","-","-","","-","-","","-","-",""
"27.11.2025 09:00 - 27.11.2025 10:00","-","-","","-","-","","-","-",""
"27.11.2025 10:00 - 27.11.2025 11:00","-","-","","-","-","","-","-",""
"27.11.2025 11:00 - 27.11.2025 12:00","-","-","","-","-","","-","-",""
"27.11.2025 12:00 - 27.11.2025 13:00","-","-","","-","-","","-","-",""
"27.11.2025 13:00 - 27.11.2025 14:00","-","-","","-","-","","-","-",""
"27.11.2025 14:00 - 27.11.2025 15:00","-","-","","-","-","","-","-",""
"27.11.2025 15:00 - 27.11.2025 16:00","-","-","","-","-","","-","-",""
"27.11.2025 16:00 - 27.11.2025 17:00","-","-","","-","-","","-","-",""
"27.11.2025 17:00 - 27.11.2025 18:00","-","-","","-","-","","-","-",""
"27.11.2025 18:00 - 27.11.2025 19:00","-","-","","-","-","","-","-",""
"27.11.2025 19:00 - 27.11.2025 20:00","-","-","","-","-","","-","-",""
"27.11.2025 20:00 - 27.11.2025 21:00","-","-","","-","-","","-","-",""
"27.11.2025 21:00 - 27.11.2025 22:00","-","-","","-","-","","-","-",""
"27.11.2025 22:00 - 27.11.2025 23:00","-","-","","-","-","","-","-",""
"27.11.2025 23:00 - 28.11.2025 00:00","-","-","","-","-","","-","-",""
"28.11.2025 00:00 - 28.11.2025 01:00","-","-","","-","-","","-","-",""
"28.11.2025 01:00 - 28.11.2025 02:00","-","-","","-","-","","-","-",""
"28.11.2025 02:00 - 28.11.2025 03:00","-","-","","-","-","","-","-",""
"28.11.2025 03:00 - 28.11.2025 04:00","-","-","","-","-","","-","-",""
"28.11.2025 04:00 - 28.11.2025 05:00","-","-","","-","-","","-","-",""
"28.11.2025 05:00 - 28.11.2025 06:00","-","-","","-","-","","-","-",""
"28.11.2025 06:00 - 28.11.2025 07:00","-","-","","-","-","","-","-",""
"28.11.2025 07:00 - 28.11.2025 08:00","-","-","","-","-","","-","-",""
"28.11.2025 08:00 - 28.11.2025 09:00","-","-","","-","-","","-","-",""
"28.11.2025 09:00 - 28.11.2025 10:00","-","-","","-","-","","-","-",""
"28.11.2025 10:00 - 28.11.2025 11:00","-","-","","-","-","","-","-",""
"28.11.2025 11:00 - 28.11.2025 12:00","-","-","","-","-","","-","-",""
"28.11.2025 12:00 - 28.11.2025 13:00","-","-","","-","-","","-","-",""
"28.11.2025 13:00 - 28.11.2025 14:00","-","-","","-","-","","-","-",""
"28.11.2025 14:00 - 28.11.2025 15:00","-","-","","-","-","","-","-",""
"28.11.2025 15:00 - 28.11.2025 16:00","-","-","","-","-","","-","-",""
"28.11.2025 16:00 - 28.11.2025 17:00","-","-","","-","-","","-","-",""
"28.11.2025 17:00 - 28.11.2025 18:00","-","-","","-","-","","-","-",""
"28.11.2025 18:00 - 28.11.2025 19:00","-","-","","-","-","","-","-",""
"28.11.2025 19:00 - 28.11.2025 20:00","-","-","","-","-","","-","-",""
"28.11.2025 20:00 - 28.11.2025 21:00","-","-","","-","-","","-","-",""
"28.11.2025 21:00 - 28.11.2025 22:00","-","-","","-","-","","-","-",""
"28.11.2025 22:00 - 28.11.2025 23:00","-","-","","-","-","","-","-",""
"28.11.2025 23:00 - 29.11.2025 00:00","-","-","","-","-","","-","-",""
"29.11.2025 00:00 - 29.11.2025 01:00","-","-","","-","-","","-","-",""
"29.11.2025 01:00 - 29.11.2025 02:00","-","-","","-","-","","-","-",""
"29.11.2025 02:00 - 29.11.2025 03:00","-","-","","-","-","","-","-",""
"29.11.2025 03:00 - 29.11.2025 04:00","-","-","","-","-","","-","-",""
"29.11.2025 04:00 - 29.11.2025 05:00","-","-","","-","-","","-","-",""
"29.11.2025 05:00 - 29.11.2025 06:00","-","-","","-","-","","-","-",""
"29.11.2025 06:00 - 29.11.2025 07:00","-","-","","-","-","","-","-",""
"29.11.2025 07:00 - 29.11.2025 08:00","-","-","","-","-","","-","-",""
"29.11.2025 08:00 - 29.11.2025 09:00","-","-","","-","-","","-","-",""
"29.11.2025 09:00 - 29.11.2025 10:00","-","-","","-","-","","-","-",""
"29.11.2025 10:00 - 29.11.2025 11:00","-","-","","-","-","","-","-",""
"29.11.2025 11:00 - 29.11.2025 12:00","-","-","","-","-","","-","-",""
"29.11.2025 12:00 - 29.11.2025 13:00","-","-","","-","-","","-","-",""
"29.11.2025 13:00 - 29.11.2025 14:00","-","-","","-","-","","-","-",""
"29.11.2025 14:00 - 29.11.2025 15:00","-","-","","-","-","","-","-",""
"29.11.2025 15:00 - 29.11.2025 16:00","-","-","","-","-","","-","-",""
"29.11.2025 16:00 - 29.11.2025 17:00","-","-","","-","-","","-","-",""
"29.11.2025 17:00 - 29.11.2025 18:00","-","-","","-","-","","-","-",""
"29.11.2025 18:00 - 29.11.2025 19:00","-","-","","-","-","","-","-",""
"29.11.2025 19:00 - 29.11.2025 20:00","-","-","","-","-","","-","-",""
"29.11.2025 20:00 - 29.11.2025 21:00","-","-","","-","-","","-","-",""
"29.11.2025 21:00 - 29.11.2025 22:00","-","-","","-","-","","-","-",""
"29.11.2025 22:00 - 29.11.2025 23:00","-","-","","-","-","","-","-",""
"29.11.2025 23:00 - 30.11.2025 00:00","-","-","","-","-","","-","-",""
"30.11.2025 00:00 - 30.11.2025 01:00","-","-","","-","-","","-","-",""
"30.11.2025 01:00 - 30.11.2025 02:00","-","-","","-","-","","-","-",""
"30.11.2025 02:00 - 30.11.2025 03:00","-","-","","-","-","","-","-",""
"30.11.2025 03:00 - 30.11.2025 04:00","-","-","","-","-","","-","-",""
"30.11.2025 04:00 - 30.11.2025 05:00","-","-","","-","-","","-","-",""
"30.11.2025 05:00 - 30.11.2025 06:00","-","-","","-","-","","-","-",""
"30.11.2025 06:00 - 30.11.2025 07:00","-","-","","-","-","","-","-",""
"30.11.2025 07:00 - 30.11.2025 08:00","-","-","","-","-","","-","-",""
"30.11.2025 08:00 - 30.11.2025 09:00","-","-","","-","-","","-","-",""
"30.11.2025 09:00 - 30.11.2025 10:00","-","-","","-","-","","-","-",""
"30.11.2025 10:00 - 30.11.2025 11:00","-","-","","-","-","","-","-",""
"30.11.2025 11:00 - 30.11.2025 12:00","-","-","","-","-","","-","-",""
"30.11.2025 12:00 - 30.11.2025 13:00","-","-","","-","-","","-","-",""
"30.11.2025 13:00 - 30.11.2025 14:00","-","-","","-","-","","-","-",""
"30.11.2025 14:00 - 30.11.2025 15:00","-","-","","-","-","","-","-",""
"30.11.2025 15:00 - 30.11.2025 16:00","-","-","","-","-","","-","-",""
"30.11.2025 16:00 - 30.11.2025 17:00","-","-","","-","-","","-","-",""
"30.11.2025 17:00 - 30.11.2025 18:00","-","-","","-","-","","-","-",""
"30.11.2025 18:00 - 30.11.2025 19:00","-","-","","-","-","","-","-",""
"30.11.2025 19:00 - 30.11.2025 20:00","-","-","","-","-","","-","-",""
"30.11.2025 20:00 - 30.11.2025 21:00","-","-","","-","-","","-","-",""
"30.11.2025 21:00 - 30.11.2025 22:00","-","-","","-","-","","-","-",""
"30.11.2025 22:00 - 30.11.2025 23:00","-","-","","-","-","","-","-",""
"30.11.2025 23:00 - 01.12.2025 00:00","-","-","","-","-","","-","-",""
"01.12.2025 00:00 - 01.12.2025 01:00","-","-","","-","-","","-","-",""
"01.12.2025 01:00 - 01.12.2025 02:00","-","-","","-","-","","-","-",""
"01.12.2025 02:00 - 01.12.2025 03:00","-","-","","-","-","","-","-",""
"01.12.2025 03:00 - 01.12.2025 04:00","-","-","","-","-","","-","-",""
"01.12.2025 04:00 - 01.12.2025 05:00","-","-","","-","-","","-","-",""
"01.12.2025 05:00 - 01.12.2025 06:00","-","-","","-","-","","-","-",""
"01.12.2025 06:00 - 01.12.2025 07:00","-","-","","-","-","","-","-",""
"01.12.2025 07:00 - 01.12.2025 08:00","-","-","","-","-","","-","-",""
"01.12.2025 08:00 - 01.12.2025 09:00","-","-","","-","-","","-","-",""
"01.12.2025 09:00 - 01.12.2025 10:00","-","-","","-","-","","-","-",""
"01.12.2025 10:00 - 01.12.2025 11:00","-","-","","-","-","","-","-",""
"01.12.2025 11:00 - 01.12.2025 12:00","-","-","","-","-","","-","-",""
"01.12.2025 12:00 - 01.12.2025 13:00","-","-","","-","-","","-","-",""
"01.12.2025 13:00 - 01.12.2025 14:00","-","-","","-","-","","-","-",""
"01.12.2025 14:00 - 01.12.2025 15:00","-","-","","-","-","","-","-",""
"01.12.2025 15:00 - 01.12.2025 16:00","-","-","","-","-","","-","-",""
"01.12.2025 16:00 - 01.12.2025 17:00","-","-","","-","-","","-","-",""
"01.12.2025 17:00 - 01.12.2025 18:00","-","-","","-","-","","-","-",""
"01.12.2025 18:00 - 01.12.2025 19:00","-","-","","-","-","","-","-",""
"01.12.2025 19:00 - 01.12.2025 20:00","-","-","","-","-","","-","-",""
"01.12.2025 20:00 - 01.12.2025 21:00","-","-","","-","-","","-","-",""
"01.12.2025 21:00 - 01.12.2025 22:00","-","-","","-","-","","-","-",""
"01.12.2025 22:00 - 01.12.2025 23:00","-","-","","-","-","","-","-",""
"01.12.2025 23:00 - 02.12.2025 00:00","-","-","","-","-","","-","-",""
"02.12.2025 00:00 - 02.12.2025 01:00","-","-","","-","-","","-","-",""
"02.12.2025 01:00 - 02.12.2025 02:00","-","-","","-","-","","-","-",""
"02.12.2025 02:00 - 02.12.2025 03:00","-","-","","-","-","","-","-",""
"02.12.2025 03:00 - 02.12.2025 04:00","-","-","","-","-","","-","-",""
"02.12.2025 04:00 - 02.12.2025 05:00","-","-","","-","-","","-","-",""
"02.12.2025 05:00 - 02.12.2025 06:00","-","-","","-","-","","-","-",""
"02.12.2025 06:00 - 02.12.2025 07:00","-","-","","-","-","","-","-",""
"02.12.2025 07:00 - 02.12.2025 08:00","-","-","","-","-","","-","-",""
"02.12.2025 08:00 - 02.12.2025 09:00","-","-","","-","-","","-","-",""
"02.12.2025 09:00 - 02.12.2025 10:00","-","-","","-","-","","-","-",""
"02.12.2025 10:00 - 02.12.2025 11:00","-","-","","-","-","","-","-",""
"02.12.2025 11:00 - 02.12.2025 12:00","-","-","","-","-","","-","-",""
"02.12.2025 12:00 - 02.12.2025 13:00","-","-","","-","-","","-","-",""
"02.12.2025 13:00 - 02.12.2025 14:00","-","-","","-","-","","-","-",""
"02.12.2025 14:00 - 02.12.2025 15:00","-","-","","-","-","","-","-",""
"02.12.2025 15:00 - 02.12.2025 16:00","-","-","","-","-","","-","-",""
"02.12.2025 16:00 - 02.12.2025 17:00","-","-","","-","-","","-","-",""
"02.12.2025 17:00 - 02.12.2025 18:00","-","-","","-","-","","-","-",""
"02.12.2025 18:00 - 02.12.2025 19:00","-","-","","-","-","","-","-",""
"02.12.2025 19:00 - 02.12.2025 20:00","-","-","","-","-","","-","-",""
"02.12.2025 20:00 - 02.12.2025 21:00","-","-","","-","-","","-","-",""
"02.12.2025 21:00 - 02.12.2025 22:00","-","-","","-","-","","-","-",""
"02.12.2025 22:00 - 02.12.2025 23:00","-","-","","-","-","","-","-",""
"02.12.2025 23:00 - 03.12.2025 00:00","-","-","","-","-","","-","-",""
"03.12.2025 00:00 - 03.12.2025 01:00","-","-","","-","-","","-","-",""
"03.12.2025 01:00 - 03.12.2025 02:00","-","-","","-","-","","-","-",""
"03.12.2025 02:00 - 03.12.2025 03:00","-","-","","-","-","","-","-",""
"03.12.2025 03:00 - 03.12.2025 04:00","-","-","","-","-","","-","-",""
"03.12.2025 04:00 - 03.12.2025 05:00","-","-","","-","-","","-","-",""
"03.12.2025 05:00 - 03.12.2025 06:00","-","-","","-","-","","-","-",""
"03.12.2025 06:00 - 03.12.2025 07:00","-","-","","-","-","","-","-",""
"03.12.2025 07:00 - 03.12.2025 08:00","-","-","","-","-","","-","-",""
"03.12.2025 08:00 - 03.12.2025 09:00","-","-","","-","-","","-","-",""
"03.12.2025 09:00 - 03.12.2025 10:00","-","-","","-","-","","-","-",""
"03.12.2025 10:00 - 03.12.2025 11:00","-","-","","-","-","","-","-",""
"03.12.2025 11:00 - 03.12.2025 12:00","-","-","","-","-","","-","-",""
"03.12.2025 12:00 - 03.12.2025 13:00","-","-","","-","-","","-","-",""
"03.12.2025 13:00 - 03.12.2025 14:00","-","-","","-","-","","-","-",""
"03.12.2025 14:00 - 03.12.2025 15:00","-","-","","-","-","","-","-",""
"03.12.2025 15:00 - 03.12.2025 16:00","-","-","","-","-","","-","-",""
"03.12.2025 16:00 - 03.12.2025 17:00","-","-","","-","-","","-","-",""
"03.12.2025 17:00 - 03.12.2025 18:00","-","-","","-","-","","-","-",""
"03.12.2025 18:00 - 03.12.2025 19:00","-","-","","-","-","","-","-",""
"03.12.2025 19:00 - 03.12.2025 20:00","-","-","","-","-","","-","-",""
"03.12.2025 20:00 - 03.12.2025 21:00","-","-","","-","-","","-","-",""
"03.12.2025 21:00 - 03.12.2025 22:00","-","-","","-","-","","-","-",""
"03.12.2025 22:00 - 03.12.2025 23:00","-","-","","-","-","","-","-",""
"03.12.2025 23:00 - 04.12.2025 00:00","-","-","","-","-","","-","-",""
"04.12.2025 00:00 - 04.12.2025 01:00","-","-","","-","-","","-","-",""
"04.12.2025 01:00 - 04.12.2025 02:00","-","-","","-","-","","-","-",""
"04.12.2025 02:00 - 04.12.2025 03:00","-","-","","-","-","","-","-",""
"04.12.2025 03:00 - 04.12.2025 04:00","-","-","","-","-","","-","-",""
"04.12.2025 04:00 - 04.12.2025 05:00","-","-","","-","-","","-","-",""
"04.12.2025 05:00 - 04.12.2025 06:00","-","-","","-","-","","-","-",""
"04.12.2025 06:00 - 04.12.2025 07:00","-","-","","-","-","","-","-",""
"04.12.2025 07:00 - 04.12.2025 08:00","-","-","","-","-","","-","-",""
"04.12.2025 08:00 - 04.12.2025 09:00","-","-","","-","-","","-","-",""
"04.12.2025 09:00 - 04.12.2025 10:00","-","-","","-","-","","-","-",""
"04.12.2025 10:00 - 04.12.2025 11:00","-","-","","-","-","","-","-",""
"04.12.2025 11:00 - 04.12.2025 12:00","-","-","","-","-","","-","-",""
"04.12.2025 12:00 - 04.12.2025 13:00","-","-","","-","-","","-","-",""
"04.12.2025 13:00 - 04.12.2025 14:00","-","-","","-","-","","-","-",""
"04.12.2025 14:00 - 04.12.2025 15:00","-","-","","-","-","","-","-",""
"04.12.2025 15:00 - 04.12.2025 16:00","-","-","","-","-","","-","-",""
"04.12.2025 16:00 - 04.12.2025 17:00","-","-","","-","-","","-","-",""
"04.12.2025 17:00 - 04.12.2025 18:00","-","-","","-","-","","-","-",""
"04.12.2025 18:00 - 04.12.2025 19:00","-","-","","-","-","","-","-",""
"04.12.2025 19:00 - 04.12.2025 20:00","-","-","","-","-","","-","-",""
"04.12.2025 20:00 - 04.12.2025 21:00","-","-","","-","-","","-","-",""
"04.12.2025 21:00 - 04.12.2025 22:00","-","-","","-","-","","-","-",""
"04.12.2025 22:00 - 04.12.2025 23:00","-","-","","-","-","","-","-",""
"04.12.2025 23:00 - 05.12.2025 00:00","-","-","","-","-","","-","-",""
"05.12.2025 00:00 - 05.12.2025 01:00","-","-","","-","-","","-","-",""
"05.12.2025 01:00 - 05.12.2025 02:00","-","-","","-","-","","-","-",""
"05.12.2025 02:00 - 05.12.2025 03:00","-","-","","-","-","","-","-",""
"05.12.2025 03:00 - 05.12.2025 04:00","-","-","","-","-","","-","-",""
"05.12.2025 04:00 - 05.12.2025 05:00","-","-","","-","-","","-","-",""
"05.12.2025 05:00 - 05.12.2025 06:00","-","-","","-","-","","-","-",""
"05.12.2025 06:00 - 05.12.2025 07:00","-","-","","-","-","","-","-",""
"05.12.2025 07:00 - 05.12.2025 08:00","-","-","","-","-","","-","-",""
"05.12.2025 08:00 - 05.12.2025 09:00","-","-","","-","-","","-","-",""
"05.12.2025 09:00 - 05.12.2025 10:00","-","-","","-","-","","-","-",""
"05.12.2025 10:00 - 05.12.2025 11:00","-","-","","-","-","","-","-",""
"05.12.2025 11:00 - 05.12.2025 12:00","-","-","","-","-","","-","-",""
"05.12.2025 12:00 - 05.12.2025 13:00","-","-","","-","-","","-","-",""
"05.12.2025 13:00 - 05.12.2025 14:00","-","-","","-","-","","-","-",""
"05.12.2025 14:00 - 05.12.2025 15:00","-","-","","-","-","","-","-",""
"05.12.2025 15:00 - 05.12.2025 16:00","-","-","","-","-","","-","-",""
"05.12.2025 16:00 - 05.12.2025 17:00","-","-","","-","-","","-","-",""
"05.12.2025 17:00 - 05.12.2025 18:00","-","-","","-","-","","-","-",""
"05.12.2025 18:00 - 05.12.2025 19:00","-","-","","-","-","","-","-",""
"05.12.2025 19:00 - 05.12.2025 20:00","-","-","","-","-","","-","-",""
"05.12.2025 20:00 - 05.12.2025 21:00","-","-","","-","-","","-","-",""
"05.12.2025 21:00 - 05.12.2025 22:00","-","-","","-","-","","-","-",""
"05.12.2025 22:00 - 05.12.2025 23:00","-","-","","-","-","","-","-",""
"05.12.2025 23:00 - 06.12.2025 00:00","-","-","","-","-","","-","-",""
"06.12.2025 00:00 - 06.12.2025 01:00","-","-","","-","-","","-","-",""
"06.12.2025 01:00 - 06.12.2025 02:00","-","-","","-","-","","-","-",""
"06.12.2025 02:00 - 06.12.2025 03:00","-","-","","-","-","","-","-",""
"06.12.2025 03:00 - 06.12.2025 04:00","-","-","","-","-","","-","-",""
"06.12.2025 04:00 - 06.12.2025 05:00","-","-","","-","-","","-","-",""
"06.12.2025 05:00 - 06.12.2025 06:00","-","-","","-","-","","-","-",""
"06.12.2025 06:00 - 06.12.2025 07:00","-","-","","-","-","","-","-",""
"06.12.2025 07:00 - 06.12.2025 08:00","-","-","","-","-","","-","-",""
"06.12.2025 08:00 - 06.12.2025 09:00","-","-","","-","-","","-","-",""
"06.12.2025 09:00 - 06.12.2025 10:00","-","-","","-","-","","-","-",""
"06.12.2025 10:00 - 06.12.2025 11:00","-","-","","-","-","","-","-",""
"06.12.2025 11:00 - 06.12.2025 12:00","-","-","","-","-","","-","-",""
"06.12.2025 12:00 - 06.12.2025 13:00","-","-","","-","-","","-","-",""
"06.12.2025 13:00 - 06.12.2025 14:00","-","-","","-","-","","-","-",""
"06.12.2025 14:00 - 06.12.2025 15:00","-","-","","-","-","","-","-",""
"06.12.2025 15:00 - 06.12.2025 16:00","-","-","","-","-","","-","-",""
"06.12.2025 16:00 - 06.12.2025 17:00","-","-","","-","-","","-","-",""
"06.12.2025 17:00 - 06.12.2025 18:00","-","-","","-","-","","-","-",""
"06.12.2025 18:00 - 06.12.2025 19:00","-","-","","-","-","","-","-",""
"06.12.2025 19:00 - 06.12.2025 20:00","-","-","","-","-","","-","-",""
"06.12.2025 20:00 - 06.12.2025 21:00","-","-","","-","-","","-","-",""
"06.12.2025 21:00 - 06.12.2025 22:00","-","-","","-","-","","-","-",""
"06.12.2025 22:00 - 06.12.2025 23:00","-","-","","-","-","","-","-",""
"06.12.2025 23:00 - 07.12.2025 00:00","-","-","","-","-","","-","-",""
"07.12.2025 00:00 - 07.12.2025 01:00","-","-","","-","-","","-","-",""
"07.12.2025 01:00 - 07.12.2025 02:00","-","-","","-","-","","-","-",""
"07.12.2025 02:00 - 07.12.2025 03:00","-","-","","-","-","","-","-",""
"07.12.2025 03:00 - 07.12.2025 04:00","-","-","","-","-","","-","-",""
"07.12.2025 04:00 - 07.12.2025 05:00","-","-","","-","-","","-","-",""
"07.12.2025 05:00 - 07.12.2025 06:00","-","-","","-","-","","-","-",""
"07.12.2025 06:00 - 07.12.2025 07:00","-","-","","-","-","","-","-",""
"07.12.2025 07:00 - 07.12.2025 08:00","-","-","","-","-","","-","-",""
"07.12.2025 08:00 - 07.12.2025 09:00","-","-","","-","-","","-","-",""
"07.12.2025 09:00 - 07.12.2025 10:00","-","-","","-","-","","-","-",""
"07.12.2025 10:00 - 07.12.2025 11:00","-","-","","-","-","","-","-",""
"07.12.2025 11:00 - 07.12.2025 12:00","-","-","","-","-","","-","-",""
"07.12.2025 12:00 - 07.12.2025 13:00","-","-","","-","-","","-","-",""
"07.12.2025 13:00 - 07.12.2025 14:00","-","-","","-","-","","-","-",""
"07.12.2025 14:00 - 07.12.2025 15:00","-","-","","-","-","","-","-",""
"07.12.2025 15:00 - 07.12.2025 16:00","-","-","","-","-","","-","-",""
"07.12.2025 16:00 - 07.12.2025 17:00","-","-","","-","-","","-","-",""
"07.12.2025 17:00 - 07.12.2025 18:00","-","-","","-","-","","-","-",""
"07.12.2025 18:00 - 07.12.2025 19:00","-","-","","-","-","","-","-",""
"07.12.2025 19:00 - 07.12.2025 20:00","-","-","","-","-","","-","-",""
"07.12.2025 20:00 - 07.12.2025 21:00","-","-","","-","-","","-","-",""
"07.12.2025 21:00 - 07.12.2025 22:00","-","-","","-","-","","-","-",""
"07.12.2025 22:00 - 07.12.2025 23:00","-","-","","-","-","","-","-",""
"07.12.2025 23:00 - 08.12.2025 00:00","-","-","","-","-","","-","-",""
"08.12.2025 00:00 - 08.12.2025 01:00","-","-","","-","-","","-","-",""
"08.12.2025 01:00 - 08.12.2025 02:00","-","-","","-","-","","-","-",""
"08.12.2025 02:00 - 08.12.2025 03:00","-","-","","-","-","","-","-",""
"08.12.2025 03:00 - 08.12.2025 04:00","-","-","","-","-","","-","-",""
"08.12.2025 04:00 - 08.12.2025 05:00","-","-","","-","-","","-","-",""
"08.12.2025 05:00 - 08.12.2025 06:00","-","-","","-","-","","-","-",""
"08.12.2025 06:00 - 08.12.2025 07:00","-","-","","-","-","","-","-",""
"08.12.2025 07:00 - 08.12.2025 08:00","-","-","","-","-","","-","-",""
"08.12.2025 08:00 - 08.12.2025 09:00","-","-","","-","-","","-","-",""
"08.12.2025 09:00 - 08.12.2025 10:00","-","-","","-","-","","-","-",""
"08.12.2025 10:00 - 08.12.2025 11:00","-","-","","-","-","","-","-",""
"08.12.2025 11:00 - 08.12.2025 12:00","-","-","","-","-","","-","-",""
"08.12.2025 12:00 - 08.12.2025 13:00","-","-","","-","-","","-","-",""
"08.12.2025 13:00 - 08.12.2025 14:00","-","-","","-","-","","-","-",""
"08.12.2025 14:00 - 08.12.2025 15:00","-","-","","-","-","","-","-",""
"08.12.2025 15:00 - 08.12.2025 16:00","-","-","","-","-","","-","-",""
"08.12.2025 16:00 - 08.12.2025 17:00","-","-","","-","-","","-","-",""
"08.12.2025 17:00 - 08.12.2025 18:00","-","-","","-","-","","-","-",""
"08.12.2025 18:00 - 08.12.2025 19:00","-","-","","-","-","","-","-",""
"08.12.2025 19:00 - 08.12.2025 20:00","-","-","","-","-","","-","-",""
"08.12.2025 20:00 - 08.12.2025 21:00","-","-","","-","-","","-","-",""
"08.12.2025 21:00 - 08.12.2025 22:00","-","-","","-","-","","-","-",""
"08.12.2025 22:00 - 08.12.2025 23:00","-","-","","-","-","","-","-",""
"08.12.2025 23:00 - 09.12.2025 00:00","-","-","","-","-","","-","-",""
"09.12.2025 00:00 - 09.12.2025 01:00","-","-","","-","-","","-","-",""
"09.12.2025 01:00 - 09.12.2025 02:00","-","-","","-","-","","-","-",""
"09.12.2025 02:00 - 09.12.2025 03:00","-","-","","-","-","","-","-",""
"09.12.2025 03:00 - 09.12.2025 04:00","-","-","","-","-","","-","-",""
"09.12.2025 04:00 - 09.12.2025 05:00","-","-","","-","-","","-","-",""
"09.12.2025 05:00 - 09.12.2025 06:00","-","-","","-","-","","-","-",""
"09.12.2025 06:00 - 09.12.2025 07:00","-","-","","-","-","","-","-",""
"09.12.2025 07:00 - 09.12.2025 08:00","-","-","","-","-","","-","-",""
"09.12.2025 08:00 - 09.12.2025 09:00","-","-","","-","-","","-","-",""
"09.12.2025 09:00 - 09.12.2025 10:00","-","-","","-","-","","-","-",""
"09.12.2025 10:00 - 09.12.2025 11:00","-","-","","-","-","","-","-",""
"09.12.2025 11:00 - 09.12.2025 12:00","-","-","","-","-","","-","-",""
"09.12.2025 12:00 - 09.12.2025 13:00","-","-","","-","-","","-","-",""
"09.12.2025 13:00 - 09.12.2025 14:00","-","-","","-","-","","-","-",""
"09.12.2025 14:00 - 09.12.2025 15:00","-","-","","-","-","","-","-",""
"09.12.2025 15:00 - 09.12.2025 16:00","-","-","","-","-","","-","-",""
"09.12.2025 16:00 - 09.12.2025 17:00","-","-","","-","-","","-","-",""
"09.12.2025 17:00 - 09.12.2025 18:00","-","-","","-","-","","-","-",""
"09.12.2025 18:00 - 09.12.2025 19:00","-","-","","-","-","","-","-",""
"09.12.2025 19:00 - 09.12.2025 20:00","-","-","","-","-","","-","-",""
"09.12.2025 20:00 - 09.12.2025 21:00","-","-","","-","-","","-","-",""
"09.12.2025 21:00 - 09.12.2025 22:00","-","-","","-","-","","-","-",""
"09.12.2025 22:00 - 09.12.2025 23:00","-","-","","-","-","","-","-",""
"09.12.2025 23:00 - 10.12.2025 00:00","-","-","","-","-","","-","-",""
"10.12.2025 00:00 - 10.12.2025 01:00","-","-","","-","-","","-","-",""
"10.12.2025 01:00 - 10.12.2025 02:00","-","-","","-","-","","-","-",""
"10.12.2025 02:00 - 10.12.2025 03:00","-","-","","-","-","","-","-",""
"10.12.2025 03:00 - 10.12.2025 04:00","-","-","","-","-","","-","-",""
"10.12.2025 04:00 - 10.12.2025 05:00","-","-","","-","-","","-","-",""
"10.12.2025 05:00 - 10.12.2025 06:00","-","-","","-","-","","-","-",""
"10.12.2025 06:00 - 10.12.2025 07:00","-","-","","-","-","","-","-",""
"10.12.2025 07:00 - 10.12.2025 08:00","-","-","","-","-","","-","-",""
"10.12.2025 08:00 - 10.12.2025 09:00","-","-","","-","-","","-","-",""
"10.12.2025 09:00 - 10.12.2025 10:00","-","-","","-","-","","-","-",""
"10.12.2025 10:00 - 10.12.2025 11:00","-","-","","-","-","","-","-",""
"10.12.2025 11:00 - 10.12.2025 12:00","-","-","","-","-","","-","-",""
"10.12.2025 12:00 - 10.12.2025 13:00","-","-","","-","-","","-","-",""
"10.12.2025 13:00 - 10.12.2025 14:00","-","-","","-","-","","-","-",""
"10.12.2025 14:00 - 10.12.2025 15:00","-","-","","-","-","","-","-",""
"10.12.2025 15:00 - 10.12.2025 16:00","-","-","","-","-","","-","-",""
"10.12.2025 16:00 - 10.12.2025 17:00","-","-","","-","-","","-","-",""
"10.12.2025 17:00 - 10.12.2025 18:00","-","-","","-","-","","-","-",""
"10.12.2025 18:00 - 10.12.2025 19:00","-","-","","-","-","","-","-",""
"10.12.2025 19:00 - 10.12.2025 20:00","-","-","","-","-","","-","-",""
"10.12.2025 20:00 - 10.12.2025 21:00","-","-","","-","-","","-","-",""
"10.12.2025 21:00 - 10.12.2025 22:00","-","-","","-","-","","-","-",""
"10.12.2025 22:00 - 10.12.2025 23:00","-","-","","-","-","","-","-",""
"10.12.2025 23:00 - 11.12.2025 00:00","-","-","","-","-","","-","-",""
"11.12.2025 00:00 - 11.12.2025 01:00","-","-","","-","-","","-","-",""
"11.12.2025 01:00 - 11.12.2025 02:00","-","-","","-","-","","-","-",""
"11.12.2025 02:00 - 11.12.2025 03:00","-","-","","-","-","","-","-",""
"11.12.2025 03:00 - 11.12.2025 04:00","-","-","","-","-","","-","-",""
"11.12.2025 04:00 - 11.12.2025 05:00","-","-","","-","-","","-","-",""
"11.12.2025 05:00 - 11.12.2025 06:00","-","-","","-","-","","-","-",""
"11.12.2025 06:00 - 11.12.2025 07:00","-","-","","-","-","","-","-",""
"11.12.2025 07:00 - 11.12.2025 08:00","-","-","","-","-","","-","-",""
"11.12.2025 08:00 - 11.12.2025 09:00","-","-","","-","-","","-","-",""
"11.12.2025 09:00 - 11.12.2025 10:00","-","-","","-","-","","-","-",""
"11.12.2025 10:00 - 11.12.2025 11:00","-","-","","-","-","","-","-",""
"11.12.2025 11:00 - 11.12.2025 12:00","-","-","","-","-","","-","-",""
"11.12.2025 12:00 - 11.12.2025 13:00","-","-","","-","-","","-","-",""
"11.12.2025 13:00 - 11.12.2025 14:00","-","-","","-","-","","-","-",""
"11.12.2025 14:00 - 11.12.2025 15:00","-","-","","-","-","","-","-",""
"11.12.2025 15:00 - 11.12.2025 16:00","-","-","","-","-","","-","-",""
"11.12.2025 16:00 - 11.12.2025 17:00","-","-","","-","-","","-","-",""
"11.12.2025 17:00 - 11.12.2025 18:00","-","-","","-","-","","-","-",""
"11.12.2025 18:00 - 11.12.2025 19:00","-","-","","-","-","","-","-",""
"11.12.2025 19:00 - 11.12.2025 20:00","-","-","","-","-","","-","-",""
"11.12.2025 20:00 - 11.12.2025 21:00","-","-","","-","-","","-","-",""
"11.12.2025 21:00 - 11.12.2025 22:00","-","-","","-","-","","-","-",""
"11.12.2025 22:00 - 11.12.2025 23:00","-","-","","-","-","","-","-",""
"11.12.2025 23:00 - 12.12.2025 00:00","-","-","","-","-","","-","-",""
"12.12.2025 00:00 - 12.12.2025 01:00","-","-","","-","-","","-","-",""
"12.12.2025 01:00 - 12.12.2025 02:00","-","-","","-","-","","-","-",""
"12.12.2025 02:00 - 12.12.2025 03:00","-","-","","-","-","","-","-",""
"12.12.2025 03:00 - 12.12.2025 04:00","-","-","","-","-","","-","-",""
"12.12.2025 04:00 - 12.12.2025 05:00","-","-","","-","-","","-","-",""
"12.12.2025 05:00 - 12.12.2025 06:00","-","-","","-","-","","-","-",""
"12.12.2025 06:00 - 12.12.2025 07:00","-","-","","-","-","","-","-",""
"12.12.2025 07:00 - 12.12.2025 08:00","-","-","","-","-","","-","-",""
"12.12.2025 08:00 - 12.12.2025 09:00","-","-","","-","-","","-","-",""
"12.12.2025 09:00 - 12.12.2025 10:00","-","-","","-","-","","-","-",""
"12.12.2025 10:00 - 12.12.2025 11:00","-","-","","-","-","","-","-",""
"12.12.2025 11:00 - 12.12.2025 12:00","-","-","","-","-","","-","-",""
"12.12.2025 12:00 - 12.12.2025 13:00","-","-","","-","-","","-","-",""
"12.12.2025 13:00 - 12.12.2025 14:00","-","-","","-","-","","-","-",""
"12.12.2025 14:00 - 12.12.2025 15:00","-","-","","-","-","","-","-",""
"12.12.2025 15:00 - 12.12.2025 16:00","-","-","","-","-","","-","-",""
"12.12.2025 16:00 - 12.12.2025 17:00","-","-","","-","-","","-","-",""
"12.12.2025 17:00 - 12.12.2025 18:00","-","-","","-","-","","-","-",""
"12.12.2025 18:00 - 12.12.2025 19:00","-","-","","-","-","","-","-",""
"12.12.2025 19:00 - 12.12.2025 20:00","-","-","","-","-","","-","-",""
"12.12.2025 20:00 - 12.12.2025 21:00","-","-","","-","-","","-","-",""
"12.12.2025 21:00 - 12.12.2025 22:00","-","-","","-","-","","-","-",""
"12.12.2025 22:00 - 12.12.2025 23:00","-","-","","-","-","","-","-",""
"12.12.2025 23:00 - 13.12.2025 00:00","-","-","","-","-","","-","-",""
"13.12.2025 00:00 - 13.12.2025 01:00","-","-","","-","-","","-","-",""
"13.12.2025 01:00 - 13.12.2025 02:00","-","-","","-","-","","-","-",""
"13.12.2025 02:00 - 13.12.2025 03:00","-","-","","-","-","","-","-",""
"13.12.2025 03:00 - 13.12.2025 04:00","-","-","","-","-","","-","-",""
"13.12.2025 04:00 - 13.12.2025 05:00","-","-","","-","-","","-","-",""
"13.12.2025 05:00 - 13.12.2025 06:00","-","-","","-","-","","-","-",""
"13.12.2025 06:00 - 13.12.2025 07:00","-","-","","-","-","","-","-",""
"13.12.2025 07:00 - 13.12.2025 08:00","-","-","","-","-","","-","-",""
"13.12.2025 08:00 - 13.12.2025 09:00","-","-","","-","-","","-","-",""
"13.12.2025 09:00 - 13.12.2025 10:00","-","-","","-","-","","-","-",""
"13.12.2025 10:00 - 13.12.2025 11:00","-","-","","-","-","","-","-",""
"13.12.2025 11:00 - 13.12.2025 12:00","-","-","","-","-","","-","-",""
"13.12.2025 12:00 - 13.12.2025 13:00","-","-","","-","-","","-","-",""
"13.12.2025 13:00 - 13.12.2025 14:00","-","-","","-","-","","-","-",""
"13.12.2025 14:00 - 13.12.2025 15:00","-","-","","-","-","","-","-",""
"13.12.2025 15:00 - 13.12.2025 16:00","-","-","","-","-","","-","-",""
"13.12.2025 16:00 - 13.12.2025 17:00","-","-","","-","-","","-","-",""
"13.12.2025 17:00 - 13.12.2025 18:00","-","-","","-","-","","-","-",""
"13.12.2025 18:00 - 13.12.2025 19:00","-","-","","-","-","","-","-",""
"13.12.2025 19:00 - 13.12.2025 20:00","-","-","","-","-","","-","-",""
"13.12.2025 20:00 - 13.12.2025 21:00","-","-","","-","-","","-","-",""
"13.12.2025 21:00 - 13.12.2025 22:00","-","-","","-","-","","-","-",""
"13.12.2025 22:00 - 13.12.2025 23:00","-","-","","-","-","","-","-",""
"13.12.2025 23:00 - 14.12.2025 00:00","-","-","","-","-","","-","-",""
"14.12.2025 00:00 - 14.12.2025 01:00","-","-","","-","-","","-","-",""
"14.12.2025 01:00 - 14.12.2025 02:00","-","-","","-","-","","-","-",""
"14.12.2025 02:00 - 14.12.2025 03:00","-","-","","-","-","","-","-",""
"14.12.2025 03:00 - 14.12.2025 04:00","-","-","","-","-","","-","-",""
"14.12.2025 04:00 - 14.12.2025 05:00","-","-","","-","-","","-","-",""
"14.12.2025 05:00 - 14.12.2025 06:00","-","-","","-","-","","-","-",""
"14.12.2025 06:00 - 14.12.2025 07:00","-","-","","-","-","","-","-",""
"14.12.2025 07:00 - 14.12.2025 08:00","-","-","","-","-","","-","-",""
"14.12.2025 08:00 - 14.12.2025 09:00","-","-","","-","-","","-","-",""
"14.12.2025 09:00 - 14.12.2025 10:00","-","-","","-","-","","-","-",""
"14.12.2025 10:00 - 14.12.2025 11:00","-","-","","-","-","","-","-",""
"14.12.2025 11:00 - 14.12.2025 12:00","-","-","","-","-","","-","-",""
"14.12.2025 12:00 - 14.12.2025 13:00","-","-","","-","-","","-","-",""
"14.12.2025 13:00 - 14.12.2025 14:00","-","-","","-","-","","-","-",""
"14.12.2025 14:00 - 14.12.2025 15:00","-","-","","-","-","","-","-",""
"14.12.2025 15:00 - 14.12.2025 16:00","-","-","","-","-","","-","-",""
"14.12.2025 16:00 - 14.12.2025 17:00","-","-","","-","-","","-","-",""
"14.12.2025 17:00 - 14.12.2025 18:00","-","-","","-","-","","-","-",""
"14.12.2025 18:00 - 14.12.2025 19:00","-","-","","-","-","","-","-",""
"14.12.2025 19:00 - 14.12.2025 20:00","-","-","","-","-","","-","-",""
"14.12.2025 20:00 - 14.12.2025 21:00","-","-","","-","-","","-","-",""
"14.12.2025 21:00 - 14.12.2025 22:00","-","-","","-","-","","-","-",""
"14.12.2025 22:00 - 14.12.2025 23:00","-","-","","-","-","","-","-",""
"14.12.2025 23:00 - 15.12.2025 00:00","-","-","","-","-","","-","-",""
"15.12.2025 00:00 - 15.12.2025 01:00","-","-","","-","-","","-","-",""
"15.12.2025 01:00 - 15.12.2025 02:00","-","-","","-","-","","-","-",""
"15.12.2025 02:00 - 15.12.2025 03:00","-","-","","-","-","","-","-",""
"15.12.2025 03:00 - 15.12.2025 04:00","-","-","","-","-","","-","-",""
"15.12.2025 04:00 - 15.12.2025 05:00","-","-","","-","-","","-","-",""
"15.12.2025 05:00 - 15.12.2025 06:00","-","-","","-","-","","-","-",""
"15.12.2025 06:00 - 15.12.2025 07:00","-","-","","-","-","","-","-",""
"15.12.2025 07:00 - 15.12.2025 08:00","-","-","","-","-","","-","-",""
"15.12.2025 08:00 - 15.12.2025 09:00","-","-","","-","-","","-","-",""
"15.12.2025 09:00 - 15.12.2025 10:00","-","-","","-","-","","-","-",""
"15.12.2025 10:00 - 15.12.2025 11:00","-","-","","-","-","","-","-",""
"15.12.2025 11:00 - 15.12.2025 12:00","-","-","","-","-","","-","-",""
"15.12.2025 12:00 - 15.12.2025 13:00","-","-","","-","-","","-","-",""
"15.12.2025 13:00 - 15.12.2025 14:00","-","-","","-","-","","-","-",""
"15.12.2025 14:00 - 15.12.2025 15:00","-","-","","-","-","","-","-",""
"15.12.2025 15:00 - 15.12.2025 16:00","-","-","","-","-","","-","-",""
"15.12.2025 16:00 - 15.12.2025 17:00","-","-","","-","-","","-","-",""
"15.12.2025 17:00 - 15.12.2025 18:00","-","-","","-","-","","-","-",""
"15.12.2025 18:00 - 15.12.2025 19:00","-","-","","-","-","","-","-",""
"15.12.2025 19:00 - 15.12.2025 20:00","-","-","","-","-","","-","-",""
"15.12.2025 20:00 - 15.12.2025 21:00","-","-","","-","-","","-","-",""
"15.12.2025 21:00 - 15.12.2025 22:00","-","-","","-","-","","-","-",""
"15.12.2025 22:00 - 15.12.2025 23:00","-","-","","-","-","","-","-",""
"15.12.2025 23:00 - 16.12.2025 00:00","-","-","","-","-","","-","-",""
"16.12.2025 00:00 - 16.12.2025 01:00","-","-","","-","-","","-","-",""
"16.12.2025 01:00 - 16.12.2025 02:00","-","-","","-","-","","-","-",""
"16.12.2025 02:00 - 16.12.2025 03:00","-","-","","-","-","","-","-",""
"16.12.2025 03:00 - 16.12.2025 04:00","-","-","","-","-","","-","-",""
"16.12.2025 04:00 - 16.12.2025 05:00","-","-","","-","-","","-","-",""
"16.12.2025 05:00 - 16.12.2025 06:00","-","-","","-","-","","-","-",""
"16.12.2025 06:00 - 16.12.2025 07:00","-","-","","-","-","","-","-",""
"16.12.2025 07:00 - 16.12.2025 08:00","-","-","","-","-","","-","-",""
"16.12.2025 08:00 - 16.12.2025 09:00","-","-","","-","-","","-","-",""
"16.12.2025 09:00 - 16.12.2025 10:00","-","-","","-","-","","-","-",""
"16.12.2025 10:00 - 16.12.2025 11:00","-","-","","-","-","","-","-",""
"16.12.2025 11:00 - 16.12.2025 12:00","-","-","","-","-","","-","-",""
"16.12.2025 12:00 - 16.12.2025 13:00","-","-","","-","-","","-","-",""
"16.12.2025 13:00 - 16.12.2025 14:00","-","-","","-","-","","-","-",""
"16.12.2025 14:00 - 16.12.2025 15:00","-","-","","-","-","","-","-",""
"16.12.2025 15:00 - 16.12.2025 16:00","-","-","","-","-","","-","-",""
"16.12.2025 16:00 - 16.12.2025 17:00","-","-","","-","-","","-","-",""
"16.12.2025 17:00 - 16.12.2025 18:00","-","-","","-","-","","-","-",""
"16.12.2025 18:00 - 16.12.2025 19:00","-","-","","-","-","","-","-",""
"16.12.2025 19:00 - 16.12.2025 20:00","-","-","","-","-","","-","-",""
"16.12.2025 20:00 - 16.12.2025 21:00","-","-","","-","-","","-","-",""
"16.12.2025 21:00 - 16.12.2025 22:00","-","-","","-","-","","-","-",""
"16.12.2025 22:00 - 16.12.2025 23:00","-","-","","-","-","","-","-",""
"16.12.2025 23:00 - 17.12.2025 00:00","-","-","","-","-","","-","-",""
"17.12.2025 00:00 - 17.12.2025 01:00","-","-","","-","-","","-","-",""
"17.12.2025 01:00 - 17.12.2025 02:00","-","-","","-","-","","-","-",""
"17.12.2025 02:00 - 17.12.2025 03:00","-","-","","-","-","","-","-",""
"17.12.2025 03:00 - 17.12.2025 04:00","-","-","","-","-","","-","-",""
"17.12.2025 04:00 - 17.12.2025 05:00","-","-","","-","-","","-","-",""
"17.12.2025 05:00 - 17.12.2025 06:00","-","-","","-","-","","-","-",""
"17.12.2025 06:00 - 17.12.2025 07:00","-","-","","-","-","","-","-",""
"17.12.2025 07:00 - 17.12.2025 08:00","-","-","","-","-","","-","-",""
"17.12.2025 08:00 - 17.12.2025 09:00","-","-","","-","-","","-","-",""
"17.12.2025 09:00 - 17.12.2025 10:00","-","-","","-","-","","-","-",""
"17.12.2025 10:00 - 17.12.2025 11:00","-","-","","-","-","","-","-",""
"17.12.2025 11:00 - 17.12.2025 12:00","-","-","","-","-","","-","-",""
"17.12.2025 12:00 - 17.12.2025 13:00","-","-","","-","-","","-","-",""
"17.12.2025 13:00 - 17.12.2025 14:00","-","-","","-","-","","-","-",""
"17.12.2025 14:00 - 17.12.2025 15:00","-","-","","-","-","","-","-",""
"17.12.2025 15:00 - 17.12.2025 16:00","-","-","","-","-","","-","-",""
"17.12.2025 16:00 - 17.12.2025 17:00","-","-","","-","-","","-","-",""
"17.12.2025 17:00 - 17.12.2025 18:00","-","-","","-","-","","-","-",""
"17.12.2025 18:00 - 17.12.2025 19:00","-","-","","-","-","","-","-",""
"17.12.2025 19:00 - 17.12.2025 20:00","-","-","","-","-","","-","-",""
"17.12.2025 20:00 - 17.12.2025 21:00","-","-","","-","-","","-","-",""
"17.12.2025 21:00 - 17.12.2025 22:00","-","-","","-","-","","-","-",""
"17.12.2025 22:00 - 17.12.2025 23:00","-","-","","-","-","","-","-",""
"17.12.2025 23:00 - 18.12.2025 00:00","-","-","","-","-","","-","-",""
"18.12.2025 00:00 - 18.12.2025 01:00","-","-","","-","-","","-","-",""
"18.12.2025 01:00 - 18.12.2025 02:00","-","-","","-","-","","-","-",""
"18.12.2025 02:00 - 18.12.2025 03:00","-","-","","-","-","","-","-",""
"18.12.2025 03:00 - 18.12.2025 04:00","-","-","","-","-","","-","-",""
"18.12.2025 04:00 - 18.12.2025 05:00","-","-","","-","-","","-","-",""
"18.12.2025 05:00 - 18.12.2025 06:00","-","-","","-","-","","-","-",""
"18.12.2025 06:00 - 18.12.2025 07:00","-","-","","-","-","","-","-",""
"18.12.2025 07:00 - 18.12.2025 08:00","-","-","","-","-","","-","-",""
"18.12.2025 08:00 - 18.12.2025 09:00","-","-","","-","-","","-","-",""
"18.12.2025 09:00 - 18.12.2025 10:00","-","-","","-","-","","-","-",""
"18.12.2025 10:00 - 18.12.2025 11:00","-","-","","-","-","","-","-",""
"18.12.2025 11:00 - 18.12.2025 12:00","-","-","","-","-","","-","-",""
"18.12.2025 12:00 - 18.12.2025 13:00","-","-","","-","-","","-","-",""
"18.12.2025 13:00 - 18.12.2025 14:00","-","-","","-","-","","-","-",""
"18.12.2025 14:00 - 18.12.2025 15:00","-","-","","-","-","","-","-",""
"18.12.2025 15:00 - 18.12.2025 16:00","-","-","","-","-","","-","-",""
"18.12.2025 16:00 - 18.12.2025 17:00","-","-","","-","-","","-","-",""
"18.12.2025 17:00 - 18.12.2025 18:00","-","-","","-","-","","-","-",""
"18.12.2025 18:00 - 18.12.2025 19:00","-","-","","-","-","","-","-",""
"18.12.2025 19:00 - 18.12.2025 20:00","-","-","","-","-","","-","-",""
"18.12.2025 20:00 - 18.12.2025 21:00","-","-","","-","-","","-","-",""
"18.12.2025 21:00 - 18.12.2025 22:00","-","-","","-","-","","-","-",""
"18.12.2025 22:00 - 18.12.2025 23:00","-","-","","-","-","","-","-",""
"18.12.2025 23:00 - 19.12.2025 00:00","-","-","","-","-","","-","-",""
"19.12.2025 00:00 - 19.12.2025 01:00","-","-","","-","-","","-","-",""
"19.12.2025 01:00 - 19.12.2025 02:00","-","-","","-","-","","-","-",""
"19.12.2025 02:00 - 19.12.2025 03:00","-","-","","-","-","","-","-",""
"19.12.2025 03:00 - 19.12.2025 04:00","-","-","","-","-","","-","-",""
"19.12.2025 04:00 - 19.12.2025 05:00","-","-","","-","-","","-","-",""
"19.12.2025 05:00 - 19.12.2025 06:00","-","-","","-","-","","-","-",""
"19.12.2025 06:00 - 19.12.2025 07:00","-","-","","-","-","","-","-",""
"19.12.2025 07:00 - 19.12.2025 08:00","-","-","","-","-","","-","-",""
"19.12.2025 08:00 - 19.12.2025 09:00","-","-","","-","-","","-","-",""
"19.12.2025 09:00 - 19.12.2025 10:00","-","-","","-","-","","-","-",""
"19.12.2025 10:00 - 19.12.2025 11:00","-","-","","-","-","","-","-",""
"19.12.2025 11:00 - 19.12.2025 12:00","-","-","","-","-","","-","-",""
"19.12.2025 12:00 - 19.12.2025 13:00","-","-","","-","-","","-","-",""
"19.12.2025 13:00 - 19.12.2025 14:00","-","-","","-","-","","-","-",""
"19.12.2025 14:00 - 19.12.2025 15:00","-","-","","-","-","","-","-",""
"19.12.2025 15:00 - 19.12.2025 16:00","-","-","","-","-","","-","-",""
"19.12.2025 16:00 - 19.12.2025 17:00","-","-","","-","-","","-","-",""
"19.12.2025 17:00 - 19.12.2025 18:00","-","-","","-","-","","-","-",""
"19.12.2025 18:00 - 19.12.2025 19:00","-","-","","-","-","","-","-",""
"19.12.2025 19:00 - 19.12.2025 20:00","-","-","","-","-","","-","-",""
"19.12.2025 20:00 - 19.12.2025 21:00","-","-","","-","-","","-","-",""
"19.12.2025 21:00 - 19.12.2025 22:00","-","-","","-","-","","-","-",""
"19.12.2025 22:00 - 19.12.2025 23:00","-","-","","-","-","","-","-",""
"19.12.2025 23:00 - 20.12.2025 00:00","-","-","","-","-","","-","-",""
"20.12.2025 00:00 - 20.12.2025 01:00","-","-","","-","-","","-","-",""
"20.12.2025 01:00 - 20.12.2025 02:00","-","-","","-","-","","-","-",""
"20.12.2025 02:00 - 20.12.2025 03:00","-","-","","-","-","","-","-",""
"20.12.2025 03:00 - 20.12.2025 04:00","-","-","","-","-","","-","-",""
"20.12.2025 04:00 - 20.12.2025 05:00","-","-","","-","-","","-","-",""
"20.12.2025 05:00 - 20.12.2025 06:00","-","-","","-","-","","-","-",""
"20.12.2025 06:00 - 20.12.2025 07:00","-","-","","-","-","","-","-",""
"20.12.2025 07:00 - 20.12.2025 08:00","-","-","","-","-","","-","-",""
"20.12.2025 08:00 - 20.12.2025 09:00","-","-","","-","-","","-","-",""
"20.12.2025 09:00 - 20.12.2025 10:00","-","-","","-","-","","-","-",""
"20.12.2025 10:00 - 20.12.2025 11:00","-","-","","-","-","","-","-",""
"20.12.2025 11:00 - 20.12.2025 12:00","-","-","","-","-","","-","-",""
"20.12.2025 12:00 - 20.12.2025 13:00","-","-","","-","-","","-","-",""
"20.12.2025 13:00 - 20.12.2025 14:00","-","-","","-","-","","-","-",""
"20.12.2025 14:00 - 20.12.2025 15:00","-","-","","-","-","","-","-",""
"20.12.2025 15:00 - 20.12.2025 16:00","-","-","","-","-","","-","-",""
"20.12.2025 16:00 - 20.12.2025 17:00","-","-","","-","-","","-","-",""
"20.12.2025 17:00 - 20.12.2025 18:00","-","-","","-","-","","-","-",""
"20.12.2025 18:00 - 20.12.2025 19:00","-","-","","-","-","","-","-",""
"20.12.2025 19:00 - 20.12.2025 20:00","-","-","","-","-","","-","-",""
"20.12.2025 20:00 - 20.12.2025 21:00","-","-","","-","-","","-","-",""
"20.12.2025 21:00 - 20.12.2025 22:00","-","-","","-","-","","-","-",""
"20.12.2025 22:00 - 20.12.2025 23:00","-","-","","-","-","","-","-",""
"20.12.2025 23:00 - 21.12.2025 00:00","-","-","","-","-","","-","-",""
"21.12.2025 00:00 - 21.12.2025 01:00","-","-","","-","-","","-","-",""
"21.12.2025 01:00 - 21.12.2025 02:00","-","-","","-","-","","-","-",""
"21.12.2025 02:00 - 21.12.2025 03:00","-","-","","-","-","","-","-",""
"21.12.2025 03:00 - 21.12.2025 04:00","-","-","","-","-","","-","-",""
"21.12.2025 04:00 - 21.12.2025 05:00","-","-","","-","-","","-","-",""
"21.12.2025 05:00 - 21.12.2025 06:00","-","-","","-","-","","-","-",""
"21.12.2025 06:00 - 21.12.2025 07:00","-","-","","-","-","","-","-",""
"21.12.2025 07:00 - 21.12.2025 08:00","-","-","","-","-","","-","-",""
"21.12.2025 08:00 - 21.12.2025 09:00","-","-","","-","-","","-","-",""
"21.12.2025 09:00 - 21.12.2025 10:00","-","-","","-","-","","-","-",""
"21.12.2025 10:00 - 21.12.2025 11:00","-","-","","-","-","","-","-",""
"21.12.2025 11:00 - 21.12.2025 12:00","-","-","","-","-","","-","-",""
"21.12.2025 12:00 - 21.12.2025 13:00","-","-","","-","-","","-","-",""
"21.12.2025 13:00 - 21.12.2025 14:00","-","-","","-","-","","-","-",""
"21.12.2025 14:00 - 21.12.2025 15:00","-","-","","-","-","","-","-",""
"21.12.2025 15:00 - 21.12.2025 16:00","-","-","","-","-","","-","-",""
"21.12.2025 16:00 - 21.12.2025 17:00","-","-","","-","-","","-","-",""
"21.12.2025 17:00 - 21.12.2025 18:00","-","-","","-","-","","-","-",""
"21.12.2025 18:00 - 21.12.2025 19:00","-","-","","-","-","","-","-",""
"21.12.2025 19:00 - 21.12.2025 20:00","-","-","","-","-","","-","-",""
"21.12.2025 20:00 - 21.12.2025 21:00","-","-","","-","-","","-","-",""
"21.12.2025 21:00 - 21.12.2025 22:00","-","-","","-","-","","-","-",""
"21.12.2025 22:00 - 21.12.2025 23:00","-","-","","-","-","","-","-",""
"21.12.2025 23:00 - 22.12.2025 00:00","-","-","","-","-","","-","-",""
"22.12.2025 00:00 - 22.12.2025 01:00","-","-","","-","-","","-","-",""
"22.12.2025 01:00 - 22.12.2025 02:00","-","-","","-","-","","-","-",""
"22.12.2025 02:00 - 22.12.2025 03:00","-","-","","-","-","","-","-",""
"22.12.2025 03:00 - 22.12.2025 04:00","-","-","","-","-","","-","-",""
"22.12.2025 04:00 - 22.12.2025 05:00","-","-","","-","-","","-","-",""
"22.12.2025 05:00 - 22.12.2025 06:00","-","-","","-","-","","-","-",""
"22.12.2025 06:00 - 22.12.2025 07:00","-","-","","-","-","","-","-",""
"22.12.2025 07:00 - 22.12.2025 08:00","-","-","","-","-","","-","-",""
"22.12.2025 08:00 - 22.12.2025 09:00","-","-","","-","-","","-","-",""
"22.12.2025 09:00 - 22.12.2025 10:00","-","-","","-","-","","-","-",""
"22.12.2025 10:00 - 22.12.2025 11:00","-","-","","-","-","","-","-",""
"22.12.2025 11:00 - 22.12.2025 12:00","-","-","","-","-","","-","-",""
"22.12.2025 12:00 - 22.12.2025 13:00","-","-","","-","-","","-","-",""
"22.12.2025 13:00 - 22.12.2025 14:00","-","-","","-","-","","-","-",""
"22.12.2025 14:00 - 22.12.2025 15:00","-","-","","-","-","","-","-",""
"22.12.2025 15:00 - 22.12.2025 16:00","-","-","","-","-","","-","-",""
"22.12.2025 16:00 - 22.12.2025 17:00","-","-","","-","-","","-","-",""
"22.12.2025 17:00 - 22.12.2025 18:00","-","-","","-","-","","-","-",""
"22.12.2025 18:00 - 22.12.2025 19:00","-","-","","-","-","","-","-",""
"22.12.2025 19:00 - 22.12.2025 20:00","-","-","","-","-","","-","-",""
"22.12.2025 20:00 - 22.12.2025 21:00","-","-","","-","-","","-","-",""
"22.12.2025 21:00 - 22.12.2025 22:00","-","-","","-","-","","-","-",""
"22.12.2025 22:00 - 22.12.2025 23:00","-","-","","-","-","","-","-",""
"22.12.2025 23:00 - 23.12.2025 00:00","-","-","","-","-","","-","-",""
"23.12.2025 00:00 - 23.12.2025 01:00","-","-","","-","-","","-","-",""
"23.12.2025 01:00 - 23.12.2025 02:00","-","-","","-","-","","-","-",""
"23.12.2025 02:00 - 23.12.2025 03:00","-","-","","-","-","","-","-",""
"23.12.2025 03:00 - 23.12.2025 04:00","-","-","","-","-","","-","-",""
"23.12.2025 04:00 - 23.12.2025 05:00","-","-","","-","-","","-","-",""
"23.12.2025 05:00 - 23.12.2025 06:00","-","-","","-","-","","-","-",""
"23.12.2025 06:00 - 23.12.2025 07:00","-","-","","-","-","","-","-",""
"23.12.2025 07:00 - 23.12.2025 08:00","-","-","","-","-","","-","-",""
"23.12.2025 08:00 - 23.12.2025 09:00","-","-","","-","-","","-","-",""
"23.12.2025 09:00 - 23.12.2025 10:00","-","-","","-","-","","-","-",""
"23.12.2025 10:00 - 23.12.2025 11:00","-","-","","-","-","","-","-",""
"23.12.2025 11:00 - 23.12.2025 12:00","-","-","","-","-","","-","-",""
"23.12.2025 12:00 - 23.12.2025 13:00","-","-","","-","-","","-","-",""
"23.12.2025 13:00 - 23.12.2025 14:00","-","-","","-","-","","-","-",""
"23.12.2025 14:00 - 23.12.2025 15:00","-","-","","-","-","","-","-",""
"23.12.2025 15:00 - 23.12.2025 16:00","-","-","","-","-","","-","-",""
"23.12.2025 16:00 - 23.12.2025 17:00","-","-","","-","-","","-","-",""
"23.12.2025 17:00 - 23.12.2025 18:00","-","-","","-","-","","-","-",""
"23.12.2025 18:00 - 23.12.2025 19:00","-","-","","-","-","","-","-",""
"23.12.2025 19:00 - 23.12.2025 20:00","-","-","","-","-","","-","-",""
"23.12.2025 20:00 - 23.12.2025 21:00","-","-","","-","-","","-","-",""
"23.12.2025 21:00 - 23.12.2025 22:00","-","-","","-","-","","-","-",""
"23.12.2025 22:00 - 23.12.2025 23:00","-","-","","-","-","","-","-",""
"23.12.2025 23:00 - 24.12.2025 00:00","-","-","","-","-","","-","-",""
"24.12.2025 00:00 - 24.12.2025 01:00","-","-","","-","-","","-","-",""
"24.12.2025 01:00 - 24.12.2025 02:00","-","-","","-","-","","-","-",""
"24.12.2025 02:00 - 24.12.2025 03:00","-","-","","-","-","","-","-",""
"24.12.2025 03:00 - 24.12.2025 04:00","-","-","","-","-","","-","-",""
"24.12.2025 04:00 - 24.12.2025 05:00","-","-","","-","-","","-","-",""
"24.12.2025 05:00 - 24.12.2025 06:00","-","-","","-","-","","-","-",""
"24.12.2025 06:00 - 24.12.2025 07:00","-","-","","-","-","","-","-",""
"24.12.2025 07:00 - 24.12.2025 08:00","-","-","","-","-","","-","-",""
"24.12.2025 08:00 - 24.12.2025 09:00","-","-","","-","-","","-","-",""
"24.12.2025 09:00 - 24.12.2025 10:00","-","-","","-","-","","-","-",""
"24.12.2025 10:00 - 24.12.2025 11:00","-","-","","-","-","","-","-",""
"24.12.2025 11:00 - 24.12.2025 12:00","-","-","","-","-","","-","-",""
"24.12.2025 12:00 - 24.12.2025 13:00","-","-","","-","-","","-","-",""
"24.12.2025 13:00 - 24.12.2025 14:00","-","-","","-","-","","-","-",""
"24.12.2025 14:00 - 24.12.2025 15:00","-","-","","-","-","","-","-",""
"24.12.2025 15:00 - 24.12.2025 16:00","-","-","","-","-","","-","-",""
"24.12.2025 16:00 - 24.12.2025 17:00","-","-","","-","-","","-","-",""
"24.12.2025 17:00 - 24.12.2025 18:00","-","-","","-","-","","-","-",""
"24.12.2025 18:00 - 24.12.2025 19:00","-","-","","-","-","","-","-",""
"24.12.2025 19:00 - 24.12.2025 20:00","-","-","","-","-","","-","-",""
"24.12.2025 20:00 - 24.12.2025 21:00","-","-","","-","-","","-","-",""
"24.12.2025 21:00 - 24.12.2025 22:00","-","-","","-","-","","-","-",""
"24.12.2025 22:00 - 24.12.2025 23:00","-","-","","-","-","","-","-",""
"24.12.2025 23:00 - 25.12.2025 00:00","-","-","","-","-","","-","-",""
"25.12.2025 00:00 - 25.12.2025 01:00","-","-","","-","-","","-","-",""
"25.12.2025 01:00 - 25.12.2025 02:00","-","-","","-","-","","-","-",""
"25.12.2025 02:00 - 25.12.2025 03:00","-","-","","-","-","","-","-",""
"25.12.2025 03:00 - 25.12.2025 04:00","-","-","","-","-","","-","-",""
"25.12.2025 04:00 - 25.12.2025 05:00","-","-","","-","-","","-","-",""
"25.12.2025 05:00 - 25.12.2025 06:00","-","-","","-","-","","-","-",""
"25.12.2025 06:00 - 25.12.2025 07:00","-","-","","-","-","","-","-",""
"25.12.2025 07:00 - 25.12.2025 08:00","-","-","","-","-","","-","-",""
"25.12.2025 08:00 - 25.12.2025 09:00","-","-","","-","-","","-","-",""
"25.12.2025 09:00 - 25.12.2025 10:00","-","-","","-","-","","-","-",""
"25.12.2025 10:00 - 25.12.2025 11:00","-","-","","-","-","","-","-",""
"25.12.2025 11:00 - 25.12.2025 12:00","-","-","","-","-","","-","-",""
"25.12.2025 12:00 - 25.12.2025 13:00","-","-","","-","-","","-","-",""
"25.12.2025 13:00 - 25.12.2025 14:00","-","-","","-","-","","-","-",""
"25.12.2025 14:00 - 25.12.2025 15:00","-","-","","-","-","","-","-",""
"25.12.2025 15:00 - 25.12.2025 16:00","-","-","","-","-","","-","-",""
"25.12.2025 16:00 - 25.12.2025 17:00","-","-","","-","-","","-","-",""
"25.12.2025 17:00 - 25.12.2025 18:00","-","-","","-","-","","-","-",""
"25.12.2025 18:00 - 25.12.2025 19:00","-","-","","-","-","","-","-",""
"25.12.2025 19:00 - 25.12.2025 20:00","-","-","","-","-","","-","-",""
"25.12.2025 20:00 - 25.12.2025 21:00","-","-","","-","-","","-","-",""
"25.12.2025 21:00 - 25.12.2025 22:00","-","-","","-","-","","-","-",""
"25.12.2025 22:00 - 25.12.2025 23:00","-","-","","-","-","","-","-",""
"25.12.2025 23:00 - 26.12.2025 00:00","-","-","","-","-","","-","-",""
"26.12.2025 00:00 - 26.12.2025 01:00","-","-","","-","-","","-","-",""
"26.12.2025 01:00 - 26.12.2025 02:00","-","-","","-","-","","-","-",""
"26.12.2025 02:00 - 26.12.2025 03:00","-","-","","-","-","","-","-",""
"26.12.2025 03:00 - 26.12.2025 04:00","-","-","","-","-","","-","-",""
"26.12.2025 04:00 - 26.12.2025 05:00","-","-","","-","-","","-","-",""
"26.12.2025 05:00 - 26.12.2025 06:00","-","-","","-","-","","-","-",""
"26.12.2025 06:00 - 26.12.2025 07:00","-","-","","-","-","","-","-",""
"26.12.2025 07:00 - 26.12.2025 08:00","-","-","","-","-","","-","-",""
"26.12.2025 08:00 - 26.12.2025 09:00","-","-","","-","-","","-","-",""
"26.12.2025 09:00 - 26.12.2025 10:00","-","-","","-","-","","-","-",""
"26.12.2025 10:00 - 26.12.2025 11:00","-","-","","-","-","","-","-",""
"26.12.2025 11:00 - 26.12.2025 12:00","-","-","","-","-","","-","-",""
"26.12.2025 12:00 - 26.12.2025 13:00","-","-","","-","-","","-","-",""
"26.12.2025 13:00 - 26.12.2025 14:00","-","-","","-","-","","-","-",""
"26.12.2025 14:00 - 26.12.2025 15:00","-","-","","-","-","","-","-",""
"26.12.2025 15:00 - 26.12.2025 16:00","-","-","","-","-","","-","-",""
"26.12.2025 16:00 - 26.12.2025 17:00","-","-","","-","-","","-","-",""
"26.12.2025 17:00 - 26.12.2025 18:00","-","-","","-","-","","-","-",""
"26.12.2025 18:00 - 26.12.2025 19:00","-","-","","-","-","","-","-",""
"26.12.2025 19:00 - 26.12.2025 20:00","-","-","","-","-","","-","-",""
"26.12.2025 20:00 - 26.12.2025 21:00","-","-","","-","-","","-","-",""
"26.12.2025 21:00 - 26.12.2025 22:00","-","-","","-","-","","-","-",""
"26.12.2025 22:00 - 26.12.2025 23:00","-","-","","-","-","","-","-",""
"26.12.2025 23:00 - 27.12.2025 00:00","-","-","","-","-","","-","-",""
"27.12.2025 00:00 - 27.12.2025 01:00","-","-","","-","-","","-","-",""
"27.12.2025 01:00 - 27.12.2025 02:00","-","-","","-","-","","-","-",""
"27.12.2025 02:00 - 27.12.2025 03:00","-","-","","-","-","","-","-",""
"27.12.2025 03:00 - 27.12.2025 04:00","-","-","","-","-","","-","-",""
"27.12.2025 04:00 - 27.12.2025 05:00","-","-","","-","-","","-","-",""
"27.12.2025 05:00 - 27.12.2025 06:00","-","-","","-","-","","-","-",""
"27.12.2025 06:00 - 27.12.2025 07:00","-","-","","-","-","","-","-",""
"27.12.2025 07:00 - 27.12.2025 08:00","-","-","","-","-","","-","-",""
"27.12.2025 08:00 - 27.12.2025 09:00","-","-","","-","-","","-","-",""
"27.12.2025 09:00 - 27.12.2025 10:00","-","-","","-","-","","-","-",""
"27.12.2025 10:00 - 27.12.2025 11:00","-","-","","-","-","","-","-",""
"27.12.2025 11:00 - 27.12.2025 12:00","-","-","","-","-","","-","-",""
"27.12.2025 12:00 - 27.12.2025 13:00","-","-","","-","-","","-","-",""
"27.12.2025 13:00 - 27.12.2025 14:00","-","-","","-","-","","-","-",""
"27.12.2025 14:00 - 27.12.2025 15:00","-","-","","-","-","","-","-",""
"27.12.2025 15:00 - 27.12.2025 16:00","-","-","","-","-","","-","-",""
"27.12.2025 16:00 - 27.12.2025 17:00","-","-","","-","-","","-","-",""
"27.12.2025 17:00 - 27.12.2025 18:00","-","-","","-","-","","-","-",""
"27.12.2025 18:00 - 27.12.2025 19:00","-","-","","-","-","","-","-",""
"27.12.2025 19:00 - 27.12.2025 20:00","-","-","","-","-","","-","-",""
"27.12.2025 20:00 - 27.12.2025 21:00","-","-","","-","-","","-","-",""
"27.12.2025 21:00 - 27.12.2025 22:00","-","-","","-","-","","-","-",""
"27.12.2025 22:00 - 27.12.2025 23:00","-","-","","-","-","","-","-",""
"27.12.2025 23:00 - 28.12.2025 00:00","-","-","","-","-","","-","-",""
"28.12.2025 00:00 - 28.12.2025 01:00","-","-","","-","-","","-","-",""
"28.12.2025 01:00 - 28.12.2025 02:00","-","-","","-","-","","-","-",""
"28.12.2025 02:00 - 28.12.2025 03:00","-","-","","-","-","","-","-",""
"28.12.2025 03:00 - 28.12.2025 04:00","-","-","","-","-","","-","-",""
"28.12.2025 04:00 - 28.12.2025 05:00","-","-","","-","-","","-","-",""
"28.12.2025 05:00 - 28.12.2025 06:00","-","-","","-","-","","-","-",""
"28.12.2025 06:00 - 28.12.2025 07:00","-","-","","-","-","","-","-",""
"28.12.2025 07:00 - 28.12.2025 08:00","-","-","","-","-","","-","-",""
"28.12.2025 08:00 - 28.12.2025 09:00","-","-","","-","-","","-","-",""
"28.12.2025 09:00 - 28.12.2025 10:00","-","-","","-","-","","-","-",""
"28.12.2025 10:00 - 28.12.2025 11:00","-","-","","-","-","","-","-",""
"28.12.2025 11:00 - 28.12.2025 12:00","-","-","","-","-","","-","-",""
"28.12.2025 12:00 - 28.12.2025 13:00","-","-","","-","-","","-","-",""
"28.12.2025 13:00 - 28.12.2025 14:00","-","-","","-","-","","-","-",""
"28.12.2025 14:00 - 28.12.2025 15:00","-","-","","-","-","","-","-",""
"28.12.2025 15:00 - 28.12.2025 16:00","-","-","","-","-","","-","-",""
"28.12.2025 16:00 - 28.12.2025 17:00","-","-","","-","-","","-","-",""
"28.12.2025 17:00 - 28.12.2025 18:00","-","-","","-","-","","-","-",""
"28.12.2025 18:00 - 28.12.2025 19:00","-","-","","-","-","","-","-",""
"28.12.2025 19:00 - 28.12.2025 20:00","-","-","","-","-","","-","-",""
"28.12.2025 20:00 - 28.12.2025 21:00","-","-","","-","-","","-","-",""
"28.12.2025 21:00 - 28.12.2025 22:00","-","-","","-","-","","-","-",""
"28.12.2025 22:00 - 28.12.2025 23:00","-","-","","-","-","","-","-",""
"28.12.2025 23:00 - 29.12.2025 00:00","-","-","","-","-","","-","-",""
"29.12.2025 00:00 - 29.12.2025 01:00","-","-","","-","-","","-","-",""
"29.12.2025 01:00 - 29.12.2025 02:00","-","-","","-","-","","-","-",""
"29.12.2025 02:00 - 29.12.2025 03:00","-","-","","-","-","","-","-",""
"29.12.2025 03:00 - 29.12.2025 04:00","-","-","","-","-","","-","-",""
"29.12.2025 04:00 - 29.12.2025 05:00","-","-","","-","-","","-","-",""
"29.12.2025 05:00 - 29.12.2025 06:00","-","-","","-","-","","-","-",""
"29.12.2025 06:00 - 29.12.2025 07:00","-","-","","-","-","","-","-",""
"29.12.2025 07:00 - 29.12.2025 08:00","-","-","","-","-","","-","-",""
"29.12.2025 08:00 - 29.12.2025 09:00","-","-","","-","-","","-","-",""
"29.12.2025 09:00 - 29.12.2025 10:00","-","-","","-","-","","-","-",""
"29.12.2025 10:00 - 29.12.2025 11:00","-","-","","-","-","","-","-",""
"29.12.2025 11:00 - 29.12.2025 12:00","-","-","","-","-","","-","-",""
"29.12.2025 12:00 - 29.12.2025 13:00","-","-","","-","-","","-","-",""
"29.12.2025 13:00 - 29.12.2025 14:00","-","-","","-","-","","-","-",""
"29.12.2025 14:00 - 29.12.2025 15:00","-","-","","-","-","","-","-",""
"29.12.2025 15:00 - 29.12.2025 16:00","-","-","","-","-","","-","-",""
"29.12.2025 16:00 - 29.12.2025 17:00","-","-","","-","-","","-","-",""
"29.12.2025 17:00 - 29.12.2025 18:00","-","-","","-","-","","-","-",""
"29.12.2025 18:00 - 29.12.2025 19:00","-","-","","-","-","","-","-",""
"29.12.2025 19:00 - 29.12.2025 20:00","-","-","","-","-","","-","-",""
"29.12.2025 20:00 - 29.12.2025 21:00","-","-","","-","-","","-","-",""
"29.12.2025 21:00 - 29.12.2025 22:00","-","-","","-","-","","-","-",""
"29.12.2025 22:00 - 29.12.2025 23:00","-","-","","-","-","","-","-",""
"29.12.2025 23:00 - 30.12.2025 00:00","-","-","","-","-","","-","-",""
"30.12.2025 00:00 - 30.12.2025 01:00","-","-","","-","-","","-","-",""
"30.12.2025 01:00 - 30.12.2025 02:00","-","-","","-","-","","-","-",""
"30.12.2025 02:00 - 30.12.2025 03:00","-","-","","-","-","","-","-",""
"30.12.2025 03:00 - 30.12.2025 04:00","-","-","","-","-","","-","-",""
"30.12.2025 04:00 - 30.12.2025 05:00","-","-","","-","-","","-","-",""
"30.12.2025 05:00 - 30.12.2025 06:00","-","-","","-","-","","-","-",""
"30.12.2025 06:00 - 30.12.2025 07:00","-","-","","-","-","","-","-",""
"30.12.2025 07:00 - 30.12.2025 08:00","-","-","","-","-","","-","-",""
"30.12.2025 08:00 - 30.12.2025 09:00","-","-","","-","-","","-","-",""
"30.12.2025 09:00 - 30.12.2025 10:00","-","-","","-","-","","-","-",""
"30.12.2025 10:00 - 30.12.2025 11:00","-","-","","-","-","","-","-",""
"30.12.2025 11:00 - 30.12.2025 12:00","-","-","","-","-","","-","-",""
"30.12.2025 12:00 - 30.12.2025 13:00","-","-","","-","-","","-","-",""
"30.12.2025 13:00 - 30.12.2025 14:00","-","-","","-","-","","-","-",""
"30.12.2025 14:00 - 30.12.2025 15:00","-","-","","-","-","","-","-",""
"30.12.2025 15:00 - 30.12.2025 16:00","-","-","","-","-","","-","-",""
"30.12.2025 16:00 - 30.12.2025 17:00","-","-","","-","-","","-","-",""
"30.12.2025 17:00 - 30.12.2025 18:00","-","-","","-","-","","-","-",""
"30.12.2025 18:00 - 30.12.2025 19:00","-","-","","-","-","","-","-",""
"30.12.2025 19:00 - 30.12.2025 20:00","-","-","","-","-","","-","-",""
"30.12.2025 20:00 - 30.12.2025 21:00","-","-","","-","-","","-","-",""
"30.12.2025 21:00 - 30.12.2025 22:00","-","-","","-","-","","-","-",""
"30.12.2025 22:00 - 30.12.2025 23:00","-","-","","-","-","","-","-",""
"30.12.2025 23:00 - 31.12.2025 00:00","-","-","","-","-","","-","-",""
"31.12.2025 00:00 - 31.12.2025 01:00","-","-","","-","-","","-","-",""
"31.12.2025 01:00 - 31.12.2025 02:00","-","-","","-","-","","-","-",""
"31.12.2025 02:00 - 31.12.2025 03:00","-","-","","-","-","","-","-",""
"31.12.2025 03:00 - 31.12.2025 04:00","-","-","","-","-","","-","-",""
"31.12.2025 04:00 - 31.12.2025 05:00","-","-","","-","-","","-","-",""
"31.12.2025 05:00 - 31.12.2025 06:00","-","-","","-","-","","-","-",""
"31.12.2025 06:00 - 31.12.2025 07:00","-","-","","-","-","","-","-",""
"31.12.2025 07:00 - 31.12.2025 08:00","-","-","","-","-","","-","-",""
"31.12.2025 08:00 - 31.12.2025 09:00","-","-","","-","-","","-","-",""
"31.12.2025 09:00 - 31.12.2025 10:00","-","-","","-","-","","-","-",""
"31.12.2025 10:00 - 31.12.2025 11:00","-","-","","-","-","","-","-",""
"31.12.2025 11:00 - 31.12.2025 12:00","-","-","","-","-","","-","-",""
"31.12.2025 12:00 - 31.12.2025 13:00","-","-","","-","-","","-","-",""
"31.12.2025 13:00 - 31.12.2025 14:00","-","-","","-","-","","-","-",""
"31.12.2025 14:00 - 31.12.2025 15:00","-","-","","-","-","","-","-",""
"31.12.2025 15:00 - 31.12.2025 16:00","-","-","","-","-","","-","-",""
"31.12.2025 16:00 - 31.12.2025 17:00","-","-","","-","-","","-","-",""
"31.12.2025 17:00 - 31.12.2025 18:00","-","-","","-","-","","-","-",""
"31.12.2025 18:00 - 31.12.2025 19:00","-","-","","-","-","","-","-",""
"31.12.2025 19:00 - 31.12.2025 20:00","-","-","","-","-","","-","-",""
"31.12.2025 20:00 - 31.12.2025 21:00","-","-","","-","-","","-","-",""
"31.12.2025 21:00 - 31.12.2025 22:00","-","-","","-","-","","-","-",""
"31.12.2025 22:00 - 31.12.2025 23:00","-","-","","-","-","","-","-",""
"31.12.2025 23:00 - 01.01.2026 00:00","-","-","","-","-","","-","-",""
